<?xml version="1.0" encoding="UTF-8"?>
<gpx creator="StravaGPX" version="1.1" xmlns="http://www.topografix.com/GPX/1/1" xmlns:xsi="http://www.w3.org/2001/XMLSchema-instance" xsi:schemaLocation="http://www.topografix.com/GPX/1/1 http://www.topografix.com/GPX/1/1/gpx.xsd">
 <metadata>
  <name>Ronde Van Vlaanderen 2026</name>
  <author>
   <name>Kev Mayfield (Garforth Velo)</name>
   <link href="https://www.strava.com/athletes/8751805"/>
  </author>
  <copyright author="OpenStreetMap contributors">
   <year>2020</year>
   <license>https://www.openstreetmap.org/copyright</license>
  </copyright>
  <link href="https://www.strava.com/routes/3472179120478716098"/>
 </metadata>
 <trk>
  <name>Ronde Van Vlaanderen 2026</name>
  <link href="https://www.strava.com/routes/3472179120478716098"/>
  <type>cycling</type>
  <trkseg>
   <trkpt lat="50.84268" lon="3.6041900000000004">
    <ele>12.270000000000001</ele>
   </trkpt>
   <trkpt lat="50.84293" lon="3.6048700000000005">
    <ele>12.81</ele>
   </trkpt>
   <trkpt lat="50.84297" lon="3.6049">
    <ele>12.81</ele>
   </trkpt>
   <trkpt lat="50.843050000000005" lon="3.6048600000000004">
    <ele>12.96</ele>
   </trkpt>
   <trkpt lat="50.84315" lon="3.60475">
    <ele>13.1</ele>
   </trkpt>
   <trkpt lat="50.84344" lon="3.60449">
    <ele>13.4</ele>
   </trkpt>
   <trkpt lat="50.84373" lon="3.6052100000000005">
    <ele>13.200000000000001</ele>
   </trkpt>
   <trkpt lat="50.84375000000001" lon="3.6053300000000004">
    <ele>13.200000000000001</ele>
   </trkpt>
   <trkpt lat="50.84385" lon="3.6055400000000004">
    <ele>13.06</ele>
   </trkpt>
   <trkpt lat="50.844100000000005" lon="3.6059900000000003">
    <ele>12.180000000000001</ele>
   </trkpt>
   <trkpt lat="50.84453500131912" lon="3.6064949955578864">
    <ele>11.500000000000002</ele>
   </trkpt>
   <trkpt lat="50.84497" lon="3.607">
    <ele>11.8</ele>
   </trkpt>
   <trkpt lat="50.844860000000004" lon="3.60733">
    <ele>11.580000000000002</ele>
   </trkpt>
   <trkpt lat="50.84497" lon="3.6074100000000002">
    <ele>11.580000000000002</ele>
   </trkpt>
   <trkpt lat="50.84505000000001" lon="3.6075100000000004">
    <ele>11.580000000000002</ele>
   </trkpt>
   <trkpt lat="50.84529000341091" lon="3.6083999955195396">
    <ele>11.680000000000001</ele>
   </trkpt>
   <trkpt lat="50.845530000000004" lon="3.60929">
    <ele>11.44</ele>
   </trkpt>
   <trkpt lat="50.845600000000005" lon="3.61024">
    <ele>10.730000000000002</ele>
   </trkpt>
   <trkpt lat="50.845530000000004" lon="3.6106100000000003">
    <ele>10.730000000000002</ele>
   </trkpt>
   <trkpt lat="50.845330000000004" lon="3.6114900000000003">
    <ele>9.64</ele>
   </trkpt>
   <trkpt lat="50.8457250013876" lon="3.6120249956932633">
    <ele>9.44</ele>
   </trkpt>
   <trkpt lat="50.846120000000006" lon="3.61256">
    <ele>9.510000000000002</ele>
   </trkpt>
   <trkpt lat="50.846090000000004" lon="3.6126400000000003">
    <ele>10.0</ele>
   </trkpt>
   <trkpt lat="50.84654500152358" lon="3.61322999429265">
    <ele>9.75</ele>
   </trkpt>
   <trkpt lat="50.847" lon="3.6138200000000005">
    <ele>10.15</ele>
   </trkpt>
   <trkpt lat="50.847370000000005" lon="3.6143500000000004">
    <ele>9.83</ele>
   </trkpt>
   <trkpt lat="50.84808000275698" lon="3.6151549877344937">
    <ele>9.81</ele>
   </trkpt>
   <trkpt lat="50.84879" lon="3.6159600000000003">
    <ele>9.780000000000001</ele>
   </trkpt>
   <trkpt lat="50.84929" lon="3.6164600000000005">
    <ele>9.91</ele>
   </trkpt>
   <trkpt lat="50.84969500063305" lon="3.616779997376146">
    <ele>9.72</ele>
   </trkpt>
   <trkpt lat="50.850100000000005" lon="3.6171">
    <ele>9.850000000000001</ele>
   </trkpt>
   <trkpt lat="50.85059500121892" lon="3.61763999424006">
    <ele>9.73</ele>
   </trkpt>
   <trkpt lat="50.851090000000006" lon="3.61818">
    <ele>9.680000000000001</ele>
   </trkpt>
   <trkpt lat="50.85127000000001" lon="3.61851">
    <ele>9.66</ele>
   </trkpt>
   <trkpt lat="50.8515" lon="3.6192300000000004">
    <ele>9.930000000000001</ele>
   </trkpt>
   <trkpt lat="50.85172000000001" lon="3.6195600000000003">
    <ele>10.020000000000001</ele>
   </trkpt>
   <trkpt lat="50.8523366715565" lon="3.6203166466552683">
    <ele>10.09</ele>
   </trkpt>
   <trkpt lat="50.85295333822064" lon="3.6210733133184547">
    <ele>10.08</ele>
   </trkpt>
   <trkpt lat="50.853570000000005" lon="3.62183">
    <ele>10.030000000000001</ele>
   </trkpt>
   <trkpt lat="50.85409333573941" lon="3.6223633213393955">
    <ele>9.64</ele>
   </trkpt>
   <trkpt lat="50.854616669048276" lon="3.6228966546476107">
    <ele>9.46</ele>
   </trkpt>
   <trkpt lat="50.855140000000006" lon="3.6234300000000004">
    <ele>9.39</ele>
   </trkpt>
   <trkpt lat="50.85524" lon="3.62332">
    <ele>9.22</ele>
   </trkpt>
   <trkpt lat="50.85551" lon="3.62278">
    <ele>8.5</ele>
   </trkpt>
   <trkpt lat="50.85567" lon="3.6225300000000002">
    <ele>8.41</ele>
   </trkpt>
   <trkpt lat="50.85586000000001" lon="3.6223600000000005">
    <ele>8.440000000000001</ele>
   </trkpt>
   <trkpt lat="50.85604000000001" lon="3.6222700000000003">
    <ele>8.440000000000001</ele>
   </trkpt>
   <trkpt lat="50.856280000000005" lon="3.6222300000000005">
    <ele>8.48</ele>
   </trkpt>
   <trkpt lat="50.85651000000001" lon="3.6223">
    <ele>8.56</ele>
   </trkpt>
   <trkpt lat="50.857000000000006" lon="3.62252">
    <ele>9.840000000000002</ele>
   </trkpt>
   <trkpt lat="50.857510000000005" lon="3.62271">
    <ele>10.98</ele>
   </trkpt>
   <trkpt lat="50.85766" lon="3.62279">
    <ele>12.440000000000001</ele>
   </trkpt>
   <trkpt lat="50.85784" lon="3.62293">
    <ele>13.46</ele>
   </trkpt>
   <trkpt lat="50.858000000000004" lon="3.6232">
    <ele>13.46</ele>
   </trkpt>
   <trkpt lat="50.858200000000004" lon="3.62361">
    <ele>15.1</ele>
   </trkpt>
   <trkpt lat="50.858360000000005" lon="3.6241700000000003">
    <ele>15.97</ele>
   </trkpt>
   <trkpt lat="50.85846" lon="3.62489">
    <ele>16.439999999999998</ele>
   </trkpt>
   <trkpt lat="50.858613349448255" lon="3.6262633242935016">
    <ele>16.240000000000002</ele>
   </trkpt>
   <trkpt lat="50.85876668278074" lon="3.627636657618963">
    <ele>13.850000000000001</ele>
   </trkpt>
   <trkpt lat="50.858920000000005" lon="3.6290100000000005">
    <ele>12.14</ele>
   </trkpt>
   <trkpt lat="50.85895000000001" lon="3.62984">
    <ele>10.21</ele>
   </trkpt>
   <trkpt lat="50.85895000000001" lon="3.6298500000000002">
    <ele>10.21</ele>
   </trkpt>
   <trkpt lat="50.85895000000001" lon="3.63024">
    <ele>9.7</ele>
   </trkpt>
   <trkpt lat="50.858900000000006" lon="3.63086">
    <ele>9.35</ele>
   </trkpt>
   <trkpt lat="50.85875000000001" lon="3.63166">
    <ele>10.0</ele>
   </trkpt>
   <trkpt lat="50.85871" lon="3.6317900000000005">
    <ele>10.0</ele>
   </trkpt>
   <trkpt lat="50.8586" lon="3.6318400000000004">
    <ele>9.98</ele>
   </trkpt>
   <trkpt lat="50.85842" lon="3.63242">
    <ele>10.280000000000001</ele>
   </trkpt>
   <trkpt lat="50.858320000000006" lon="3.6326400000000003">
    <ele>10.8</ele>
   </trkpt>
   <trkpt lat="50.85833" lon="3.6327300000000005">
    <ele>10.8</ele>
   </trkpt>
   <trkpt lat="50.85824" lon="3.63289">
    <ele>11.4</ele>
   </trkpt>
   <trkpt lat="50.85771500075488" lon="3.632464995201708">
    <ele>11.72</ele>
   </trkpt>
   <trkpt lat="50.85719" lon="3.6320400000000004">
    <ele>11.860000000000001</ele>
   </trkpt>
   <trkpt lat="50.85652" lon="3.63132">
    <ele>12.190000000000001</ele>
   </trkpt>
   <trkpt lat="50.856130001029456" lon="3.6308149956989983">
    <ele>12.21</ele>
   </trkpt>
   <trkpt lat="50.855740000000004" lon="3.63031">
    <ele>11.510000000000002</ele>
   </trkpt>
   <trkpt lat="50.855540000000005" lon="3.6300800000000004">
    <ele>11.31</ele>
   </trkpt>
   <trkpt lat="50.85528000000001" lon="3.6298200000000005">
    <ele>11.120000000000001</ele>
   </trkpt>
   <trkpt lat="50.85473500105224" lon="3.6293299942977533">
    <ele>11.040000000000001</ele>
   </trkpt>
   <trkpt lat="50.85419" lon="3.6288400000000003">
    <ele>11.3</ele>
   </trkpt>
   <trkpt lat="50.853680000000004" lon="3.6283200000000004">
    <ele>11.38</ele>
   </trkpt>
   <trkpt lat="50.85323" lon="3.62793">
    <ele>11.430000000000001</ele>
   </trkpt>
   <trkpt lat="50.852700000000006" lon="3.62753">
    <ele>11.500000000000002</ele>
   </trkpt>
   <trkpt lat="50.852270000000004" lon="3.6272300000000004">
    <ele>11.500000000000002</ele>
   </trkpt>
   <trkpt lat="50.85158500074965" lon="3.6268299941642117">
    <ele>11.49</ele>
   </trkpt>
   <trkpt lat="50.8509" lon="3.6264300000000005">
    <ele>11.9</ele>
   </trkpt>
   <trkpt lat="50.85067" lon="3.6262600000000003">
    <ele>12.100000000000001</ele>
   </trkpt>
   <trkpt lat="50.85031000000001" lon="3.6259300000000003">
    <ele>12.350000000000001</ele>
   </trkpt>
   <trkpt lat="50.85" lon="3.6255200000000003">
    <ele>12.430000000000001</ele>
   </trkpt>
   <trkpt lat="50.84951501002061" lon="3.624634972360918">
    <ele>12.280000000000001</ele>
   </trkpt>
   <trkpt lat="50.849030013347985" lon="3.623749963125116">
    <ele>11.97</ele>
   </trkpt>
   <trkpt lat="50.84854500998241" lon="3.622864972292148">
    <ele>11.31</ele>
   </trkpt>
   <trkpt lat="50.848060000000004" lon="3.62198">
    <ele>11.040000000000001</ele>
   </trkpt>
   <trkpt lat="50.84769500162821" lon="3.621369995291273">
    <ele>10.93</ele>
   </trkpt>
   <trkpt lat="50.84733000000001" lon="3.62076">
    <ele>10.81</ele>
   </trkpt>
   <trkpt lat="50.847010000000004" lon="3.62109">
    <ele>10.75</ele>
   </trkpt>
   <trkpt lat="50.84638" lon="3.6219200000000003">
    <ele>11.330000000000002</ele>
   </trkpt>
   <trkpt lat="50.846160000000005" lon="3.6223">
    <ele>11.540000000000001</ele>
   </trkpt>
   <trkpt lat="50.84604" lon="3.62252">
    <ele>11.780000000000001</ele>
   </trkpt>
   <trkpt lat="50.84569500340416" lon="3.6234050063968133">
    <ele>12.38</ele>
   </trkpt>
   <trkpt lat="50.84535" lon="3.6242900000000002">
    <ele>13.27</ele>
   </trkpt>
   <trkpt lat="50.84503000334367" lon="3.6251750060782326">
    <ele>14.66</ele>
   </trkpt>
   <trkpt lat="50.844710000000006" lon="3.6260600000000003">
    <ele>15.71</ele>
   </trkpt>
   <trkpt lat="50.84451000286196" lon="3.6268800035606934">
    <ele>17.67</ele>
   </trkpt>
   <trkpt lat="50.84431000000001" lon="3.6277000000000004">
    <ele>19.110000000000003</ele>
   </trkpt>
   <trkpt lat="50.844240000000006" lon="3.6280600000000005">
    <ele>20.450000000000003</ele>
   </trkpt>
   <trkpt lat="50.84405" lon="3.6285000000000003">
    <ele>20.450000000000003</ele>
   </trkpt>
   <trkpt lat="50.84362500174683" lon="3.629140005834836">
    <ele>21.93</ele>
   </trkpt>
   <trkpt lat="50.8432" lon="3.6297800000000002">
    <ele>23.360000000000003</ele>
   </trkpt>
   <trkpt lat="50.84297" lon="3.6301500000000004">
    <ele>24.34</ele>
   </trkpt>
   <trkpt lat="50.84292000000001" lon="3.6302700000000003">
    <ele>24.34</ele>
   </trkpt>
   <trkpt lat="50.84279" lon="3.6307000000000005">
    <ele>24.740000000000002</ele>
   </trkpt>
   <trkpt lat="50.84273" lon="3.6310000000000002">
    <ele>25.39</ele>
   </trkpt>
   <trkpt lat="50.842580000000005" lon="3.6323300000000005">
    <ele>27.580000000000002</ele>
   </trkpt>
   <trkpt lat="50.84248" lon="3.6327200000000004">
    <ele>27.580000000000002</ele>
   </trkpt>
   <trkpt lat="50.84237" lon="3.63295">
    <ele>29.44</ele>
   </trkpt>
   <trkpt lat="50.84175000419385" lon="3.63394001314528">
    <ele>30.650000000000002</ele>
   </trkpt>
   <trkpt lat="50.84113000000001" lon="3.63493">
    <ele>31.6</ele>
   </trkpt>
   <trkpt lat="50.841010000000004" lon="3.6351700000000005">
    <ele>31.64</ele>
   </trkpt>
   <trkpt lat="50.84135500301233" lon="3.6360049939063486">
    <ele>27.73</ele>
   </trkpt>
   <trkpt lat="50.8417" lon="3.6368400000000003">
    <ele>24.94</ele>
   </trkpt>
   <trkpt lat="50.841910000000006" lon="3.6377900000000003">
    <ele>26.8</ele>
   </trkpt>
   <trkpt lat="50.84199" lon="3.6382300000000005">
    <ele>28.990000000000002</ele>
   </trkpt>
   <trkpt lat="50.842020000000005" lon="3.63871">
    <ele>31.82</ele>
   </trkpt>
   <trkpt lat="50.842150000000004" lon="3.63952">
    <ele>39.7</ele>
   </trkpt>
   <trkpt lat="50.84239" lon="3.6405100000000004">
    <ele>50.92000000000001</ele>
   </trkpt>
   <trkpt lat="50.84245000000001" lon="3.6407800000000003">
    <ele>53.11000000000001</ele>
   </trkpt>
   <trkpt lat="50.84263000000001" lon="3.6413900000000003">
    <ele>57.21</ele>
   </trkpt>
   <trkpt lat="50.84273" lon="3.64223">
    <ele>62.93</ele>
   </trkpt>
   <trkpt lat="50.84293" lon="3.6431700000000005">
    <ele>65.93</ele>
   </trkpt>
   <trkpt lat="50.84315" lon="3.64407">
    <ele>68.41000000000001</ele>
   </trkpt>
   <trkpt lat="50.843270000000004" lon="3.6452700000000005">
    <ele>69.98</ele>
   </trkpt>
   <trkpt lat="50.843360000000004" lon="3.6459">
    <ele>72.21000000000001</ele>
   </trkpt>
   <trkpt lat="50.843300000000006" lon="3.6459900000000003">
    <ele>72.33</ele>
   </trkpt>
   <trkpt lat="50.84342000517312" lon="3.647089997197826">
    <ele>73.23</ele>
   </trkpt>
   <trkpt lat="50.843540000000004" lon="3.6481900000000005">
    <ele>76.16000000000001</ele>
   </trkpt>
   <trkpt lat="50.843540000000004" lon="3.6483200000000005">
    <ele>76.16000000000001</ele>
   </trkpt>
   <trkpt lat="50.8433750022942" lon="3.64905000250557">
    <ele>77.69000000000001</ele>
   </trkpt>
   <trkpt lat="50.843210000000006" lon="3.6497800000000002">
    <ele>76.37</ele>
   </trkpt>
   <trkpt lat="50.84313" lon="3.65111">
    <ele>70.4</ele>
   </trkpt>
   <trkpt lat="50.843120000000006" lon="3.6521100000000004">
    <ele>68.53</ele>
   </trkpt>
   <trkpt lat="50.843140000000005" lon="3.65241">
    <ele>68.13000000000001</ele>
   </trkpt>
   <trkpt lat="50.84331" lon="3.65302">
    <ele>68.35000000000001</ele>
   </trkpt>
   <trkpt lat="50.84337000000001" lon="3.6533900000000004">
    <ele>69.18</ele>
   </trkpt>
   <trkpt lat="50.84337000000001" lon="3.6545600000000005">
    <ele>72.17000000000002</ele>
   </trkpt>
   <trkpt lat="50.843340000000005" lon="3.65573">
    <ele>75.01</ele>
   </trkpt>
   <trkpt lat="50.84338500225981" lon="3.6564549995243305">
    <ele>74.2</ele>
   </trkpt>
   <trkpt lat="50.843430000000005" lon="3.6571800000000003">
    <ele>73.48</ele>
   </trkpt>
   <trkpt lat="50.84389" lon="3.65769">
    <ele>70.24000000000001</ele>
   </trkpt>
   <trkpt lat="50.84417500193871" lon="3.657020004044258">
    <ele>70.97</ele>
   </trkpt>
   <trkpt lat="50.844460000000005" lon="3.65635">
    <ele>70.28</ele>
   </trkpt>
   <trkpt lat="50.84451000000001" lon="3.6563200000000005">
    <ele>70.28</ele>
   </trkpt>
   <trkpt lat="50.84460000000001" lon="3.6563200000000005">
    <ele>70.13000000000001</ele>
   </trkpt>
   <trkpt lat="50.845310000000005" lon="3.6567600000000002">
    <ele>67.96000000000001</ele>
   </trkpt>
   <trkpt lat="50.84589000113428" lon="3.657254993920587">
    <ele>63.08000000000001</ele>
   </trkpt>
   <trkpt lat="50.846470000000004" lon="3.6577500000000005">
    <ele>60.09</ele>
   </trkpt>
   <trkpt lat="50.84669" lon="3.6578200000000005">
    <ele>58.7</ele>
   </trkpt>
   <trkpt lat="50.84718" lon="3.6577900000000003">
    <ele>56.510000000000005</ele>
   </trkpt>
   <trkpt lat="50.84742000000001" lon="3.6579">
    <ele>55.50000000000001</ele>
   </trkpt>
   <trkpt lat="50.847860000000004" lon="3.6583600000000005">
    <ele>51.34</ele>
   </trkpt>
   <trkpt lat="50.84799" lon="3.65845">
    <ele>51.34</ele>
   </trkpt>
   <trkpt lat="50.84812" lon="3.6585">
    <ele>50.84</ele>
   </trkpt>
   <trkpt lat="50.848490000000005" lon="3.6585300000000003">
    <ele>47.830000000000005</ele>
   </trkpt>
   <trkpt lat="50.84909499996968" lon="3.6587249974087954">
    <ele>44.11</ele>
   </trkpt>
   <trkpt lat="50.849700000000006" lon="3.65892">
    <ele>40.080000000000005</ele>
   </trkpt>
   <trkpt lat="50.84987" lon="3.65899">
    <ele>39.61000000000001</ele>
   </trkpt>
   <trkpt lat="50.850010000000005" lon="3.6591400000000003">
    <ele>39.61000000000001</ele>
   </trkpt>
   <trkpt lat="50.8502" lon="3.6590200000000004">
    <ele>39.650000000000006</ele>
   </trkpt>
   <trkpt lat="50.850460000000005" lon="3.6589500000000004">
    <ele>39.839999999999996</ele>
   </trkpt>
   <trkpt lat="50.85118000000001" lon="3.65905">
    <ele>43.45</ele>
   </trkpt>
   <trkpt lat="50.85146" lon="3.6591600000000004">
    <ele>47.89</ele>
   </trkpt>
   <trkpt lat="50.851580000000006" lon="3.65919">
    <ele>47.89</ele>
   </trkpt>
   <trkpt lat="50.85168" lon="3.6591500000000003">
    <ele>49.010000000000005</ele>
   </trkpt>
   <trkpt lat="50.85231" lon="3.6585900000000002">
    <ele>52.160000000000004</ele>
   </trkpt>
   <trkpt lat="50.852470000000004" lon="3.6582000000000003">
    <ele>52.56</ele>
   </trkpt>
   <trkpt lat="50.85264" lon="3.6578800000000005">
    <ele>53.34</ele>
   </trkpt>
   <trkpt lat="50.853000001439625" lon="3.657330004020319">
    <ele>54.27</ele>
   </trkpt>
   <trkpt lat="50.85336" lon="3.6567800000000004">
    <ele>57.190000000000005</ele>
   </trkpt>
   <trkpt lat="50.853860000000005" lon="3.6559600000000003">
    <ele>58.940000000000005</ele>
   </trkpt>
   <trkpt lat="50.85425000000001" lon="3.65526">
    <ele>57.52</ele>
   </trkpt>
   <trkpt lat="50.854350000000004" lon="3.6552200000000004">
    <ele>57.52</ele>
   </trkpt>
   <trkpt lat="50.85463000000001" lon="3.65526">
    <ele>55.220000000000006</ele>
   </trkpt>
   <trkpt lat="50.85477" lon="3.65525">
    <ele>54.660000000000004</ele>
   </trkpt>
   <trkpt lat="50.85479" lon="3.6553400000000003">
    <ele>53.92</ele>
   </trkpt>
   <trkpt lat="50.85492000000001" lon="3.6557100000000005">
    <ele>52.84</ele>
   </trkpt>
   <trkpt lat="50.85517" lon="3.6567000000000003">
    <ele>50.71</ele>
   </trkpt>
   <trkpt lat="50.85559000000001" lon="3.6576000000000004">
    <ele>49.59</ele>
   </trkpt>
   <trkpt lat="50.85564" lon="3.65777">
    <ele>49.59</ele>
   </trkpt>
   <trkpt lat="50.85569" lon="3.6582000000000003">
    <ele>48.7</ele>
   </trkpt>
   <trkpt lat="50.85592334380708" lon="3.6593066556337828">
    <ele>46.970000000000006</ele>
   </trkpt>
   <trkpt lat="50.85615667714914" lon="3.660413322341642">
    <ele>43.46000000000001</ele>
   </trkpt>
   <trkpt lat="50.856390000000005" lon="3.6615200000000003">
    <ele>41.17</ele>
   </trkpt>
   <trkpt lat="50.856390000000005" lon="3.66169">
    <ele>40.81</ele>
   </trkpt>
   <trkpt lat="50.85634" lon="3.66191">
    <ele>40.230000000000004</ele>
   </trkpt>
   <trkpt lat="50.85613000000001" lon="3.6622700000000004">
    <ele>39.56</ele>
   </trkpt>
   <trkpt lat="50.856080000000006" lon="3.6624000000000003">
    <ele>38.50000000000001</ele>
   </trkpt>
   <trkpt lat="50.85607" lon="3.6626800000000004">
    <ele>38.11000000000001</ele>
   </trkpt>
   <trkpt lat="50.85615000000001" lon="3.66312">
    <ele>36.65</ele>
   </trkpt>
   <trkpt lat="50.85613000000001" lon="3.6635400000000002">
    <ele>35.5</ele>
   </trkpt>
   <trkpt lat="50.85604000000001" lon="3.6640900000000003">
    <ele>34.690000000000005</ele>
   </trkpt>
   <trkpt lat="50.85615000000001" lon="3.6641900000000005">
    <ele>34.17</ele>
   </trkpt>
   <trkpt lat="50.856230000000004" lon="3.66433">
    <ele>33.690000000000005</ele>
   </trkpt>
   <trkpt lat="50.85669000000001" lon="3.6653100000000003">
    <ele>31.8</ele>
   </trkpt>
   <trkpt lat="50.856590000000004" lon="3.6654800000000005">
    <ele>31.080000000000002</ele>
   </trkpt>
   <trkpt lat="50.856370000000005" lon="3.66589">
    <ele>29.93</ele>
   </trkpt>
   <trkpt lat="50.85598000285393" lon="3.6667050067820024">
    <ele>29.400000000000002</ele>
   </trkpt>
   <trkpt lat="50.85559000000001" lon="3.66752">
    <ele>28.73</ele>
   </trkpt>
   <trkpt lat="50.85515000346486" lon="3.668410008233631">
    <ele>27.790000000000003</ele>
   </trkpt>
   <trkpt lat="50.854710000000004" lon="3.6693000000000002">
    <ele>26.97</ele>
   </trkpt>
   <trkpt lat="50.854470000000006" lon="3.6696800000000005">
    <ele>27.200000000000003</ele>
   </trkpt>
   <trkpt lat="50.85423" lon="3.6699900000000003">
    <ele>27.48</ele>
   </trkpt>
   <trkpt lat="50.85418000000001" lon="3.6701200000000003">
    <ele>27.48</ele>
   </trkpt>
   <trkpt lat="50.85416000000001" lon="3.67024">
    <ele>27.500000000000004</ele>
   </trkpt>
   <trkpt lat="50.85418000000001" lon="3.67065">
    <ele>27.44</ele>
   </trkpt>
   <trkpt lat="50.85416000000001" lon="3.6709400000000003">
    <ele>27.46</ele>
   </trkpt>
   <trkpt lat="50.854060000000004" lon="3.6712400000000005">
    <ele>27.67</ele>
   </trkpt>
   <trkpt lat="50.85389000000001" lon="3.6716">
    <ele>28.34</ele>
   </trkpt>
   <trkpt lat="50.85385" lon="3.6718200000000003">
    <ele>28.75</ele>
   </trkpt>
   <trkpt lat="50.8537" lon="3.6718100000000002">
    <ele>28.940000000000005</ele>
   </trkpt>
   <trkpt lat="50.85333000000001" lon="3.6717500000000003">
    <ele>29.330000000000002</ele>
   </trkpt>
   <trkpt lat="50.85314" lon="3.67165">
    <ele>29.86</ele>
   </trkpt>
   <trkpt lat="50.85295000000001" lon="3.67152">
    <ele>30.390000000000004</ele>
   </trkpt>
   <trkpt lat="50.8523733349321" lon="3.67109332281498">
    <ele>32.150000000000006</ele>
   </trkpt>
   <trkpt lat="50.851796668308545" lon="3.6706666561803787">
    <ele>35.02</ele>
   </trkpt>
   <trkpt lat="50.851220000000005" lon="3.67024">
    <ele>36.9</ele>
   </trkpt>
   <trkpt lat="50.850440000000006" lon="3.6696100000000005">
    <ele>39.589999999999996</ele>
   </trkpt>
   <trkpt lat="50.85029" lon="3.6695200000000003">
    <ele>39.589999999999996</ele>
   </trkpt>
   <trkpt lat="50.849590000000006" lon="3.6693100000000003">
    <ele>43.870000000000005</ele>
   </trkpt>
   <trkpt lat="50.84919000000001" lon="3.6691400000000005">
    <ele>44.660000000000004</ele>
   </trkpt>
   <trkpt lat="50.848850000000006" lon="3.6689100000000003">
    <ele>47.52</ele>
   </trkpt>
   <trkpt lat="50.84828" lon="3.66848">
    <ele>50.260000000000005</ele>
   </trkpt>
   <trkpt lat="50.84778000068971" lon="3.6680699955821554">
    <ele>52.67</ele>
   </trkpt>
   <trkpt lat="50.847280000000005" lon="3.66766">
    <ele>56.25</ele>
   </trkpt>
   <trkpt lat="50.84686000000001" lon="3.66738">
    <ele>58.64</ele>
   </trkpt>
   <trkpt lat="50.84633" lon="3.66692">
    <ele>60.50000000000001</ele>
   </trkpt>
   <trkpt lat="50.84564" lon="3.6662600000000003">
    <ele>62.330000000000005</ele>
   </trkpt>
   <trkpt lat="50.84512" lon="3.6657300000000004">
    <ele>63.62000000000001</ele>
   </trkpt>
   <trkpt lat="50.844440000000006" lon="3.6648500000000004">
    <ele>65.54</ele>
   </trkpt>
   <trkpt lat="50.84429" lon="3.6646900000000002">
    <ele>65.79</ele>
   </trkpt>
   <trkpt lat="50.843895000507224" lon="3.664339997022484">
    <ele>66.63000000000001</ele>
   </trkpt>
   <trkpt lat="50.843500000000006" lon="3.66399">
    <ele>67.57000000000001</ele>
   </trkpt>
   <trkpt lat="50.843300000000006" lon="3.6638800000000002">
    <ele>68.19</ele>
   </trkpt>
   <trkpt lat="50.842940000000006" lon="3.66374">
    <ele>69.05</ele>
   </trkpt>
   <trkpt lat="50.842510000000004" lon="3.6635400000000002">
    <ele>70.3</ele>
   </trkpt>
   <trkpt lat="50.84243000000001" lon="3.66352">
    <ele>70.3</ele>
   </trkpt>
   <trkpt lat="50.842400000000005" lon="3.6636">
    <ele>69.68</ele>
   </trkpt>
   <trkpt lat="50.841880002891855" lon="3.6644250092202806">
    <ele>64.44000000000001</ele>
   </trkpt>
   <trkpt lat="50.84136" lon="3.6652500000000003">
    <ele>57.470000000000006</ele>
   </trkpt>
   <trkpt lat="50.84096" lon="3.6658500000000003">
    <ele>53.540000000000006</ele>
   </trkpt>
   <trkpt lat="50.840770000000006" lon="3.6662600000000003">
    <ele>53.08</ele>
   </trkpt>
   <trkpt lat="50.84066000000001" lon="3.6666000000000003">
    <ele>54.12</ele>
   </trkpt>
   <trkpt lat="50.84051" lon="3.66726">
    <ele>58.49000000000001</ele>
   </trkpt>
   <trkpt lat="50.840410000000006" lon="3.6675800000000005">
    <ele>62.34</ele>
   </trkpt>
   <trkpt lat="50.840340000000005" lon="3.66766">
    <ele>63.57</ele>
   </trkpt>
   <trkpt lat="50.840270000000004" lon="3.6677000000000004">
    <ele>64.7</ele>
   </trkpt>
   <trkpt lat="50.83999000000001" lon="3.66779">
    <ele>67.7</ele>
   </trkpt>
   <trkpt lat="50.839650000000006" lon="3.66787">
    <ele>70.88000000000001</ele>
   </trkpt>
   <trkpt lat="50.839270000000006" lon="3.66786">
    <ele>72.85000000000001</ele>
   </trkpt>
   <trkpt lat="50.839220000000005" lon="3.6678800000000003">
    <ele>73.29</ele>
   </trkpt>
   <trkpt lat="50.839090000000006" lon="3.66807">
    <ele>73.76</ele>
   </trkpt>
   <trkpt lat="50.838750000000005" lon="3.6687600000000002">
    <ele>75.72000000000001</ele>
   </trkpt>
   <trkpt lat="50.838660000000004" lon="3.6688700000000005">
    <ele>76.31</ele>
   </trkpt>
   <trkpt lat="50.838550000000005" lon="3.6689700000000003">
    <ele>76.66000000000001</ele>
   </trkpt>
   <trkpt lat="50.83801000055556" lon="3.669315003962194">
    <ele>78.53</ele>
   </trkpt>
   <trkpt lat="50.83747" lon="3.6696600000000004">
    <ele>80.24000000000001</ele>
   </trkpt>
   <trkpt lat="50.837180000000004" lon="3.66997">
    <ele>80.87</ele>
   </trkpt>
   <trkpt lat="50.836650000000006" lon="3.6705200000000002">
    <ele>81.13000000000001</ele>
   </trkpt>
   <trkpt lat="50.83625000000001" lon="3.6709700000000005">
    <ele>81.38000000000001</ele>
   </trkpt>
   <trkpt lat="50.83603" lon="3.6712800000000003">
    <ele>81.43</ele>
   </trkpt>
   <trkpt lat="50.8355" lon="3.67228">
    <ele>81.52000000000001</ele>
   </trkpt>
   <trkpt lat="50.83502000000001" lon="3.6730000000000005">
    <ele>80.13000000000001</ele>
   </trkpt>
   <trkpt lat="50.83507" lon="3.6731900000000004">
    <ele>78.71</ele>
   </trkpt>
   <trkpt lat="50.83518" lon="3.67342">
    <ele>76.9</ele>
   </trkpt>
   <trkpt lat="50.83525" lon="3.6735100000000003">
    <ele>76.9</ele>
   </trkpt>
   <trkpt lat="50.83532" lon="3.6735700000000002">
    <ele>76.27</ele>
   </trkpt>
   <trkpt lat="50.83559" lon="3.6737200000000003">
    <ele>75.28</ele>
   </trkpt>
   <trkpt lat="50.836290000000005" lon="3.67437">
    <ele>71.38</ele>
   </trkpt>
   <trkpt lat="50.83679000000001" lon="3.6748000000000003">
    <ele>69.67</ele>
   </trkpt>
   <trkpt lat="50.83697" lon="3.67491">
    <ele>69.58</ele>
   </trkpt>
   <trkpt lat="50.83742" lon="3.6750100000000003">
    <ele>69.8</ele>
   </trkpt>
   <trkpt lat="50.837590000000006" lon="3.67511">
    <ele>70.10000000000001</ele>
   </trkpt>
   <trkpt lat="50.83767" lon="3.67518">
    <ele>70.10000000000001</ele>
   </trkpt>
   <trkpt lat="50.83775000000001" lon="3.6753000000000005">
    <ele>70.31000000000002</ele>
   </trkpt>
   <trkpt lat="50.83784000000001" lon="3.67553">
    <ele>70.63000000000001</ele>
   </trkpt>
   <trkpt lat="50.837860000000006" lon="3.6758900000000003">
    <ele>71.53000000000002</ele>
   </trkpt>
   <trkpt lat="50.837830000000004" lon="3.67648">
    <ele>73.75000000000001</ele>
   </trkpt>
   <trkpt lat="50.83787" lon="3.67668">
    <ele>73.75000000000001</ele>
   </trkpt>
   <trkpt lat="50.837950000000006" lon="3.67688">
    <ele>74.34</ele>
   </trkpt>
   <trkpt lat="50.838170000000005" lon="3.6771400000000005">
    <ele>75.17</ele>
   </trkpt>
   <trkpt lat="50.83827" lon="3.67722">
    <ele>76.23</ele>
   </trkpt>
   <trkpt lat="50.83887000000001" lon="3.6775200000000003">
    <ele>77.2</ele>
   </trkpt>
   <trkpt lat="50.83917" lon="3.6777900000000003">
    <ele>77.18</ele>
   </trkpt>
   <trkpt lat="50.8395" lon="3.67816">
    <ele>76.98</ele>
   </trkpt>
   <trkpt lat="50.83993000099089" lon="3.6785999961128386">
    <ele>75.80000000000001</ele>
   </trkpt>
   <trkpt lat="50.840360000000004" lon="3.67904">
    <ele>75.12</ele>
   </trkpt>
   <trkpt lat="50.84066000000001" lon="3.67925">
    <ele>74.95</ele>
   </trkpt>
   <trkpt lat="50.84123" lon="3.6795400000000003">
    <ele>75.64000000000001</ele>
   </trkpt>
   <trkpt lat="50.841390000000004" lon="3.6795800000000005">
    <ele>76.2</ele>
   </trkpt>
   <trkpt lat="50.84218500006493" lon="3.6796449988963333">
    <ele>76.82</ele>
   </trkpt>
   <trkpt lat="50.842980000000004" lon="3.6797100000000005">
    <ele>77.85</ele>
   </trkpt>
   <trkpt lat="50.843680000156155" lon="3.679710000000001">
    <ele>78.49000000000001</ele>
   </trkpt>
   <trkpt lat="50.84438" lon="3.6797100000000005">
    <ele>78.62</ele>
   </trkpt>
   <trkpt lat="50.84449000000001" lon="3.6797400000000002">
    <ele>78.63000000000001</ele>
   </trkpt>
   <trkpt lat="50.8447" lon="3.6798900000000003">
    <ele>78.80000000000001</ele>
   </trkpt>
   <trkpt lat="50.84545000000001" lon="3.6805000000000003">
    <ele>80.55000000000001</ele>
   </trkpt>
   <trkpt lat="50.84554000000001" lon="3.6805000000000003">
    <ele>80.77000000000001</ele>
   </trkpt>
   <trkpt lat="50.84561" lon="3.68041">
    <ele>80.56</ele>
   </trkpt>
   <trkpt lat="50.845760000000006" lon="3.6800800000000002">
    <ele>79.67999999999999</ele>
   </trkpt>
   <trkpt lat="50.84592000000001" lon="3.67992">
    <ele>79.01</ele>
   </trkpt>
   <trkpt lat="50.846760000105334" lon="3.6797850024263785">
    <ele>73.75000000000001</ele>
   </trkpt>
   <trkpt lat="50.84760000000001" lon="3.67965">
    <ele>68.71000000000001</ele>
   </trkpt>
   <trkpt lat="50.848296667789995" lon="3.6792900107445097">
    <ele>64.5</ele>
   </trkpt>
   <trkpt lat="50.848993334472524" lon="3.6789300107365137">
    <ele>59.99</ele>
   </trkpt>
   <trkpt lat="50.84969" lon="3.67857">
    <ele>57.120000000000005</ele>
   </trkpt>
   <trkpt lat="50.850080000000005" lon="3.67865">
    <ele>57.17</ele>
   </trkpt>
   <trkpt lat="50.850620000000006" lon="3.67844">
    <ele>57.89</ele>
   </trkpt>
   <trkpt lat="50.850820000000006" lon="3.67838">
    <ele>57.89</ele>
   </trkpt>
   <trkpt lat="50.851130000000005" lon="3.6783400000000004">
    <ele>58.29</ele>
   </trkpt>
   <trkpt lat="50.85167499999371" lon="3.678300000468341">
    <ele>58.330000000000005</ele>
   </trkpt>
   <trkpt lat="50.85222" lon="3.6782600000000003">
    <ele>57.800000000000004</ele>
   </trkpt>
   <trkpt lat="50.85239000000001" lon="3.6782200000000005">
    <ele>57.7</ele>
   </trkpt>
   <trkpt lat="50.85264" lon="3.6780600000000003">
    <ele>57.56</ele>
   </trkpt>
   <trkpt lat="50.853345001482616" lon="3.6774950084451876">
    <ele>56.620000000000005</ele>
   </trkpt>
   <trkpt lat="50.85405" lon="3.6769300000000005">
    <ele>56.230000000000004</ele>
   </trkpt>
   <trkpt lat="50.85428" lon="3.6767900000000004">
    <ele>56.09</ele>
   </trkpt>
   <trkpt lat="50.85445000000001" lon="3.6767900000000004">
    <ele>56.09</ele>
   </trkpt>
   <trkpt lat="50.85463000000001" lon="3.6768600000000005">
    <ele>56.080000000000005</ele>
   </trkpt>
   <trkpt lat="50.85484" lon="3.6769900000000004">
    <ele>56.220000000000006</ele>
   </trkpt>
   <trkpt lat="50.854980000000005" lon="3.6771300000000005">
    <ele>56.0</ele>
   </trkpt>
   <trkpt lat="50.85535000108609" lon="3.677624996125337">
    <ele>54.85</ele>
   </trkpt>
   <trkpt lat="50.855720000000005" lon="3.6781200000000003">
    <ele>53.09</ele>
   </trkpt>
   <trkpt lat="50.855880000000006" lon="3.6782900000000005">
    <ele>53.09</ele>
   </trkpt>
   <trkpt lat="50.856010000000005" lon="3.6783">
    <ele>53.09</ele>
   </trkpt>
   <trkpt lat="50.85652500025327" lon="3.678020003136499">
    <ele>50.59</ele>
   </trkpt>
   <trkpt lat="50.857040000000005" lon="3.6777400000000005">
    <ele>49.660000000000004</ele>
   </trkpt>
   <trkpt lat="50.85734" lon="3.6776000000000004">
    <ele>48.400000000000006</ele>
   </trkpt>
   <trkpt lat="50.85754000000001" lon="3.67755">
    <ele>48.400000000000006</ele>
   </trkpt>
   <trkpt lat="50.857710000000004" lon="3.6775400000000005">
    <ele>48.18</ele>
   </trkpt>
   <trkpt lat="50.8579" lon="3.67756">
    <ele>47.78</ele>
   </trkpt>
   <trkpt lat="50.85844" lon="3.6777500000000005">
    <ele>46.580000000000005</ele>
   </trkpt>
   <trkpt lat="50.85897000000001" lon="3.67796">
    <ele>46.080000000000005</ele>
   </trkpt>
   <trkpt lat="50.85949" lon="3.6781400000000004">
    <ele>45.7</ele>
   </trkpt>
   <trkpt lat="50.86027000000001" lon="3.6783400000000004">
    <ele>46.09</ele>
   </trkpt>
   <trkpt lat="50.86065000000001" lon="3.6784800000000004">
    <ele>45.88</ele>
   </trkpt>
   <trkpt lat="50.86110000000001" lon="3.6785900000000002">
    <ele>45.52</ele>
   </trkpt>
   <trkpt lat="50.86121000000001" lon="3.67857">
    <ele>45.550000000000004</ele>
   </trkpt>
   <trkpt lat="50.86126" lon="3.6785400000000004">
    <ele>45.550000000000004</ele>
   </trkpt>
   <trkpt lat="50.86142" lon="3.6782900000000005">
    <ele>45.62</ele>
   </trkpt>
   <trkpt lat="50.86184" lon="3.6785400000000004">
    <ele>46.24</ele>
   </trkpt>
   <trkpt lat="50.862385000502364" lon="3.678894995826963">
    <ele>45.88</ele>
   </trkpt>
   <trkpt lat="50.862930000000006" lon="3.67925">
    <ele>43.77</ele>
   </trkpt>
   <trkpt lat="50.86300000000001" lon="3.67932">
    <ele>43.34</ele>
   </trkpt>
   <trkpt lat="50.86305" lon="3.6794200000000004">
    <ele>43.34</ele>
   </trkpt>
   <trkpt lat="50.863080000000004" lon="3.6795700000000005">
    <ele>42.17</ele>
   </trkpt>
   <trkpt lat="50.8631" lon="3.6804500000000004">
    <ele>40.650000000000006</ele>
   </trkpt>
   <trkpt lat="50.86314" lon="3.68067">
    <ele>38.59</ele>
   </trkpt>
   <trkpt lat="50.86321" lon="3.6807800000000004">
    <ele>38.59</ele>
   </trkpt>
   <trkpt lat="50.863850000000006" lon="3.6814100000000005">
    <ele>34.93</ele>
   </trkpt>
   <trkpt lat="50.864465002947604" lon="3.6822399890573485">
    <ele>31.48</ele>
   </trkpt>
   <trkpt lat="50.865080000000006" lon="3.6830700000000003">
    <ele>28.71</ele>
   </trkpt>
   <trkpt lat="50.865726671578955" lon="3.683823312507998">
    <ele>26.050000000000004</ele>
   </trkpt>
   <trkpt lat="50.866373338309025" lon="3.6845766459148024">
    <ele>23.950000000000003</ele>
   </trkpt>
   <trkpt lat="50.867020000000004" lon="3.6853300000000004">
    <ele>22.150000000000002</ele>
   </trkpt>
   <trkpt lat="50.867560000000005" lon="3.6861800000000002">
    <ele>21.130000000000003</ele>
   </trkpt>
   <trkpt lat="50.867700000000006" lon="3.6864500000000002">
    <ele>20.830000000000002</ele>
   </trkpt>
   <trkpt lat="50.86762500738872" lon="3.6877650020936956">
    <ele>19.48</ele>
   </trkpt>
   <trkpt lat="50.86755" lon="3.68908">
    <ele>18.03</ele>
   </trkpt>
   <trkpt lat="50.86760500279812" lon="3.6898899989733653">
    <ele>17.1</ele>
   </trkpt>
   <trkpt lat="50.86766" lon="3.6907">
    <ele>16.96</ele>
   </trkpt>
   <trkpt lat="50.86769334104343" lon="3.6916499986107714">
    <ele>16.76</ele>
   </trkpt>
   <trkpt lat="50.86772667437569" lon="3.692599998580297">
    <ele>16.830000000000002</ele>
   </trkpt>
   <trkpt lat="50.867760000000004" lon="3.69355">
    <ele>17.890000000000004</ele>
   </trkpt>
   <trkpt lat="50.867670000000004" lon="3.6935200000000004">
    <ele>17.890000000000004</ele>
   </trkpt>
   <trkpt lat="50.86750000000001" lon="3.69341">
    <ele>17.75</ele>
   </trkpt>
   <trkpt lat="50.8674" lon="3.6933800000000003">
    <ele>17.69</ele>
   </trkpt>
   <trkpt lat="50.867110000000004" lon="3.6933400000000005">
    <ele>17.68</ele>
   </trkpt>
   <trkpt lat="50.866890000000005" lon="3.69335">
    <ele>17.720000000000002</ele>
   </trkpt>
   <trkpt lat="50.86604800095733" lon="3.6935880171970203">
    <ele>17.92</ele>
   </trkpt>
   <trkpt lat="50.8652060014306" lon="3.693826025796477">
    <ele>18.29</ele>
   </trkpt>
   <trkpt lat="50.86436400141988" lon="3.694064025798935">
    <ele>18.27</ele>
   </trkpt>
   <trkpt lat="50.86352200092519" lon="3.6943020172049583">
    <ele>19.31</ele>
   </trkpt>
   <trkpt lat="50.862680000000005" lon="3.6945400000000004">
    <ele>20.290000000000003</ele>
   </trkpt>
   <trkpt lat="50.862480000000005" lon="3.6946200000000005">
    <ele>20.630000000000003</ele>
   </trkpt>
   <trkpt lat="50.862320000000004" lon="3.6947300000000003">
    <ele>20.880000000000003</ele>
   </trkpt>
   <trkpt lat="50.861760000999006" lon="3.695225005987384">
    <ele>21.550000000000004</ele>
   </trkpt>
   <trkpt lat="50.861200000000004" lon="3.69572">
    <ele>22.1</ele>
   </trkpt>
   <trkpt lat="50.86074000000001" lon="3.6961600000000003">
    <ele>21.84</ele>
   </trkpt>
   <trkpt lat="50.86018750558957" lon="3.6968200234528683">
    <ele>21.32</ele>
   </trkpt>
   <trkpt lat="50.859635007456895" lon="3.697480031265044">
    <ele>21.2</ele>
   </trkpt>
   <trkpt lat="50.85908250560214" lon="3.6981400234371016">
    <ele>21.53</ele>
   </trkpt>
   <trkpt lat="50.85853" lon="3.6988000000000003">
    <ele>21.95</ele>
   </trkpt>
   <trkpt lat="50.858360000000005" lon="3.6990700000000003">
    <ele>22.2</ele>
   </trkpt>
   <trkpt lat="50.857980000000005" lon="3.69987">
    <ele>23.840000000000003</ele>
   </trkpt>
   <trkpt lat="50.85822" lon="3.7001500000000003">
    <ele>24.59</ele>
   </trkpt>
   <trkpt lat="50.858270000000005" lon="3.7001800000000005">
    <ele>24.68</ele>
   </trkpt>
   <trkpt lat="50.858410000000006" lon="3.7002500000000005">
    <ele>25.61</ele>
   </trkpt>
   <trkpt lat="50.858610000000006" lon="3.7002500000000005">
    <ele>27.290000000000003</ele>
   </trkpt>
   <trkpt lat="50.85869" lon="3.7002800000000002">
    <ele>28.310000000000002</ele>
   </trkpt>
   <trkpt lat="50.85873" lon="3.7003200000000005">
    <ele>28.310000000000002</ele>
   </trkpt>
   <trkpt lat="50.858760000000004" lon="3.7003700000000004">
    <ele>28.310000000000002</ele>
   </trkpt>
   <trkpt lat="50.85887" lon="3.7009700000000003">
    <ele>34.92</ele>
   </trkpt>
   <trkpt lat="50.85897000000001" lon="3.7013900000000004">
    <ele>35.88</ele>
   </trkpt>
   <trkpt lat="50.85911" lon="3.7017900000000004">
    <ele>42.03</ele>
   </trkpt>
   <trkpt lat="50.859410000000004" lon="3.7024000000000004">
    <ele>47.42</ele>
   </trkpt>
   <trkpt lat="50.85958" lon="3.7027200000000002">
    <ele>49.53</ele>
   </trkpt>
   <trkpt lat="50.859730000000006" lon="3.7028800000000004">
    <ele>50.60000000000001</ele>
   </trkpt>
   <trkpt lat="50.85980000000001" lon="3.7029300000000003">
    <ele>51.09</ele>
   </trkpt>
   <trkpt lat="50.860040000000005" lon="3.7030100000000004">
    <ele>52.06</ele>
   </trkpt>
   <trkpt lat="50.86008" lon="3.70305">
    <ele>52.51</ele>
   </trkpt>
   <trkpt lat="50.860260000000004" lon="3.70345">
    <ele>53.65</ele>
   </trkpt>
   <trkpt lat="50.860670000000006" lon="3.7042400000000004">
    <ele>56.13</ele>
   </trkpt>
   <trkpt lat="50.86074000000001" lon="3.7043200000000005">
    <ele>56.300000000000004</ele>
   </trkpt>
   <trkpt lat="50.860615004952784" lon="3.7053950027481233">
    <ele>57.370000000000005</ele>
   </trkpt>
   <trkpt lat="50.860490000000006" lon="3.7064700000000004">
    <ele>59.160000000000004</ele>
   </trkpt>
   <trkpt lat="50.86036000000001" lon="3.7069500000000004">
    <ele>59.82000000000001</ele>
   </trkpt>
   <trkpt lat="50.86000000000001" lon="3.7080500000000005">
    <ele>61.71000000000001</ele>
   </trkpt>
   <trkpt lat="50.85992" lon="3.7087800000000004">
    <ele>62.01</ele>
   </trkpt>
   <trkpt lat="50.859910000000006" lon="3.70914">
    <ele>62.220000000000006</ele>
   </trkpt>
   <trkpt lat="50.859950000000005" lon="3.7101800000000003">
    <ele>63.32</ele>
   </trkpt>
   <trkpt lat="50.859930000000006" lon="3.7105500000000005">
    <ele>63.55000000000001</ele>
   </trkpt>
   <trkpt lat="50.8597400079918" lon="3.711516674507613">
    <ele>64.92</ele>
   </trkpt>
   <trkpt lat="50.85955000799897" lon="3.7124833411377245">
    <ele>66.63000000000001</ele>
   </trkpt>
   <trkpt lat="50.85936" lon="3.7134500000000004">
    <ele>68.76</ele>
   </trkpt>
   <trkpt lat="50.859300000000005" lon="3.71383">
    <ele>69.12</ele>
   </trkpt>
   <trkpt lat="50.85927" lon="3.71478">
    <ele>67.71000000000001</ele>
   </trkpt>
   <trkpt lat="50.859300000000005" lon="3.7154800000000003">
    <ele>66.7</ele>
   </trkpt>
   <trkpt lat="50.859370000000006" lon="3.71639">
    <ele>66.18</ele>
   </trkpt>
   <trkpt lat="50.85949000385185" lon="3.7173399975238186">
    <ele>65.53</ele>
   </trkpt>
   <trkpt lat="50.85961" lon="3.71829">
    <ele>64.81</ele>
   </trkpt>
   <trkpt lat="50.85969000000001" lon="3.71851">
    <ele>64.09</ele>
   </trkpt>
   <trkpt lat="50.860030001388736" lon="3.7190699959973164">
    <ele>62.620000000000005</ele>
   </trkpt>
   <trkpt lat="50.86037" lon="3.7196300000000004">
    <ele>61.69</ele>
   </trkpt>
   <trkpt lat="50.86048" lon="3.7198700000000002">
    <ele>61.45</ele>
   </trkpt>
   <trkpt lat="50.86081" lon="3.7207100000000004">
    <ele>60.33</ele>
   </trkpt>
   <trkpt lat="50.86095" lon="3.7211800000000004">
    <ele>59.95</ele>
   </trkpt>
   <trkpt lat="50.861200000000004" lon="3.7225">
    <ele>59.620000000000005</ele>
   </trkpt>
   <trkpt lat="50.86153" lon="3.7225200000000003">
    <ele>57.290000000000006</ele>
   </trkpt>
   <trkpt lat="50.86177000000001" lon="3.7224700000000004">
    <ele>56.49</ele>
   </trkpt>
   <trkpt lat="50.861850000000004" lon="3.7224100000000004">
    <ele>55.34</ele>
   </trkpt>
   <trkpt lat="50.862140000000004" lon="3.7220600000000004">
    <ele>52.550000000000004</ele>
   </trkpt>
   <trkpt lat="50.862230000000004" lon="3.7219800000000003">
    <ele>51.46000000000001</ele>
   </trkpt>
   <trkpt lat="50.86234" lon="3.7219400000000005">
    <ele>50.230000000000004</ele>
   </trkpt>
   <trkpt lat="50.86251000000001" lon="3.7219300000000004">
    <ele>49.510000000000005</ele>
   </trkpt>
   <trkpt lat="50.86285" lon="3.7219700000000002">
    <ele>47.64</ele>
   </trkpt>
   <trkpt lat="50.8629" lon="3.7222100000000005">
    <ele>46.92</ele>
   </trkpt>
   <trkpt lat="50.86292" lon="3.72257">
    <ele>46.57000000000001</ele>
   </trkpt>
   <trkpt lat="50.86296" lon="3.7227200000000003">
    <ele>46.57000000000001</ele>
   </trkpt>
   <trkpt lat="50.86299" lon="3.72277">
    <ele>46.7</ele>
   </trkpt>
   <trkpt lat="50.863260000000004" lon="3.72305">
    <ele>46.7</ele>
   </trkpt>
   <trkpt lat="50.863330000000005" lon="3.72319">
    <ele>46.42</ele>
   </trkpt>
   <trkpt lat="50.863330000000005" lon="3.72366">
    <ele>46.36000000000001</ele>
   </trkpt>
   <trkpt lat="50.86337" lon="3.7238300000000004">
    <ele>46.25000000000001</ele>
   </trkpt>
   <trkpt lat="50.86384" lon="3.72427">
    <ele>44.93000000000001</ele>
   </trkpt>
   <trkpt lat="50.86397" lon="3.7244900000000003">
    <ele>45.040000000000006</ele>
   </trkpt>
   <trkpt lat="50.864000000000004" lon="3.7246200000000003">
    <ele>45.11000000000001</ele>
   </trkpt>
   <trkpt lat="50.86403000000001" lon="3.7249100000000004">
    <ele>45.56</ele>
   </trkpt>
   <trkpt lat="50.864020000000004" lon="3.7254400000000003">
    <ele>45.28</ele>
   </trkpt>
   <trkpt lat="50.86403000000001" lon="3.7257100000000003">
    <ele>44.99</ele>
   </trkpt>
   <trkpt lat="50.864180000000005" lon="3.7268200000000005">
    <ele>43.75</ele>
   </trkpt>
   <trkpt lat="50.864200000000004" lon="3.7271000000000005">
    <ele>43.67</ele>
   </trkpt>
   <trkpt lat="50.86412000000001" lon="3.7273500000000004">
    <ele>43.160000000000004</ele>
   </trkpt>
   <trkpt lat="50.86372" lon="3.7282500000000005">
    <ele>41.580000000000005</ele>
   </trkpt>
   <trkpt lat="50.86363000000001" lon="3.72839">
    <ele>41.580000000000005</ele>
   </trkpt>
   <trkpt lat="50.86334" lon="3.72874">
    <ele>41.2</ele>
   </trkpt>
   <trkpt lat="50.8631" lon="3.7291600000000003">
    <ele>40.95</ele>
   </trkpt>
   <trkpt lat="50.86289000000001" lon="3.7293700000000003">
    <ele>41.53</ele>
   </trkpt>
   <trkpt lat="50.86278" lon="3.72942">
    <ele>41.53</ele>
   </trkpt>
   <trkpt lat="50.862100000000005" lon="3.7295700000000003">
    <ele>43.34</ele>
   </trkpt>
   <trkpt lat="50.86198" lon="3.72961">
    <ele>43.86</ele>
   </trkpt>
   <trkpt lat="50.86146" lon="3.7299900000000004">
    <ele>43.76</ele>
   </trkpt>
   <trkpt lat="50.861090000000004" lon="3.7303100000000002">
    <ele>44.120000000000005</ele>
   </trkpt>
   <trkpt lat="50.86106" lon="3.73036">
    <ele>44.160000000000004</ele>
   </trkpt>
   <trkpt lat="50.86103000000001" lon="3.7304200000000005">
    <ele>44.17</ele>
   </trkpt>
   <trkpt lat="50.86102" lon="3.7305">
    <ele>44.15</ele>
   </trkpt>
   <trkpt lat="50.861070000000005" lon="3.7308800000000004">
    <ele>43.45</ele>
   </trkpt>
   <trkpt lat="50.861090000000004" lon="3.7312200000000004">
    <ele>43.03000000000001</ele>
   </trkpt>
   <trkpt lat="50.86111000270194" lon="3.7320149997283196">
    <ele>39.89</ele>
   </trkpt>
   <trkpt lat="50.86113" lon="3.73281">
    <ele>38.34</ele>
   </trkpt>
   <trkpt lat="50.86112000000001" lon="3.73294">
    <ele>38.160000000000004</ele>
   </trkpt>
   <trkpt lat="50.861070000000005" lon="3.7331900000000005">
    <ele>37.92</ele>
   </trkpt>
   <trkpt lat="50.86097" lon="3.7334300000000002">
    <ele>37.89</ele>
   </trkpt>
   <trkpt lat="50.860760000000006" lon="3.7337200000000004">
    <ele>38.35</ele>
   </trkpt>
   <trkpt lat="50.86056000000001" lon="3.7339300000000004">
    <ele>38.67</ele>
   </trkpt>
   <trkpt lat="50.860400000000006" lon="3.7340600000000004">
    <ele>39.32</ele>
   </trkpt>
   <trkpt lat="50.86032" lon="3.7341500000000005">
    <ele>39.32</ele>
   </trkpt>
   <trkpt lat="50.86007000000001" lon="3.73463">
    <ele>41.17</ele>
   </trkpt>
   <trkpt lat="50.85994" lon="3.73484">
    <ele>41.93</ele>
   </trkpt>
   <trkpt lat="50.85969000000001" lon="3.7351900000000002">
    <ele>43.46000000000001</ele>
   </trkpt>
   <trkpt lat="50.85963" lon="3.7354100000000003">
    <ele>43.99</ele>
   </trkpt>
   <trkpt lat="50.85967" lon="3.7356700000000003">
    <ele>45.040000000000006</ele>
   </trkpt>
   <trkpt lat="50.85995500241939" lon="3.7364349951071603">
    <ele>49.78</ele>
   </trkpt>
   <trkpt lat="50.860240000000005" lon="3.7372000000000005">
    <ele>54.31</ele>
   </trkpt>
   <trkpt lat="50.86037" lon="3.7371200000000004">
    <ele>54.46</ele>
   </trkpt>
   <trkpt lat="50.86053500260757" lon="3.7379099969229785">
    <ele>54.37</ele>
   </trkpt>
   <trkpt lat="50.8607" lon="3.7387">
    <ele>56.31</ele>
   </trkpt>
   <trkpt lat="50.8609" lon="3.73992">
    <ele>59.72</ele>
   </trkpt>
   <trkpt lat="50.86113" lon="3.74114">
    <ele>61.51</ele>
   </trkpt>
   <trkpt lat="50.861480007781296" lon="3.7420933190635974">
    <ele>61.42</ele>
   </trkpt>
   <trkpt lat="50.861830007796975" lon="3.7430466524394097">
    <ele>60.27</ele>
   </trkpt>
   <trkpt lat="50.86218" lon="3.744">
    <ele>59.13</ele>
   </trkpt>
   <trkpt lat="50.86249" lon="3.7447700000000004">
    <ele>58.61</ele>
   </trkpt>
   <trkpt lat="50.86297501219734" lon="3.7457449696003966">
    <ele>56.88</ele>
   </trkpt>
   <trkpt lat="50.863460016272384" lon="3.746719959485099">
    <ele>55.93000000000001</ele>
   </trkpt>
   <trkpt lat="50.8639450122248" lon="3.747694969654542">
    <ele>54.45</ele>
   </trkpt>
   <trkpt lat="50.864430000000006" lon="3.74867">
    <ele>52.95</ele>
   </trkpt>
   <trkpt lat="50.86474000382303" lon="3.7496199935832024">
    <ele>50.63</ele>
   </trkpt>
   <trkpt lat="50.865050000000004" lon="3.75057">
    <ele>47.18000000000001</ele>
   </trkpt>
   <trkpt lat="50.865500000000004" lon="3.7517700000000005">
    <ele>44.11</ele>
   </trkpt>
   <trkpt lat="50.86582000000001" lon="3.75254">
    <ele>41.84</ele>
   </trkpt>
   <trkpt lat="50.86592" lon="3.7527500000000003">
    <ele>41.410000000000004</ele>
   </trkpt>
   <trkpt lat="50.866080000000004" lon="3.7533300000000005">
    <ele>38.71</ele>
   </trkpt>
   <trkpt lat="50.866150000000005" lon="3.7535000000000003">
    <ele>38.71</ele>
   </trkpt>
   <trkpt lat="50.86619" lon="3.7535600000000002">
    <ele>38.71</ele>
   </trkpt>
   <trkpt lat="50.86657" lon="3.7538000000000005">
    <ele>36.08</ele>
   </trkpt>
   <trkpt lat="50.866640000000004" lon="3.75381">
    <ele>36.08</ele>
   </trkpt>
   <trkpt lat="50.86715" lon="3.7536600000000004">
    <ele>31.970000000000006</ele>
   </trkpt>
   <trkpt lat="50.867380000000004" lon="3.7534600000000005">
    <ele>30.27</ele>
   </trkpt>
   <trkpt lat="50.86764" lon="3.7531600000000003">
    <ele>28.91</ele>
   </trkpt>
   <trkpt lat="50.86773" lon="3.75308">
    <ele>28.450000000000003</ele>
   </trkpt>
   <trkpt lat="50.8678" lon="3.7530500000000004">
    <ele>28.19</ele>
   </trkpt>
   <trkpt lat="50.86788000000001" lon="3.7530500000000004">
    <ele>28.19</ele>
   </trkpt>
   <trkpt lat="50.86815000000001" lon="3.75314">
    <ele>27.500000000000004</ele>
   </trkpt>
   <trkpt lat="50.868480000000005" lon="3.7536300000000002">
    <ele>24.73</ele>
   </trkpt>
   <trkpt lat="50.86867" lon="3.7538600000000004">
    <ele>23.91</ele>
   </trkpt>
   <trkpt lat="50.868860000000005" lon="3.7540500000000003">
    <ele>23.360000000000003</ele>
   </trkpt>
   <trkpt lat="50.86901" lon="3.7541700000000002">
    <ele>23.080000000000002</ele>
   </trkpt>
   <trkpt lat="50.8695" lon="3.7544000000000004">
    <ele>22.400000000000002</ele>
   </trkpt>
   <trkpt lat="50.86966" lon="3.7545100000000002">
    <ele>22.29</ele>
   </trkpt>
   <trkpt lat="50.869980000000005" lon="3.7548600000000003">
    <ele>22.2</ele>
   </trkpt>
   <trkpt lat="50.870090000000005" lon="3.75503">
    <ele>22.12</ele>
   </trkpt>
   <trkpt lat="50.870470000000005" lon="3.75552">
    <ele>21.120000000000005</ele>
   </trkpt>
   <trkpt lat="50.87129" lon="3.7560800000000003">
    <ele>19.89</ele>
   </trkpt>
   <trkpt lat="50.87135000000001" lon="3.7561000000000004">
    <ele>19.89</ele>
   </trkpt>
   <trkpt lat="50.87158" lon="3.7561000000000004">
    <ele>19.5</ele>
   </trkpt>
   <trkpt lat="50.872460000000004" lon="3.7560000000000002">
    <ele>19.650000000000002</ele>
   </trkpt>
   <trkpt lat="50.872550000000004" lon="3.7560300000000004">
    <ele>19.62</ele>
   </trkpt>
   <trkpt lat="50.87266" lon="3.7561700000000005">
    <ele>19.6</ele>
   </trkpt>
   <trkpt lat="50.87272" lon="3.7563800000000005">
    <ele>19.6</ele>
   </trkpt>
   <trkpt lat="50.87281000339438" lon="3.7572749979976376">
    <ele>19.6</ele>
   </trkpt>
   <trkpt lat="50.8729" lon="3.7581700000000002">
    <ele>19.82</ele>
   </trkpt>
   <trkpt lat="50.873050000000006" lon="3.7589200000000003">
    <ele>20.34</ele>
   </trkpt>
   <trkpt lat="50.87328500449179" lon="3.7599449948473587">
    <ele>20.69</ele>
   </trkpt>
   <trkpt lat="50.873520000000006" lon="3.7609700000000004">
    <ele>20.950000000000003</ele>
   </trkpt>
   <trkpt lat="50.87368000000001" lon="3.7615800000000004">
    <ele>20.990000000000002</ele>
   </trkpt>
   <trkpt lat="50.87393" lon="3.7623">
    <ele>21.62</ele>
   </trkpt>
   <trkpt lat="50.87433000000001" lon="3.76236">
    <ele>22.240000000000002</ele>
   </trkpt>
   <trkpt lat="50.87476" lon="3.7624800000000005">
    <ele>23.21</ele>
   </trkpt>
   <trkpt lat="50.874990000000004" lon="3.7625">
    <ele>23.840000000000003</ele>
   </trkpt>
   <trkpt lat="50.875240000000005" lon="3.76249">
    <ele>24.3</ele>
   </trkpt>
   <trkpt lat="50.875530000000005" lon="3.7624500000000003">
    <ele>25.44</ele>
   </trkpt>
   <trkpt lat="50.876090000000005" lon="3.7623100000000003">
    <ele>28.020000000000003</ele>
   </trkpt>
   <trkpt lat="50.87644" lon="3.7622500000000003">
    <ele>29.960000000000004</ele>
   </trkpt>
   <trkpt lat="50.876540000000006" lon="3.7623">
    <ele>30.570000000000004</ele>
   </trkpt>
   <trkpt lat="50.87662" lon="3.76237">
    <ele>30.94</ele>
   </trkpt>
   <trkpt lat="50.87686" lon="3.76269">
    <ele>31.98</ele>
   </trkpt>
   <trkpt lat="50.877120000000005" lon="3.7630900000000005">
    <ele>32.650000000000006</ele>
   </trkpt>
   <trkpt lat="50.877280000000006" lon="3.7634700000000003">
    <ele>33.370000000000005</ele>
   </trkpt>
   <trkpt lat="50.877430000000004" lon="3.7640700000000002">
    <ele>33.57</ele>
   </trkpt>
   <trkpt lat="50.877610000000004" lon="3.7651200000000005">
    <ele>33.54</ele>
   </trkpt>
   <trkpt lat="50.87798" lon="3.7662600000000004">
    <ele>33.760000000000005</ele>
   </trkpt>
   <trkpt lat="50.87814" lon="3.7666600000000003">
    <ele>34.0</ele>
   </trkpt>
   <trkpt lat="50.878585003602495" lon="3.7675799911871426">
    <ele>34.79</ele>
   </trkpt>
   <trkpt lat="50.87903000000001" lon="3.7685000000000004">
    <ele>35.980000000000004</ele>
   </trkpt>
   <trkpt lat="50.8793825124866" lon="3.7694874775605154">
    <ele>37.61000000000001</ele>
   </trkpt>
   <trkpt lat="50.87973501664219" lon="3.7704749700616795">
    <ele>38.580000000000005</ele>
   </trkpt>
   <trkpt lat="50.8800875124665" lon="3.7714624775035555">
    <ele>39.2</ele>
   </trkpt>
   <trkpt lat="50.88044000000001" lon="3.7724500000000005">
    <ele>39.760000000000005</ele>
   </trkpt>
   <trkpt lat="50.88058" lon="3.7727200000000005">
    <ele>40.620000000000005</ele>
   </trkpt>
   <trkpt lat="50.88087" lon="3.7731700000000004">
    <ele>41.620000000000005</ele>
   </trkpt>
   <trkpt lat="50.88096" lon="3.77334">
    <ele>42.1</ele>
   </trkpt>
   <trkpt lat="50.88109000000001" lon="3.7737700000000003">
    <ele>42.79</ele>
   </trkpt>
   <trkpt lat="50.8813" lon="3.77436">
    <ele>43.63</ele>
   </trkpt>
   <trkpt lat="50.88136" lon="3.77449">
    <ele>44.190000000000005</ele>
   </trkpt>
   <trkpt lat="50.88163" lon="3.7749">
    <ele>45.00000000000001</ele>
   </trkpt>
   <trkpt lat="50.881690000000006" lon="3.77504">
    <ele>45.00000000000001</ele>
   </trkpt>
   <trkpt lat="50.88201000352481" lon="3.775944993858574">
    <ele>45.95</ele>
   </trkpt>
   <trkpt lat="50.88233" lon="3.7768500000000005">
    <ele>46.11000000000001</ele>
   </trkpt>
   <trkpt lat="50.88259000000001" lon="3.7776700000000005">
    <ele>44.65</ele>
   </trkpt>
   <trkpt lat="50.88277" lon="3.7783">
    <ele>43.81</ele>
   </trkpt>
   <trkpt lat="50.882960000000004" lon="3.7788200000000005">
    <ele>42.93</ele>
   </trkpt>
   <trkpt lat="50.883220001636424" lon="3.779429996706062">
    <ele>42.43</ele>
   </trkpt>
   <trkpt lat="50.883480000000006" lon="3.7800400000000005">
    <ele>41.910000000000004</ele>
   </trkpt>
   <trkpt lat="50.883770000000005" lon="3.7811200000000005">
    <ele>41.82</ele>
   </trkpt>
   <trkpt lat="50.883720000000004" lon="3.7811200000000005">
    <ele>41.800000000000004</ele>
   </trkpt>
   <trkpt lat="50.8836" lon="3.7813000000000003">
    <ele>42.28</ele>
   </trkpt>
   <trkpt lat="50.88319000080027" lon="3.7817050034656092">
    <ele>43.47</ele>
   </trkpt>
   <trkpt lat="50.882780000000004" lon="3.7821100000000003">
    <ele>43.940000000000005</ele>
   </trkpt>
   <trkpt lat="50.88268000000001" lon="3.7821100000000003">
    <ele>43.93</ele>
   </trkpt>
   <trkpt lat="50.882630000000006" lon="3.7819400000000005">
    <ele>44.0</ele>
   </trkpt>
   <trkpt lat="50.88246" lon="3.7816400000000003">
    <ele>43.85000000000001</ele>
   </trkpt>
   <trkpt lat="50.88215" lon="3.7812600000000005">
    <ele>42.89</ele>
   </trkpt>
   <trkpt lat="50.881730000000005" lon="3.7808500000000005">
    <ele>41.370000000000005</ele>
   </trkpt>
   <trkpt lat="50.88143" lon="3.7806">
    <ele>38.35</ele>
   </trkpt>
   <trkpt lat="50.880795003917804" lon="3.779654987274812">
    <ele>31.160000000000004</ele>
   </trkpt>
   <trkpt lat="50.880160000000004" lon="3.7787100000000002">
    <ele>28.91</ele>
   </trkpt>
   <trkpt lat="50.880030000000005" lon="3.77842">
    <ele>28.75</ele>
   </trkpt>
   <trkpt lat="50.87979000000001" lon="3.77762">
    <ele>27.83</ele>
   </trkpt>
   <trkpt lat="50.879740000000005" lon="3.77754">
    <ele>27.83</ele>
   </trkpt>
   <trkpt lat="50.879670000000004" lon="3.77748">
    <ele>27.270000000000003</ele>
   </trkpt>
   <trkpt lat="50.878910000000005" lon="3.777">
    <ele>25.61</ele>
   </trkpt>
   <trkpt lat="50.87846500004632" lon="3.776749997488633">
    <ele>25.66</ele>
   </trkpt>
   <trkpt lat="50.87802000000001" lon="3.7765000000000004">
    <ele>26.62</ele>
   </trkpt>
   <trkpt lat="50.877790000000005" lon="3.7764100000000003">
    <ele>27.76</ele>
   </trkpt>
   <trkpt lat="50.8776" lon="3.7764">
    <ele>27.76</ele>
   </trkpt>
   <trkpt lat="50.877230000000004" lon="3.7764500000000005">
    <ele>29.800000000000004</ele>
   </trkpt>
   <trkpt lat="50.87715000000001" lon="3.7764400000000005">
    <ele>30.21</ele>
   </trkpt>
   <trkpt lat="50.877100000000006" lon="3.7764">
    <ele>30.21</ele>
   </trkpt>
   <trkpt lat="50.87704" lon="3.77625">
    <ele>30.04</ele>
   </trkpt>
   <trkpt lat="50.87687000370774" lon="3.7753199966786517">
    <ele>27.070000000000004</ele>
   </trkpt>
   <trkpt lat="50.87670000000001" lon="3.7743900000000004">
    <ele>25.25</ele>
   </trkpt>
   <trkpt lat="50.876630000000006" lon="3.77375">
    <ele>24.690000000000005</ele>
   </trkpt>
   <trkpt lat="50.8766" lon="3.77361">
    <ele>24.610000000000003</ele>
   </trkpt>
   <trkpt lat="50.876520000000006" lon="3.7734600000000005">
    <ele>24.580000000000002</ele>
   </trkpt>
   <trkpt lat="50.876250000000006" lon="3.7732500000000004">
    <ele>25.080000000000002</ele>
   </trkpt>
   <trkpt lat="50.87594000000001" lon="3.7729500000000002">
    <ele>26.080000000000002</ele>
   </trkpt>
   <trkpt lat="50.875370000000004" lon="3.7725800000000005">
    <ele>29.57</ele>
   </trkpt>
   <trkpt lat="50.87520000000001" lon="3.7725800000000005">
    <ele>30.520000000000003</ele>
   </trkpt>
   <trkpt lat="50.87480000000001" lon="3.7726400000000004">
    <ele>33.940000000000005</ele>
   </trkpt>
   <trkpt lat="50.87449" lon="3.77259">
    <ele>36.58</ele>
   </trkpt>
   <trkpt lat="50.874210000000005" lon="3.7726200000000003">
    <ele>37.68000000000001</ele>
   </trkpt>
   <trkpt lat="50.87413" lon="3.77259">
    <ele>38.2</ele>
   </trkpt>
   <trkpt lat="50.87404" lon="3.7725000000000004">
    <ele>38.900000000000006</ele>
   </trkpt>
   <trkpt lat="50.87375" lon="3.7718400000000005">
    <ele>40.760000000000005</ele>
   </trkpt>
   <trkpt lat="50.87362" lon="3.77145">
    <ele>41.39</ele>
   </trkpt>
   <trkpt lat="50.873340000000006" lon="3.7707500000000005">
    <ele>41.81000000000001</ele>
   </trkpt>
   <trkpt lat="50.87317" lon="3.7704800000000005">
    <ele>41.910000000000004</ele>
   </trkpt>
   <trkpt lat="50.8727" lon="3.7698600000000004">
    <ele>41.88</ele>
   </trkpt>
   <trkpt lat="50.87266" lon="3.76975">
    <ele>41.88</ele>
   </trkpt>
   <trkpt lat="50.87265000000001" lon="3.7695100000000004">
    <ele>41.31</ele>
   </trkpt>
   <trkpt lat="50.87279" lon="3.7687500000000003">
    <ele>39.56</ele>
   </trkpt>
   <trkpt lat="50.87279" lon="3.7685700000000004">
    <ele>39.17</ele>
   </trkpt>
   <trkpt lat="50.87275" lon="3.76826">
    <ele>38.650000000000006</ele>
   </trkpt>
   <trkpt lat="50.87263" lon="3.76798">
    <ele>38.36000000000001</ele>
   </trkpt>
   <trkpt lat="50.872420000000005" lon="3.7676700000000003">
    <ele>38.18000000000001</ele>
   </trkpt>
   <trkpt lat="50.872130000000006" lon="3.7671600000000005">
    <ele>38.34</ele>
   </trkpt>
   <trkpt lat="50.871880000000004" lon="3.76683">
    <ele>38.77</ele>
   </trkpt>
   <trkpt lat="50.871790000000004" lon="3.7669400000000004">
    <ele>38.77</ele>
   </trkpt>
   <trkpt lat="50.871550000000006" lon="3.76731">
    <ele>39.07</ele>
   </trkpt>
   <trkpt lat="50.871430000000004" lon="3.7675300000000003">
    <ele>39.56</ele>
   </trkpt>
   <trkpt lat="50.871370000000006" lon="3.7676800000000004">
    <ele>39.690000000000005</ele>
   </trkpt>
   <trkpt lat="50.871280000000006" lon="3.7682200000000003">
    <ele>41.400000000000006</ele>
   </trkpt>
   <trkpt lat="50.87093000100963" lon="3.7687150037694046">
    <ele>44.07000000000001</ele>
   </trkpt>
   <trkpt lat="50.870580000000004" lon="3.76921">
    <ele>45.87</ele>
   </trkpt>
   <trkpt lat="50.870430000000006" lon="3.7693600000000003">
    <ele>46.510000000000005</ele>
   </trkpt>
   <trkpt lat="50.87028" lon="3.76948">
    <ele>46.900000000000006</ele>
   </trkpt>
   <trkpt lat="50.86943" lon="3.7698400000000003">
    <ele>48.49</ele>
   </trkpt>
   <trkpt lat="50.868556667592316" lon="3.7701666789015764">
    <ele>48.14</ele>
   </trkpt>
   <trkpt lat="50.86768333427283" lon="3.770493345562777">
    <ele>47.39</ele>
   </trkpt>
   <trkpt lat="50.86681" lon="3.7708200000000005">
    <ele>46.19</ele>
   </trkpt>
   <trkpt lat="50.86663" lon="3.7709300000000003">
    <ele>45.050000000000004</ele>
   </trkpt>
   <trkpt lat="50.86596" lon="3.7715600000000005">
    <ele>42.11</ele>
   </trkpt>
   <trkpt lat="50.86582000000001" lon="3.7716700000000003">
    <ele>41.52</ele>
   </trkpt>
   <trkpt lat="50.86565" lon="3.7717500000000004">
    <ele>39.63</ele>
   </trkpt>
   <trkpt lat="50.86551000000001" lon="3.77179">
    <ele>38.580000000000005</ele>
   </trkpt>
   <trkpt lat="50.86536" lon="3.7718000000000003">
    <ele>37.98</ele>
   </trkpt>
   <trkpt lat="50.86491" lon="3.77172">
    <ele>36.71</ele>
   </trkpt>
   <trkpt lat="50.864990000000006" lon="3.77218">
    <ele>35.42</ele>
   </trkpt>
   <trkpt lat="50.865050000000004" lon="3.7724100000000003">
    <ele>35.21000000000001</ele>
   </trkpt>
   <trkpt lat="50.865370000000006" lon="3.7733200000000005">
    <ele>35.93</ele>
   </trkpt>
   <trkpt lat="50.86574" lon="3.7742400000000003">
    <ele>37.49</ele>
   </trkpt>
   <trkpt lat="50.86578" lon="3.7743700000000002">
    <ele>37.49</ele>
   </trkpt>
   <trkpt lat="50.86582000000001" lon="3.7746500000000003">
    <ele>37.89</ele>
   </trkpt>
   <trkpt lat="50.86585" lon="3.7759000000000005">
    <ele>38.330000000000005</ele>
   </trkpt>
   <trkpt lat="50.8659" lon="3.7764300000000004">
    <ele>38.25000000000001</ele>
   </trkpt>
   <trkpt lat="50.865990000000004" lon="3.7769000000000004">
    <ele>38.13</ele>
   </trkpt>
   <trkpt lat="50.86617500186012" lon="3.7775549974972153">
    <ele>37.98</ele>
   </trkpt>
   <trkpt lat="50.86636000000001" lon="3.7782100000000005">
    <ele>38.25000000000001</ele>
   </trkpt>
   <trkpt lat="50.86657500184388" lon="3.778869996903725">
    <ele>38.580000000000005</ele>
   </trkpt>
   <trkpt lat="50.86679" lon="3.7795300000000003">
    <ele>38.62</ele>
   </trkpt>
   <trkpt lat="50.866870000000006" lon="3.77991">
    <ele>38.35</ele>
   </trkpt>
   <trkpt lat="50.86699" lon="3.7809600000000003">
    <ele>37.52</ele>
   </trkpt>
   <trkpt lat="50.86706" lon="3.78135">
    <ele>37.52</ele>
   </trkpt>
   <trkpt lat="50.867235001901385" lon="3.7820249972920834">
    <ele>36.83</ele>
   </trkpt>
   <trkpt lat="50.86741000000001" lon="3.7827">
    <ele>36.75000000000001</ele>
   </trkpt>
   <trkpt lat="50.867630000000005" lon="3.7836600000000002">
    <ele>36.53</ele>
   </trkpt>
   <trkpt lat="50.867670000000004" lon="3.7839400000000003">
    <ele>36.57000000000001</ele>
   </trkpt>
   <trkpt lat="50.867630000000005" lon="3.7839700000000005">
    <ele>36.45</ele>
   </trkpt>
   <trkpt lat="50.867650000000005" lon="3.7843400000000003">
    <ele>36.64000000000001</ele>
   </trkpt>
   <trkpt lat="50.867645004845436" lon="3.785405000136801">
    <ele>37.4</ele>
   </trkpt>
   <trkpt lat="50.86764" lon="3.7864700000000004">
    <ele>38.82</ele>
   </trkpt>
   <trkpt lat="50.86768000000001" lon="3.78696">
    <ele>39.370000000000005</ele>
   </trkpt>
   <trkpt lat="50.86773" lon="3.7874100000000004">
    <ele>40.900000000000006</ele>
   </trkpt>
   <trkpt lat="50.86779000000001" lon="3.78772">
    <ele>42.57</ele>
   </trkpt>
   <trkpt lat="50.86788000000001" lon="3.7879500000000004">
    <ele>43.5</ele>
   </trkpt>
   <trkpt lat="50.868" lon="3.7881400000000003">
    <ele>45.13</ele>
   </trkpt>
   <trkpt lat="50.868050000000004" lon="3.78826">
    <ele>45.13</ele>
   </trkpt>
   <trkpt lat="50.868100000000005" lon="3.7884800000000003">
    <ele>46.080000000000005</ele>
   </trkpt>
   <trkpt lat="50.86811" lon="3.78879">
    <ele>46.82</ele>
   </trkpt>
   <trkpt lat="50.86804000000001" lon="3.7892900000000003">
    <ele>47.940000000000005</ele>
   </trkpt>
   <trkpt lat="50.868" lon="3.7893100000000004">
    <ele>47.910000000000004</ele>
   </trkpt>
   <trkpt lat="50.8678" lon="3.7895000000000003">
    <ele>47.790000000000006</ele>
   </trkpt>
   <trkpt lat="50.86726333482594" lon="3.7899233431107366">
    <ele>47.56</ele>
   </trkpt>
   <trkpt lat="50.86672666812061" lon="3.7903466764744174">
    <ele>46.98</ele>
   </trkpt>
   <trkpt lat="50.86619" lon="3.79077">
    <ele>46.92</ele>
   </trkpt>
   <trkpt lat="50.865880000000004" lon="3.79104">
    <ele>46.85</ele>
   </trkpt>
   <trkpt lat="50.865320000000004" lon="3.79157">
    <ele>45.93000000000001</ele>
   </trkpt>
   <trkpt lat="50.86497000000001" lon="3.7919400000000003">
    <ele>45.27</ele>
   </trkpt>
   <trkpt lat="50.86484" lon="3.79212">
    <ele>45.02</ele>
   </trkpt>
   <trkpt lat="50.864580000000004" lon="3.7925700000000004">
    <ele>44.6</ele>
   </trkpt>
   <trkpt lat="50.864450000000005" lon="3.79266">
    <ele>44.31</ele>
   </trkpt>
   <trkpt lat="50.86426" lon="3.7927400000000002">
    <ele>44.03000000000001</ele>
   </trkpt>
   <trkpt lat="50.86394000000001" lon="3.7929600000000003">
    <ele>43.67</ele>
   </trkpt>
   <trkpt lat="50.86359" lon="3.7935800000000004">
    <ele>42.81</ele>
   </trkpt>
   <trkpt lat="50.86337" lon="3.7938600000000005">
    <ele>42.61</ele>
   </trkpt>
   <trkpt lat="50.863080000000004" lon="3.7941300000000004">
    <ele>43.28000000000001</ele>
   </trkpt>
   <trkpt lat="50.863040000000005" lon="3.79429">
    <ele>43.34</ele>
   </trkpt>
   <trkpt lat="50.86321" lon="3.7953900000000003">
    <ele>45.67</ele>
   </trkpt>
   <trkpt lat="50.863200000000006" lon="3.7957300000000003">
    <ele>47.190000000000005</ele>
   </trkpt>
   <trkpt lat="50.86318000000001" lon="3.7958300000000005">
    <ele>47.580000000000005</ele>
   </trkpt>
   <trkpt lat="50.863130000000005" lon="3.7958700000000003">
    <ele>47.650000000000006</ele>
   </trkpt>
   <trkpt lat="50.86312" lon="3.7958800000000004">
    <ele>47.650000000000006</ele>
   </trkpt>
   <trkpt lat="50.862700000000004" lon="3.7960400000000005">
    <ele>47.52</ele>
   </trkpt>
   <trkpt lat="50.86265" lon="3.7961000000000005">
    <ele>47.52</ele>
   </trkpt>
   <trkpt lat="50.86256" lon="3.79606">
    <ele>47.52</ele>
   </trkpt>
   <trkpt lat="50.86245" lon="3.79606">
    <ele>47.34</ele>
   </trkpt>
   <trkpt lat="50.86201500022451" lon="3.7962650018913644">
    <ele>45.790000000000006</ele>
   </trkpt>
   <trkpt lat="50.861580000000004" lon="3.7964700000000002">
    <ele>43.93</ele>
   </trkpt>
   <trkpt lat="50.860960000000006" lon="3.7966300000000004">
    <ele>42.47</ele>
   </trkpt>
   <trkpt lat="50.86086" lon="3.7966800000000003">
    <ele>42.2</ele>
   </trkpt>
   <trkpt lat="50.86083000000001" lon="3.79652">
    <ele>41.690000000000005</ele>
   </trkpt>
   <trkpt lat="50.86054000000001" lon="3.7956900000000005">
    <ele>37.68000000000001</ele>
   </trkpt>
   <trkpt lat="50.86039" lon="3.79537">
    <ele>36.92</ele>
   </trkpt>
   <trkpt lat="50.860130000000005" lon="3.7950200000000005">
    <ele>36.660000000000004</ele>
   </trkpt>
   <trkpt lat="50.859575005372236" lon="3.794372476878444">
    <ele>37.18000000000001</ele>
   </trkpt>
   <trkpt lat="50.85902000716186" lon="3.7937249691704564">
    <ele>39.620000000000005</ele>
   </trkpt>
   <trkpt lat="50.85846500536904" lon="3.7930774768754647">
    <ele>42.43</ele>
   </trkpt>
   <trkpt lat="50.857910000000004" lon="3.7924300000000004">
    <ele>45.790000000000006</ele>
   </trkpt>
   <trkpt lat="50.85783000000001" lon="3.7923100000000005">
    <ele>46.28</ele>
   </trkpt>
   <trkpt lat="50.857290007655884" lon="3.7913633114061374">
    <ele>48.400000000000006</ele>
   </trkpt>
   <trkpt lat="50.85675000765385" lon="3.7904166447363004">
    <ele>51.550000000000004</ele>
   </trkpt>
   <trkpt lat="50.856210000000004" lon="3.78947">
    <ele>53.75000000000001</ele>
   </trkpt>
   <trkpt lat="50.855810000000005" lon="3.7888200000000003">
    <ele>57.160000000000004</ele>
   </trkpt>
   <trkpt lat="50.85549" lon="3.7883500000000003">
    <ele>59.29</ele>
   </trkpt>
   <trkpt lat="50.855290000000004" lon="3.7880900000000004">
    <ele>60.33</ele>
   </trkpt>
   <trkpt lat="50.85493" lon="3.7877700000000005">
    <ele>61.24</ele>
   </trkpt>
   <trkpt lat="50.854130000000005" lon="3.7871900000000003">
    <ele>64.87</ele>
   </trkpt>
   <trkpt lat="50.853910000000006" lon="3.7869500000000005">
    <ele>65.44000000000001</ele>
   </trkpt>
   <trkpt lat="50.853730000000006" lon="3.78669">
    <ele>66.29</ele>
   </trkpt>
   <trkpt lat="50.85349" lon="3.78623">
    <ele>67.27000000000001</ele>
   </trkpt>
   <trkpt lat="50.853460000000005" lon="3.7860500000000004">
    <ele>67.22</ele>
   </trkpt>
   <trkpt lat="50.85343" lon="3.78595">
    <ele>67.22</ele>
   </trkpt>
   <trkpt lat="50.85298" lon="3.78555">
    <ele>68.71000000000001</ele>
   </trkpt>
   <trkpt lat="50.85287" lon="3.7855200000000004">
    <ele>69.18</ele>
   </trkpt>
   <trkpt lat="50.852740000000004" lon="3.7855600000000003">
    <ele>69.18</ele>
   </trkpt>
   <trkpt lat="50.85246" lon="3.7857200000000004">
    <ele>70.33</ele>
   </trkpt>
   <trkpt lat="50.85237000000001" lon="3.78581">
    <ele>70.9</ele>
   </trkpt>
   <trkpt lat="50.85226" lon="3.7858700000000005">
    <ele>70.9</ele>
   </trkpt>
   <trkpt lat="50.851890000000004" lon="3.78616">
    <ele>72.05</ele>
   </trkpt>
   <trkpt lat="50.851580000000006" lon="3.7863100000000003">
    <ele>72.8</ele>
   </trkpt>
   <trkpt lat="50.851420000000005" lon="3.7863400000000005">
    <ele>72.99</ele>
   </trkpt>
   <trkpt lat="50.85121" lon="3.78635">
    <ele>73.19</ele>
   </trkpt>
   <trkpt lat="50.851020000000005" lon="3.7863">
    <ele>73.87</ele>
   </trkpt>
   <trkpt lat="50.85054" lon="3.7861100000000003">
    <ele>75.83000000000001</ele>
   </trkpt>
   <trkpt lat="50.850410000000004" lon="3.7860700000000005">
    <ele>76.71</ele>
   </trkpt>
   <trkpt lat="50.85032" lon="3.7860600000000004">
    <ele>76.71</ele>
   </trkpt>
   <trkpt lat="50.850210000000004" lon="3.78609">
    <ele>78.23</ele>
   </trkpt>
   <trkpt lat="50.85009" lon="3.7861800000000003">
    <ele>79.39</ele>
   </trkpt>
   <trkpt lat="50.849560000000004" lon="3.7866800000000005">
    <ele>82.72</ele>
   </trkpt>
   <trkpt lat="50.84931" lon="3.7869">
    <ele>83.4</ele>
   </trkpt>
   <trkpt lat="50.84919000000001" lon="3.7869300000000004">
    <ele>83.37000000000002</ele>
   </trkpt>
   <trkpt lat="50.848960000000005" lon="3.7869300000000004">
    <ele>83.19</ele>
   </trkpt>
   <trkpt lat="50.848420000000004" lon="3.7867500000000005">
    <ele>82.55000000000001</ele>
   </trkpt>
   <trkpt lat="50.84767" lon="3.78669">
    <ele>79.69000000000001</ele>
   </trkpt>
   <trkpt lat="50.847500000000004" lon="3.7867200000000003">
    <ele>79.69000000000001</ele>
   </trkpt>
   <trkpt lat="50.847210000000004" lon="3.7868600000000003">
    <ele>78.99000000000001</ele>
   </trkpt>
   <trkpt lat="50.847080000000005" lon="3.7868700000000004">
    <ele>78.80000000000001</ele>
   </trkpt>
   <trkpt lat="50.846520000060416" lon="3.7867249982518296">
    <ele>78.61000000000001</ele>
   </trkpt>
   <trkpt lat="50.845960000000005" lon="3.7865800000000003">
    <ele>79.53999999999999</ele>
   </trkpt>
   <trkpt lat="50.845760000000006" lon="3.78663">
    <ele>79.78</ele>
   </trkpt>
   <trkpt lat="50.84521" lon="3.7869400000000004">
    <ele>81.52000000000001</ele>
   </trkpt>
   <trkpt lat="50.84492" lon="3.7870600000000003">
    <ele>82.7</ele>
   </trkpt>
   <trkpt lat="50.84467" lon="3.7871">
    <ele>83.45</ele>
   </trkpt>
   <trkpt lat="50.84381000007401" lon="3.7870999999999997">
    <ele>85.94</ele>
   </trkpt>
   <trkpt lat="50.84295" lon="3.7871">
    <ele>87.70000000000002</ele>
   </trkpt>
   <trkpt lat="50.842780000000005" lon="3.78684">
    <ele>88.17000000000002</ele>
   </trkpt>
   <trkpt lat="50.84275" lon="3.7866600000000004">
    <ele>88.39000000000001</ele>
   </trkpt>
   <trkpt lat="50.842560000000006" lon="3.7860500000000004">
    <ele>88.96000000000001</ele>
   </trkpt>
   <trkpt lat="50.842560000000006" lon="3.7858700000000005">
    <ele>89.35000000000001</ele>
   </trkpt>
   <trkpt lat="50.842620000000004" lon="3.7857200000000004">
    <ele>89.42000000000002</ele>
   </trkpt>
   <trkpt lat="50.8427" lon="3.78562">
    <ele>89.53000000000002</ele>
   </trkpt>
   <trkpt lat="50.84334000158916" lon="3.785010008368152">
    <ele>89.93</ele>
   </trkpt>
   <trkpt lat="50.84398" lon="3.7844">
    <ele>90.39000000000001</ele>
   </trkpt>
   <trkpt lat="50.844190000000005" lon="3.78418">
    <ele>90.64000000000001</ele>
   </trkpt>
   <trkpt lat="50.84429" lon="3.78398">
    <ele>90.75000000000001</ele>
   </trkpt>
   <trkpt lat="50.84434" lon="3.7836600000000002">
    <ele>90.72000000000001</ele>
   </trkpt>
   <trkpt lat="50.84433000000001" lon="3.7834800000000004">
    <ele>90.42000000000002</ele>
   </trkpt>
   <trkpt lat="50.844280000000005" lon="3.7832000000000003">
    <ele>90.42000000000002</ele>
   </trkpt>
   <trkpt lat="50.84429" lon="3.7830600000000003">
    <ele>90.4</ele>
   </trkpt>
   <trkpt lat="50.84431000000001" lon="3.78296">
    <ele>90.4</ele>
   </trkpt>
   <trkpt lat="50.844370000000005" lon="3.7828500000000003">
    <ele>90.4</ele>
   </trkpt>
   <trkpt lat="50.84447" lon="3.7827500000000005">
    <ele>89.76</ele>
   </trkpt>
   <trkpt lat="50.84487500044425" lon="3.782420002881829">
    <ele>89.09</ele>
   </trkpt>
   <trkpt lat="50.84528" lon="3.78209">
    <ele>88.77</ele>
   </trkpt>
   <trkpt lat="50.845890000000004" lon="3.78147">
    <ele>88.43</ele>
   </trkpt>
   <trkpt lat="50.84639500157366" lon="3.7808600066227562">
    <ele>88.64000000000001</ele>
   </trkpt>
   <trkpt lat="50.846900000000005" lon="3.78025">
    <ele>89.35000000000001</ele>
   </trkpt>
   <trkpt lat="50.84698" lon="3.7801100000000005">
    <ele>89.38</ele>
   </trkpt>
   <trkpt lat="50.847010000000004" lon="3.7800100000000003">
    <ele>89.27</ele>
   </trkpt>
   <trkpt lat="50.84702000000001" lon="3.7799000000000005">
    <ele>89.06000000000002</ele>
   </trkpt>
   <trkpt lat="50.847010000000004" lon="3.77979">
    <ele>88.78000000000002</ele>
   </trkpt>
   <trkpt lat="50.84682" lon="3.7791500000000005">
    <ele>87.75</ele>
   </trkpt>
   <trkpt lat="50.84644000590146" lon="3.7779699902395194">
    <ele>85.25</ele>
   </trkpt>
   <trkpt lat="50.84606" lon="3.77679">
    <ele>83.31</ele>
   </trkpt>
   <trkpt lat="50.84601000000001" lon="3.77652">
    <ele>82.74000000000001</ele>
   </trkpt>
   <trkpt lat="50.846030000000006" lon="3.77625">
    <ele>82.49000000000001</ele>
   </trkpt>
   <trkpt lat="50.846245002669164" lon="3.775460003631458">
    <ele>80.38000000000001</ele>
   </trkpt>
   <trkpt lat="50.84646000000001" lon="3.7746700000000004">
    <ele>78.34</ele>
   </trkpt>
   <trkpt lat="50.84648000000001" lon="3.77456">
    <ele>78.16000000000001</ele>
   </trkpt>
   <trkpt lat="50.84646000000001" lon="3.7743900000000004">
    <ele>77.89</ele>
   </trkpt>
   <trkpt lat="50.846410000000006" lon="3.7743">
    <ele>77.55000000000001</ele>
   </trkpt>
   <trkpt lat="50.84635" lon="3.7742400000000003">
    <ele>77.18</ele>
   </trkpt>
   <trkpt lat="50.845690000000005" lon="3.7740600000000004">
    <ele>73.63</ele>
   </trkpt>
   <trkpt lat="50.845580000000005" lon="3.7739800000000003">
    <ele>73.63</ele>
   </trkpt>
   <trkpt lat="50.84546" lon="3.7737600000000002">
    <ele>72.12</ele>
   </trkpt>
   <trkpt lat="50.845420000000004" lon="3.7735900000000004">
    <ele>72.12</ele>
   </trkpt>
   <trkpt lat="50.8453" lon="3.7723800000000005">
    <ele>68.13000000000001</ele>
   </trkpt>
   <trkpt lat="50.845240000000004" lon="3.7720900000000004">
    <ele>67.66000000000001</ele>
   </trkpt>
   <trkpt lat="50.84499" lon="3.77124">
    <ele>64.47</ele>
   </trkpt>
   <trkpt lat="50.844910000000006" lon="3.77083">
    <ele>63.15000000000001</ele>
   </trkpt>
   <trkpt lat="50.844820000000006" lon="3.7702000000000004">
    <ele>62.00000000000001</ele>
   </trkpt>
   <trkpt lat="50.84487000000001" lon="3.7699000000000003">
    <ele>61.71000000000001</ele>
   </trkpt>
   <trkpt lat="50.844950000000004" lon="3.7697100000000003">
    <ele>61.69</ele>
   </trkpt>
   <trkpt lat="50.845530000000004" lon="3.7690300000000003">
    <ele>61.93000000000001</ele>
   </trkpt>
   <trkpt lat="50.845580000000005" lon="3.7689100000000004">
    <ele>61.27</ele>
   </trkpt>
   <trkpt lat="50.84563000000001" lon="3.7686300000000004">
    <ele>58.99000000000001</ele>
   </trkpt>
   <trkpt lat="50.84564" lon="3.7684200000000003">
    <ele>56.800000000000004</ele>
   </trkpt>
   <trkpt lat="50.84557" lon="3.7674200000000004">
    <ele>49.580000000000005</ele>
   </trkpt>
   <trkpt lat="50.845530000000004" lon="3.76731">
    <ele>49.580000000000005</ele>
   </trkpt>
   <trkpt lat="50.845470000000006" lon="3.7672000000000003">
    <ele>48.260000000000005</ele>
   </trkpt>
   <trkpt lat="50.84503" lon="3.7669200000000003">
    <ele>45.26</ele>
   </trkpt>
   <trkpt lat="50.84498000000001" lon="3.7668500000000003">
    <ele>45.26</ele>
   </trkpt>
   <trkpt lat="50.84496000000001" lon="3.7667500000000005">
    <ele>43.76</ele>
   </trkpt>
   <trkpt lat="50.845000000000006" lon="3.7662700000000005">
    <ele>42.120000000000005</ele>
   </trkpt>
   <trkpt lat="50.845020005076336" lon="3.765180000478788">
    <ele>35.480000000000004</ele>
   </trkpt>
   <trkpt lat="50.845040000000004" lon="3.7640900000000004">
    <ele>29.110000000000003</ele>
   </trkpt>
   <trkpt lat="50.844930000000005" lon="3.7633300000000003">
    <ele>29.35</ele>
   </trkpt>
   <trkpt lat="50.84494" lon="3.76324">
    <ele>27.330000000000002</ele>
   </trkpt>
   <trkpt lat="50.845130000000005" lon="3.7625800000000003">
    <ele>26.44</ele>
   </trkpt>
   <trkpt lat="50.845150000000004" lon="3.76236">
    <ele>26.17</ele>
   </trkpt>
   <trkpt lat="50.84497000260398" lon="3.7615799970097097">
    <ele>25.290000000000003</ele>
   </trkpt>
   <trkpt lat="50.84479" lon="3.7608">
    <ele>25.86</ele>
   </trkpt>
   <trkpt lat="50.84488" lon="3.76073">
    <ele>25.68</ele>
   </trkpt>
   <trkpt lat="50.845000000000006" lon="3.76067">
    <ele>25.17</ele>
   </trkpt>
   <trkpt lat="50.84537" lon="3.7605500000000003">
    <ele>24.87</ele>
   </trkpt>
   <trkpt lat="50.84611000022016" lon="3.7603966715270243">
    <ele>24.970000000000002</ele>
   </trkpt>
   <trkpt lat="50.8468500002394" lon="3.760243338189798">
    <ele>26.0</ele>
   </trkpt>
   <trkpt lat="50.847590000000004" lon="3.7600900000000004">
    <ele>26.53</ele>
   </trkpt>
   <trkpt lat="50.848420000000004" lon="3.7599100000000005">
    <ele>26.820000000000004</ele>
   </trkpt>
   <trkpt lat="50.848490000000005" lon="3.7598700000000003">
    <ele>27.05</ele>
   </trkpt>
   <trkpt lat="50.848620000000004" lon="3.7597300000000002">
    <ele>27.05</ele>
   </trkpt>
   <trkpt lat="50.84868" lon="3.7596300000000005">
    <ele>27.78</ele>
   </trkpt>
   <trkpt lat="50.84877" lon="3.7594100000000004">
    <ele>27.78</ele>
   </trkpt>
   <trkpt lat="50.84890000000001" lon="3.75891">
    <ele>28.330000000000002</ele>
   </trkpt>
   <trkpt lat="50.84901000000001" lon="3.7582700000000004">
    <ele>29.36</ele>
   </trkpt>
   <trkpt lat="50.84911000366526" lon="3.7573450018957244">
    <ele>31.34</ele>
   </trkpt>
   <trkpt lat="50.84921000000001" lon="3.7564200000000003">
    <ele>34.53</ele>
   </trkpt>
   <trkpt lat="50.849340000000005" lon="3.7559700000000005">
    <ele>35.93</ele>
   </trkpt>
   <trkpt lat="50.849590000000006" lon="3.75552">
    <ele>37.51</ele>
   </trkpt>
   <trkpt lat="50.84977000000001" lon="3.75524">
    <ele>39.56</ele>
   </trkpt>
   <trkpt lat="50.84987" lon="3.7549500000000005">
    <ele>40.36</ele>
   </trkpt>
   <trkpt lat="50.849920000000004" lon="3.7546900000000005">
    <ele>42.38</ele>
   </trkpt>
   <trkpt lat="50.849880000000006" lon="3.7543200000000003">
    <ele>43.65</ele>
   </trkpt>
   <trkpt lat="50.849630000000005" lon="3.7534500000000004">
    <ele>46.970000000000006</ele>
   </trkpt>
   <trkpt lat="50.84958" lon="3.7531200000000005">
    <ele>47.650000000000006</ele>
   </trkpt>
   <trkpt lat="50.849610000000006" lon="3.75294">
    <ele>47.830000000000005</ele>
   </trkpt>
   <trkpt lat="50.84969" lon="3.75281">
    <ele>48.45</ele>
   </trkpt>
   <trkpt lat="50.84977000000001" lon="3.7527500000000003">
    <ele>48.45</ele>
   </trkpt>
   <trkpt lat="50.84986000000001" lon="3.7527600000000003">
    <ele>48.64</ele>
   </trkpt>
   <trkpt lat="50.85009" lon="3.7527000000000004">
    <ele>49.370000000000005</ele>
   </trkpt>
   <trkpt lat="50.850390000000004" lon="3.75254">
    <ele>50.61</ele>
   </trkpt>
   <trkpt lat="50.85038" lon="3.75239">
    <ele>51.07</ele>
   </trkpt>
   <trkpt lat="50.8505100136308" lon="3.7511266737821125">
    <ele>58.940000000000005</ele>
   </trkpt>
   <trkpt lat="50.850640013623284" lon="3.7498633405220745">
    <ele>62.51000000000001</ele>
   </trkpt>
   <trkpt lat="50.850770000000004" lon="3.7486">
    <ele>69.54</ele>
   </trkpt>
   <trkpt lat="50.85079" lon="3.7480400000000005">
    <ele>71.45</ele>
   </trkpt>
   <trkpt lat="50.850805007164524" lon="3.7467450004859044">
    <ele>77.53</ele>
   </trkpt>
   <trkpt lat="50.850820000000006" lon="3.7454500000000004">
    <ele>84.17</ele>
   </trkpt>
   <trkpt lat="50.85089000000001" lon="3.7450200000000002">
    <ele>85.81000000000002</ele>
   </trkpt>
   <trkpt lat="50.85098000000001" lon="3.74467">
    <ele>86.60000000000001</ele>
   </trkpt>
   <trkpt lat="50.85123500260217" lon="3.7439000040013863">
    <ele>88.09</ele>
   </trkpt>
   <trkpt lat="50.851490000000005" lon="3.7431300000000003">
    <ele>87.08</ele>
   </trkpt>
   <trkpt lat="50.85157" lon="3.7427900000000003">
    <ele>86.10000000000001</ele>
   </trkpt>
   <trkpt lat="50.85161" lon="3.7425200000000003">
    <ele>85.19</ele>
   </trkpt>
   <trkpt lat="50.851670000000006" lon="3.74162">
    <ele>81.80000000000001</ele>
   </trkpt>
   <trkpt lat="50.85168" lon="3.7411200000000004">
    <ele>80.83000000000001</ele>
   </trkpt>
   <trkpt lat="50.85250666670298" lon="3.741036669622947">
    <ele>74.36000000000001</ele>
   </trkpt>
   <trkpt lat="50.853333333346626" lon="3.7409533362919998">
    <ele>69.87</ele>
   </trkpt>
   <trkpt lat="50.85416000000001" lon="3.74087">
    <ele>67.46000000000001</ele>
   </trkpt>
   <trkpt lat="50.85380146048706" lon="3.7397542342601584">
    <ele>64.2</ele>
   </trkpt>
   <trkpt lat="50.85344291033619" lon="3.7386384856751578">
    <ele>62.290000000000006</ele>
   </trkpt>
   <trkpt lat="50.85308434954771" lon="3.7375227542450227">
    <ele>62.77</ele>
   </trkpt>
   <trkpt lat="50.85272577812193" lon="3.7364070399697793">
    <ele>65.37</ele>
   </trkpt>
   <trkpt lat="50.85236719605913" lon="3.735291342849454">
    <ele>66.67</ele>
   </trkpt>
   <trkpt lat="50.85200860335961" lon="3.734175662884072">
    <ele>68.36</ele>
   </trkpt>
   <trkpt lat="50.85165000000001" lon="3.7330600000000005">
    <ele>68.39</ele>
   </trkpt>
   <trkpt lat="50.851580000000006" lon="3.7326900000000003">
    <ele>68.12</ele>
   </trkpt>
   <trkpt lat="50.85155" lon="3.73233">
    <ele>67.94</ele>
   </trkpt>
   <trkpt lat="50.851580000000006" lon="3.7315400000000003">
    <ele>66.46000000000001</ele>
   </trkpt>
   <trkpt lat="50.85163000288004" lon="3.730720000762082">
    <ele>65.02000000000001</ele>
   </trkpt>
   <trkpt lat="50.85168" lon="3.7299">
    <ele>64.03999999999999</ele>
   </trkpt>
   <trkpt lat="50.851760000000006" lon="3.7290900000000002">
    <ele>63.54</ele>
   </trkpt>
   <trkpt lat="50.851897517320914" lon="3.727927510290476">
    <ele>62.550000000000004</ele>
   </trkpt>
   <trkpt lat="50.8520350230939" lon="3.726765013726485">
    <ele>61.63</ele>
   </trkpt>
   <trkpt lat="50.85217251731883" lon="3.7256025103085304">
    <ele>61.120000000000005</ele>
   </trkpt>
   <trkpt lat="50.85231" lon="3.7244400000000004">
    <ele>60.120000000000005</ele>
   </trkpt>
   <trkpt lat="50.852320000000006" lon="3.7242100000000002">
    <ele>60.04</ele>
   </trkpt>
   <trkpt lat="50.8522900038167" lon="3.723264999429126">
    <ele>59.190000000000005</ele>
   </trkpt>
   <trkpt lat="50.85226" lon="3.7223200000000003">
    <ele>58.690000000000005</ele>
   </trkpt>
   <trkpt lat="50.85221000000001" lon="3.7213000000000003">
    <ele>58.32</ele>
   </trkpt>
   <trkpt lat="50.852140000000006" lon="3.7207000000000003">
    <ele>58.21</ele>
   </trkpt>
   <trkpt lat="50.85202" lon="3.7200300000000004">
    <ele>57.86</ele>
   </trkpt>
   <trkpt lat="50.85195" lon="3.7198400000000005">
    <ele>57.400000000000006</ele>
   </trkpt>
   <trkpt lat="50.85163000000001" lon="3.7193400000000003">
    <ele>55.71</ele>
   </trkpt>
   <trkpt lat="50.85127000000001" lon="3.7197000000000005">
    <ele>52.09</ele>
   </trkpt>
   <trkpt lat="50.8507450009498" lon="3.720165005210719">
    <ele>48.080000000000005</ele>
   </trkpt>
   <trkpt lat="50.85022000000001" lon="3.7206300000000003">
    <ele>42.06</ele>
   </trkpt>
   <trkpt lat="50.849990000000005" lon="3.7207700000000004">
    <ele>40.89</ele>
   </trkpt>
   <trkpt lat="50.849720000000005" lon="3.7208600000000005">
    <ele>40.03</ele>
   </trkpt>
   <trkpt lat="50.84955" lon="3.7208900000000003">
    <ele>39.85</ele>
   </trkpt>
   <trkpt lat="50.848875000100115" lon="3.720920000429824">
    <ele>41.39</ele>
   </trkpt>
   <trkpt lat="50.848200000000006" lon="3.72095">
    <ele>43.38</ele>
   </trkpt>
   <trkpt lat="50.84788" lon="3.7209300000000005">
    <ele>42.660000000000004</ele>
   </trkpt>
   <trkpt lat="50.84769000000001" lon="3.72087">
    <ele>42.09</ele>
   </trkpt>
   <trkpt lat="50.84710000011299" lon="3.7206349969789443">
    <ele>42.11</ele>
   </trkpt>
   <trkpt lat="50.84651" lon="3.7204">
    <ele>45.050000000000004</ele>
   </trkpt>
   <trkpt lat="50.846030000000006" lon="3.7202300000000004">
    <ele>47.81</ele>
   </trkpt>
   <trkpt lat="50.845800000000004" lon="3.7202200000000003">
    <ele>51.14</ele>
   </trkpt>
   <trkpt lat="50.84543000000001" lon="3.7202900000000003">
    <ele>52.78000000000001</ele>
   </trkpt>
   <trkpt lat="50.845270000000006" lon="3.7203700000000004">
    <ele>54.28</ele>
   </trkpt>
   <trkpt lat="50.84496000000001" lon="3.7205900000000005">
    <ele>56.64</ele>
   </trkpt>
   <trkpt lat="50.84440500103192" lon="3.721110006301448">
    <ele>61.95</ele>
   </trkpt>
   <trkpt lat="50.84385" lon="3.72163">
    <ele>64.43</ele>
   </trkpt>
   <trkpt lat="50.843650000000004" lon="3.7218000000000004">
    <ele>65.95</ele>
   </trkpt>
   <trkpt lat="50.843450000000004" lon="3.7219300000000004">
    <ele>65.95</ele>
   </trkpt>
   <trkpt lat="50.843140000000005" lon="3.7220400000000002">
    <ele>70.04</ele>
   </trkpt>
   <trkpt lat="50.842420000000004" lon="3.72223">
    <ele>75.97000000000001</ele>
   </trkpt>
   <trkpt lat="50.84223" lon="3.72229">
    <ele>75.97000000000001</ele>
   </trkpt>
   <trkpt lat="50.84196000000001" lon="3.7224500000000003">
    <ele>77.63000000000001</ele>
   </trkpt>
   <trkpt lat="50.84160000000001" lon="3.72277">
    <ele>78.86</ele>
   </trkpt>
   <trkpt lat="50.841095001098715" lon="3.7232750054565">
    <ele>79.62</ele>
   </trkpt>
   <trkpt lat="50.840590000000006" lon="3.72378">
    <ele>80.74000000000001</ele>
   </trkpt>
   <trkpt lat="50.84035" lon="3.7229900000000002">
    <ele>77.52000000000001</ele>
   </trkpt>
   <trkpt lat="50.840300000000006" lon="3.7227900000000003">
    <ele>76.63</ele>
   </trkpt>
   <trkpt lat="50.8401100031837" lon="3.721929996604261">
    <ele>71.04</ele>
   </trkpt>
   <trkpt lat="50.839920000000006" lon="3.72107">
    <ele>66.15</ele>
   </trkpt>
   <trkpt lat="50.839890000000004" lon="3.7207200000000005">
    <ele>63.71</ele>
   </trkpt>
   <trkpt lat="50.83990000000001" lon="3.7204800000000002">
    <ele>62.17</ele>
   </trkpt>
   <trkpt lat="50.84" lon="3.71993">
    <ele>58.870000000000005</ele>
   </trkpt>
   <trkpt lat="50.84019000000001" lon="3.7192000000000003">
    <ele>55.24</ele>
   </trkpt>
   <trkpt lat="50.840250000000005" lon="3.7188800000000004">
    <ele>52.86000000000001</ele>
   </trkpt>
   <trkpt lat="50.84029" lon="3.71851">
    <ele>50.54</ele>
   </trkpt>
   <trkpt lat="50.840270000000004" lon="3.7180100000000005">
    <ele>47.45</ele>
   </trkpt>
   <trkpt lat="50.84013" lon="3.7167200000000005">
    <ele>39.52</ele>
   </trkpt>
   <trkpt lat="50.84008000000001" lon="3.7164200000000003">
    <ele>38.73</ele>
   </trkpt>
   <trkpt lat="50.83993" lon="3.7158900000000004">
    <ele>39.31</ele>
   </trkpt>
   <trkpt lat="50.83954000000001" lon="3.7148300000000005">
    <ele>38.28</ele>
   </trkpt>
   <trkpt lat="50.83946" lon="3.7145500000000005">
    <ele>38.66</ele>
   </trkpt>
   <trkpt lat="50.839420000000004" lon="3.7142700000000004">
    <ele>38.85</ele>
   </trkpt>
   <trkpt lat="50.839372895212676" lon="3.713051421172356">
    <ele>42.49000000000001</ele>
   </trkpt>
   <trkpt lat="50.83932577773516" lon="3.7118328448052322">
    <ele>46.74</ele>
   </trkpt>
   <trkpt lat="50.83927864756749" lon="3.7106142708992818">
    <ele>48.64</ele>
   </trkpt>
   <trkpt lat="50.839231504709694" lon="3.7093956994551593">
    <ele>53.120000000000005</ele>
   </trkpt>
   <trkpt lat="50.839184349161854" lon="3.708177130473517">
    <ele>56.480000000000004</ele>
   </trkpt>
   <trkpt lat="50.83913718092398" lon="3.7069585639550096">
    <ele>60.230000000000004</ele>
   </trkpt>
   <trkpt lat="50.839090000000006" lon="3.7057400000000005">
    <ele>66.27000000000001</ele>
   </trkpt>
   <trkpt lat="50.8391" lon="3.7056000000000004">
    <ele>66.27000000000001</ele>
   </trkpt>
   <trkpt lat="50.83928" lon="3.7046400000000004">
    <ele>68.85000000000001</ele>
   </trkpt>
   <trkpt lat="50.83928" lon="3.7045000000000003">
    <ele>68.85000000000001</ele>
   </trkpt>
   <trkpt lat="50.838890000000006" lon="3.7039000000000004">
    <ele>69.4</ele>
   </trkpt>
   <trkpt lat="50.838550000000005" lon="3.7034700000000003">
    <ele>69.98</ele>
   </trkpt>
   <trkpt lat="50.837936669847466" lon="3.7028633174216012">
    <ele>70.87</ele>
   </trkpt>
   <trkpt lat="50.83732333654951" lon="3.70225665079021">
    <ele>71.53000000000002</ele>
   </trkpt>
   <trkpt lat="50.836710000000004" lon="3.7016500000000003">
    <ele>72.64000000000001</ele>
   </trkpt>
   <trkpt lat="50.83635" lon="3.7013200000000004">
    <ele>72.77</ele>
   </trkpt>
   <trkpt lat="50.83594" lon="3.70087">
    <ele>73.83</ele>
   </trkpt>
   <trkpt lat="50.835495001608884" lon="3.7002549941258596">
    <ele>75.46</ele>
   </trkpt>
   <trkpt lat="50.83505" lon="3.6996400000000005">
    <ele>77.11000000000001</ele>
   </trkpt>
   <trkpt lat="50.83482500439637" lon="3.700655004920028">
    <ele>74.4</ele>
   </trkpt>
   <trkpt lat="50.8346" lon="3.7016700000000005">
    <ele>70.20000000000002</ele>
   </trkpt>
   <trkpt lat="50.834430000000005" lon="3.70204">
    <ele>68.9</ele>
   </trkpt>
   <trkpt lat="50.83384000418722" lon="3.703030012516272">
    <ele>63.410000000000004</ele>
   </trkpt>
   <trkpt lat="50.83325000000001" lon="3.7040200000000003">
    <ele>55.53</ele>
   </trkpt>
   <trkpt lat="50.8327" lon="3.7049800000000004">
    <ele>53.96</ele>
   </trkpt>
   <trkpt lat="50.83231000338611" lon="3.7058750075627085">
    <ele>59.39</ele>
   </trkpt>
   <trkpt lat="50.831920000000004" lon="3.70677">
    <ele>65.21000000000001</ele>
   </trkpt>
   <trkpt lat="50.831790000000005" lon="3.70724">
    <ele>67.25</ele>
   </trkpt>
   <trkpt lat="50.831720000000004" lon="3.70765">
    <ele>67.75</ele>
   </trkpt>
   <trkpt lat="50.83166000000001" lon="3.7078200000000003">
    <ele>67.75</ele>
   </trkpt>
   <trkpt lat="50.831520000000005" lon="3.7080300000000004">
    <ele>67.45</ele>
   </trkpt>
   <trkpt lat="50.831430000000005" lon="3.70813">
    <ele>67.29</ele>
   </trkpt>
   <trkpt lat="50.8308850008474" lon="3.708575005194739">
    <ele>66.23</ele>
   </trkpt>
   <trkpt lat="50.83034000000001" lon="3.70902">
    <ele>64.89</ele>
   </trkpt>
   <trkpt lat="50.829800000000006" lon="3.70969">
    <ele>63.480000000000004</ele>
   </trkpt>
   <trkpt lat="50.829170000000005" lon="3.71036">
    <ele>59.56</ele>
   </trkpt>
   <trkpt lat="50.82871" lon="3.7108800000000004">
    <ele>57.95</ele>
   </trkpt>
   <trkpt lat="50.828610000000005" lon="3.7110200000000004">
    <ele>58.06000000000001</ele>
   </trkpt>
   <trkpt lat="50.82806" lon="3.7119400000000002">
    <ele>62.84</ele>
   </trkpt>
   <trkpt lat="50.827960000000004" lon="3.7120800000000003">
    <ele>63.34</ele>
   </trkpt>
   <trkpt lat="50.827830000000006" lon="3.7122100000000002">
    <ele>63.910000000000004</ele>
   </trkpt>
   <trkpt lat="50.82705000078645" lon="3.7126450072803507">
    <ele>65.12</ele>
   </trkpt>
   <trkpt lat="50.82627" lon="3.71308">
    <ele>64.98</ele>
   </trkpt>
   <trkpt lat="50.826190000000004" lon="3.71314">
    <ele>64.98</ele>
   </trkpt>
   <trkpt lat="50.825990000000004" lon="3.71335">
    <ele>64.94000000000001</ele>
   </trkpt>
   <trkpt lat="50.82560000089449" lon="3.713805003789453">
    <ele>64.44000000000001</ele>
   </trkpt>
   <trkpt lat="50.825210000000006" lon="3.7142600000000003">
    <ele>64.67</ele>
   </trkpt>
   <trkpt lat="50.824750000470885" lon="3.7146100034884544">
    <ele>65.88000000000001</ele>
   </trkpt>
   <trkpt lat="50.824290000000005" lon="3.7149600000000005">
    <ele>67.60000000000001</ele>
   </trkpt>
   <trkpt lat="50.823706668253834" lon="3.7153933441744726">
    <ele>66.78</ele>
   </trkpt>
   <trkpt lat="50.82312333490268" lon="3.7158266775208664">
    <ele>64.69000000000001</ele>
   </trkpt>
   <trkpt lat="50.822540000000004" lon="3.71626">
    <ele>63.06</ele>
   </trkpt>
   <trkpt lat="50.822810000000004" lon="3.71722">
    <ele>58.7</ele>
   </trkpt>
   <trkpt lat="50.82292" lon="3.7178400000000003">
    <ele>56.080000000000005</ele>
   </trkpt>
   <trkpt lat="50.82320000000001" lon="3.7183500000000005">
    <ele>54.660000000000004</ele>
   </trkpt>
   <trkpt lat="50.82327" lon="3.7185300000000003">
    <ele>54.510000000000005</ele>
   </trkpt>
   <trkpt lat="50.823310000000006" lon="3.7187900000000003">
    <ele>54.6</ele>
   </trkpt>
   <trkpt lat="50.823330000000006" lon="3.7195000000000005">
    <ele>57.400000000000006</ele>
   </trkpt>
   <trkpt lat="50.823420000000006" lon="3.7197500000000003">
    <ele>58.21</ele>
   </trkpt>
   <trkpt lat="50.8235" lon="3.7199000000000004">
    <ele>58.650000000000006</ele>
   </trkpt>
   <trkpt lat="50.823910000000005" lon="3.7205000000000004">
    <ele>60.13</ele>
   </trkpt>
   <trkpt lat="50.824200000000005" lon="3.7208900000000003">
    <ele>61.18000000000001</ele>
   </trkpt>
   <trkpt lat="50.824360000000006" lon="3.7210500000000004">
    <ele>62.46000000000001</ele>
   </trkpt>
   <trkpt lat="50.82448" lon="3.7211000000000003">
    <ele>63.160000000000004</ele>
   </trkpt>
   <trkpt lat="50.82459000000001" lon="3.7211300000000005">
    <ele>65.05000000000001</ele>
   </trkpt>
   <trkpt lat="50.82468" lon="3.7211800000000004">
    <ele>66.09</ele>
   </trkpt>
   <trkpt lat="50.82491" lon="3.72148">
    <ele>69.87</ele>
   </trkpt>
   <trkpt lat="50.825010000000006" lon="3.72156">
    <ele>69.87</ele>
   </trkpt>
   <trkpt lat="50.825100000000006" lon="3.7216000000000005">
    <ele>71.89000000000001</ele>
   </trkpt>
   <trkpt lat="50.825430000000004" lon="3.72162">
    <ele>75.32000000000001</ele>
   </trkpt>
   <trkpt lat="50.82556" lon="3.72175">
    <ele>76.72000000000001</ele>
   </trkpt>
   <trkpt lat="50.825810000000004" lon="3.7222700000000004">
    <ele>82.26</ele>
   </trkpt>
   <trkpt lat="50.82589" lon="3.72237">
    <ele>83.43</ele>
   </trkpt>
   <trkpt lat="50.82603" lon="3.7224900000000005">
    <ele>84.30000000000001</ele>
   </trkpt>
   <trkpt lat="50.826260000000005" lon="3.7226100000000004">
    <ele>85.03</ele>
   </trkpt>
   <trkpt lat="50.826660000000004" lon="3.72277">
    <ele>86.32000000000001</ele>
   </trkpt>
   <trkpt lat="50.82679" lon="3.72285">
    <ele>86.70000000000002</ele>
   </trkpt>
   <trkpt lat="50.826980000000006" lon="3.72304">
    <ele>87.87</ele>
   </trkpt>
   <trkpt lat="50.827310000000004" lon="3.72345">
    <ele>88.83</ele>
   </trkpt>
   <trkpt lat="50.828010000000006" lon="3.7242">
    <ele>90.25000000000001</ele>
   </trkpt>
   <trkpt lat="50.828720000000004" lon="3.72481">
    <ele>91.80000000000001</ele>
   </trkpt>
   <trkpt lat="50.829260000000005" lon="3.7253200000000004">
    <ele>93.77000000000001</ele>
   </trkpt>
   <trkpt lat="50.82968" lon="3.72576">
    <ele>95.21000000000001</ele>
   </trkpt>
   <trkpt lat="50.830130000000004" lon="3.7262800000000005">
    <ele>95.75</ele>
   </trkpt>
   <trkpt lat="50.82997" lon="3.72752">
    <ele>97.24000000000001</ele>
   </trkpt>
   <trkpt lat="50.829810003503006" lon="3.728425003084576">
    <ele>97.74000000000001</ele>
   </trkpt>
   <trkpt lat="50.82965" lon="3.7293300000000005">
    <ele>98.33000000000001</ele>
   </trkpt>
   <trkpt lat="50.829600000000006" lon="3.7297000000000002">
    <ele>98.33000000000001</ele>
   </trkpt>
   <trkpt lat="50.82959" lon="3.7300800000000005">
    <ele>98.57000000000001</ele>
   </trkpt>
   <trkpt lat="50.82967000000001" lon="3.7308800000000004">
    <ele>99.25</ele>
   </trkpt>
   <trkpt lat="50.82976000000001" lon="3.73124">
    <ele>99.5</ele>
   </trkpt>
   <trkpt lat="50.83001" lon="3.7318700000000002">
    <ele>100.04</ele>
   </trkpt>
   <trkpt lat="50.83017" lon="3.7323500000000003">
    <ele>100.65</ele>
   </trkpt>
   <trkpt lat="50.83046" lon="3.7335700000000003">
    <ele>101.06</ele>
   </trkpt>
   <trkpt lat="50.83066500593669" lon="3.734749994740543">
    <ele>100.13000000000001</ele>
   </trkpt>
   <trkpt lat="50.830870000000004" lon="3.73593">
    <ele>98.63000000000001</ele>
   </trkpt>
   <trkpt lat="50.83104" lon="3.73708">
    <ele>96.92</ele>
   </trkpt>
   <trkpt lat="50.83127" lon="3.73816">
    <ele>95.07</ele>
   </trkpt>
   <trkpt lat="50.83129" lon="3.73837">
    <ele>94.74000000000001</ele>
   </trkpt>
   <trkpt lat="50.83128000000001" lon="3.73863">
    <ele>94.59</ele>
   </trkpt>
   <trkpt lat="50.83133" lon="3.73897">
    <ele>93.93</ele>
   </trkpt>
   <trkpt lat="50.831410000000005" lon="3.73939">
    <ele>92.25000000000001</ele>
   </trkpt>
   <trkpt lat="50.83144" lon="3.73973">
    <ele>91.73</ele>
   </trkpt>
   <trkpt lat="50.83146000000001" lon="3.74026">
    <ele>91.14000000000001</ele>
   </trkpt>
   <trkpt lat="50.831410000000005" lon="3.74094">
    <ele>88.50000000000001</ele>
   </trkpt>
   <trkpt lat="50.831250000000004" lon="3.7418000000000005">
    <ele>86.07000000000001</ele>
   </trkpt>
   <trkpt lat="50.83097" lon="3.7427900000000003">
    <ele>86.17</ele>
   </trkpt>
   <trkpt lat="50.83088000000001" lon="3.74339">
    <ele>86.3</ele>
   </trkpt>
   <trkpt lat="50.830870000000004" lon="3.74392">
    <ele>86.37</ele>
   </trkpt>
   <trkpt lat="50.83090000000001" lon="3.7443600000000004">
    <ele>85.52000000000001</ele>
   </trkpt>
   <trkpt lat="50.83117002644858" lon="3.745603971201894">
    <ele>83.61</ele>
   </trkpt>
   <trkpt lat="50.83144003967159" lon="3.746847956796137">
    <ele>77.11000000000001</ele>
   </trkpt>
   <trkpt lat="50.83171003966879" lon="3.7480919567823285">
    <ele>73.49</ele>
   </trkpt>
   <trkpt lat="50.83198002643987" lon="3.74933597116007">
    <ele>70.24000000000001</ele>
   </trkpt>
   <trkpt lat="50.83225" lon="3.7505800000000002">
    <ele>66.31</ele>
   </trkpt>
   <trkpt lat="50.832350000000005" lon="3.7509400000000004">
    <ele>64.88000000000001</ele>
   </trkpt>
   <trkpt lat="50.832565001818004" lon="3.7515899970438893">
    <ele>62.2</ele>
   </trkpt>
   <trkpt lat="50.83278000000001" lon="3.7522400000000005">
    <ele>60.17000000000001</ele>
   </trkpt>
   <trkpt lat="50.83283" lon="3.7524800000000003">
    <ele>58.52</ele>
   </trkpt>
   <trkpt lat="50.83287000000001" lon="3.7527800000000004">
    <ele>58.52</ele>
   </trkpt>
   <trkpt lat="50.83290500462551" lon="3.7538199993276042">
    <ele>53.85</ele>
   </trkpt>
   <trkpt lat="50.83294" lon="3.7548600000000003">
    <ele>50.31000000000001</ele>
   </trkpt>
   <trkpt lat="50.832980000000006" lon="3.7552900000000005">
    <ele>48.800000000000004</ele>
   </trkpt>
   <trkpt lat="50.83313500347356" lon="3.7561899970824184">
    <ele>46.690000000000005</ele>
   </trkpt>
   <trkpt lat="50.833290000000005" lon="3.7570900000000003">
    <ele>45.12</ele>
   </trkpt>
   <trkpt lat="50.83343000000001" lon="3.7580000000000005">
    <ele>42.830000000000005</ele>
   </trkpt>
   <trkpt lat="50.83349000291793" lon="3.7588249990698017">
    <ele>39.95</ele>
   </trkpt>
   <trkpt lat="50.83355" lon="3.75965">
    <ele>39.27</ele>
   </trkpt>
   <trkpt lat="50.833625005600986" lon="3.760794998141052">
    <ele>36.25000000000001</ele>
   </trkpt>
   <trkpt lat="50.83370000000001" lon="3.7619400000000005">
    <ele>33.080000000000005</ele>
   </trkpt>
   <trkpt lat="50.83370000000001" lon="3.7622500000000003">
    <ele>33.080000000000005</ele>
   </trkpt>
   <trkpt lat="50.83366" lon="3.76243">
    <ele>32.81</ele>
   </trkpt>
   <trkpt lat="50.833490000000005" lon="3.76284">
    <ele>30.990000000000002</ele>
   </trkpt>
   <trkpt lat="50.833450000000006" lon="3.7632900000000005">
    <ele>30.340000000000003</ele>
   </trkpt>
   <trkpt lat="50.83353000273398" lon="3.764089998620262">
    <ele>29.93</ele>
   </trkpt>
   <trkpt lat="50.83361000000001" lon="3.7648900000000003">
    <ele>29.68</ele>
   </trkpt>
   <trkpt lat="50.833690000000004" lon="3.7652600000000005">
    <ele>29.68</ele>
   </trkpt>
   <trkpt lat="50.83390000000001" lon="3.76588">
    <ele>29.650000000000002</ele>
   </trkpt>
   <trkpt lat="50.83393" lon="3.7660500000000003">
    <ele>29.650000000000002</ele>
   </trkpt>
   <trkpt lat="50.833940000000005" lon="3.7662600000000004">
    <ele>29.650000000000002</ele>
   </trkpt>
   <trkpt lat="50.83386000705831" lon="3.7675450021646864">
    <ele>29.060000000000002</ele>
   </trkpt>
   <trkpt lat="50.833780000000004" lon="3.7688300000000003">
    <ele>28.98</ele>
   </trkpt>
   <trkpt lat="50.83379000000001" lon="3.76955">
    <ele>29.05</ele>
   </trkpt>
   <trkpt lat="50.83382" lon="3.76989">
    <ele>29.200000000000003</ele>
   </trkpt>
   <trkpt lat="50.83406" lon="3.7708700000000004">
    <ele>30.560000000000002</ele>
   </trkpt>
   <trkpt lat="50.83410000000001" lon="3.7711500000000004">
    <ele>30.950000000000003</ele>
   </trkpt>
   <trkpt lat="50.83409" lon="3.77144">
    <ele>32.85</ele>
   </trkpt>
   <trkpt lat="50.833956674383124" lon="3.772390005403593">
    <ele>37.64</ele>
   </trkpt>
   <trkpt lat="50.83382334105318" lon="3.7733400053794677">
    <ele>44.620000000000005</ele>
   </trkpt>
   <trkpt lat="50.833690000000004" lon="3.77429">
    <ele>51.14</ele>
   </trkpt>
   <trkpt lat="50.833445007482325" lon="3.7756150070621355">
    <ele>59.800000000000004</ele>
   </trkpt>
   <trkpt lat="50.833200000000005" lon="3.77694">
    <ele>72.04</ele>
   </trkpt>
   <trkpt lat="50.833130000000004" lon="3.7772400000000004">
    <ele>73.32000000000001</ele>
   </trkpt>
   <trkpt lat="50.83292" lon="3.7779300000000005">
    <ele>76.93</ele>
   </trkpt>
   <trkpt lat="50.83261" lon="3.7787400000000004">
    <ele>81.93</ele>
   </trkpt>
   <trkpt lat="50.832480000000004" lon="3.7791400000000004">
    <ele>82.94000000000001</ele>
   </trkpt>
   <trkpt lat="50.83238000000001" lon="3.7796100000000004">
    <ele>88.09</ele>
   </trkpt>
   <trkpt lat="50.83236" lon="3.7801100000000005">
    <ele>89.17000000000002</ele>
   </trkpt>
   <trkpt lat="50.83212" lon="3.78113">
    <ele>94.13000000000001</ele>
   </trkpt>
   <trkpt lat="50.83190000172994" lon="3.7817700030758092">
    <ele>94.93</ele>
   </trkpt>
   <trkpt lat="50.831680000000006" lon="3.7824100000000005">
    <ele>93.58000000000001</ele>
   </trkpt>
   <trkpt lat="50.831340000000004" lon="3.7832800000000004">
    <ele>88.23</ele>
   </trkpt>
   <trkpt lat="50.83124" lon="3.7837600000000005">
    <ele>86.97</ele>
   </trkpt>
   <trkpt lat="50.8312" lon="3.7840800000000003">
    <ele>86.71000000000001</ele>
   </trkpt>
   <trkpt lat="50.83115" lon="3.78433">
    <ele>86.33</ele>
   </trkpt>
   <trkpt lat="50.831120000000006" lon="3.78439">
    <ele>86.33</ele>
   </trkpt>
   <trkpt lat="50.83124" lon="3.7850900000000003">
    <ele>86.78</ele>
   </trkpt>
   <trkpt lat="50.831345002156965" lon="3.7857999984220085">
    <ele>87.13000000000001</ele>
   </trkpt>
   <trkpt lat="50.831450000000004" lon="3.7865100000000003">
    <ele>87.61</ele>
   </trkpt>
   <trkpt lat="50.831570000000006" lon="3.7868800000000005">
    <ele>87.78000000000002</ele>
   </trkpt>
   <trkpt lat="50.83187" lon="3.7875600000000005">
    <ele>88.74000000000001</ele>
   </trkpt>
   <trkpt lat="50.831950000000006" lon="3.7878000000000003">
    <ele>88.74000000000001</ele>
   </trkpt>
   <trkpt lat="50.832260000000005" lon="3.7891000000000004">
    <ele>90.38</ele>
   </trkpt>
   <trkpt lat="50.832370000000004" lon="3.7894500000000004">
    <ele>90.92</ele>
   </trkpt>
   <trkpt lat="50.83272" lon="3.79016">
    <ele>91.59</ele>
   </trkpt>
   <trkpt lat="50.83281" lon="3.79042">
    <ele>91.72000000000001</ele>
   </trkpt>
   <trkpt lat="50.83306" lon="3.7914900000000005">
    <ele>92.82000000000001</ele>
   </trkpt>
   <trkpt lat="50.83306" lon="3.7916100000000004">
    <ele>92.82000000000001</ele>
   </trkpt>
   <trkpt lat="50.832860000000004" lon="3.79179">
    <ele>91.81</ele>
   </trkpt>
   <trkpt lat="50.83274" lon="3.7918700000000003">
    <ele>90.66</ele>
   </trkpt>
   <trkpt lat="50.832390000000004" lon="3.7920400000000005">
    <ele>89.73</ele>
   </trkpt>
   <trkpt lat="50.832240000000006" lon="3.7921400000000003">
    <ele>89.35000000000001</ele>
   </trkpt>
   <trkpt lat="50.83187" lon="3.7926500000000005">
    <ele>88.62</ele>
   </trkpt>
   <trkpt lat="50.83185" lon="3.7927000000000004">
    <ele>88.62</ele>
   </trkpt>
   <trkpt lat="50.83164000000001" lon="3.7925100000000005">
    <ele>87.43</ele>
   </trkpt>
   <trkpt lat="50.83149" lon="3.7924300000000004">
    <ele>87.02000000000001</ele>
   </trkpt>
   <trkpt lat="50.83135000000001" lon="3.7924200000000003">
    <ele>86.99000000000001</ele>
   </trkpt>
   <trkpt lat="50.83095" lon="3.7925600000000004">
    <ele>88.52</ele>
   </trkpt>
   <trkpt lat="50.83068" lon="3.7926900000000003">
    <ele>88.9</ele>
   </trkpt>
   <trkpt lat="50.830420000000004" lon="3.7927100000000005">
    <ele>88.38000000000001</ele>
   </trkpt>
   <trkpt lat="50.82990499977157" lon="3.792815001214609">
    <ele>85.11</ele>
   </trkpt>
   <trkpt lat="50.829390000000004" lon="3.7929200000000005">
    <ele>83.95</ele>
   </trkpt>
   <trkpt lat="50.82921" lon="3.7929700000000004">
    <ele>83.26</ele>
   </trkpt>
   <trkpt lat="50.828950000000006" lon="3.7930800000000002">
    <ele>82.29</ele>
   </trkpt>
   <trkpt lat="50.82836" lon="3.7934900000000003">
    <ele>75.71</ele>
   </trkpt>
   <trkpt lat="50.828250000000004" lon="3.7935200000000004">
    <ele>75.71</ele>
   </trkpt>
   <trkpt lat="50.82802" lon="3.79355">
    <ele>72.95</ele>
   </trkpt>
   <trkpt lat="50.82790000000001" lon="3.7935900000000005">
    <ele>72.54</ele>
   </trkpt>
   <trkpt lat="50.82775" lon="3.7937300000000005">
    <ele>70.99000000000001</ele>
   </trkpt>
   <trkpt lat="50.82755" lon="3.7943000000000002">
    <ele>66.98</ele>
   </trkpt>
   <trkpt lat="50.827360000000006" lon="3.7945900000000004">
    <ele>64.14999999999999</ele>
   </trkpt>
   <trkpt lat="50.82697" lon="3.7950100000000004">
    <ele>60.22</ele>
   </trkpt>
   <trkpt lat="50.826750000000004" lon="3.79523">
    <ele>57.59</ele>
   </trkpt>
   <trkpt lat="50.82625" lon="3.7952800000000004">
    <ele>55.290000000000006</ele>
   </trkpt>
   <trkpt lat="50.82603" lon="3.7952700000000004">
    <ele>54.85</ele>
   </trkpt>
   <trkpt lat="50.8258" lon="3.79516">
    <ele>55.11000000000001</ele>
   </trkpt>
   <trkpt lat="50.82544000000001" lon="3.7948200000000005">
    <ele>56.07</ele>
   </trkpt>
   <trkpt lat="50.82527" lon="3.79477">
    <ele>57.89</ele>
   </trkpt>
   <trkpt lat="50.824470000000005" lon="3.79496">
    <ele>63.04</ele>
   </trkpt>
   <trkpt lat="50.823830000293356" lon="3.7952400038563496">
    <ele>68.23</ele>
   </trkpt>
   <trkpt lat="50.823190000000004" lon="3.7955200000000002">
    <ele>75.19000000000001</ele>
   </trkpt>
   <trkpt lat="50.82291000000001" lon="3.7955600000000005">
    <ele>77.65</ele>
   </trkpt>
   <trkpt lat="50.82226000000001" lon="3.7955">
    <ele>84.71000000000001</ele>
   </trkpt>
   <trkpt lat="50.822210000000005" lon="3.7955500000000004">
    <ele>84.71000000000001</ele>
   </trkpt>
   <trkpt lat="50.822160000000004" lon="3.7953300000000003">
    <ele>84.71000000000001</ele>
   </trkpt>
   <trkpt lat="50.82217000000001" lon="3.7950900000000005">
    <ele>85.86</ele>
   </trkpt>
   <trkpt lat="50.82213" lon="3.7946000000000004">
    <ele>86.17</ele>
   </trkpt>
   <trkpt lat="50.82191500628906" lon="3.7933849942945215">
    <ele>82.54</ele>
   </trkpt>
   <trkpt lat="50.82170000000001" lon="3.7921700000000005">
    <ele>76.11000000000001</ele>
   </trkpt>
   <trkpt lat="50.82170000000001" lon="3.7920000000000003">
    <ele>75.65</ele>
   </trkpt>
   <trkpt lat="50.82177" lon="3.7913400000000004">
    <ele>74.36000000000001</ele>
   </trkpt>
   <trkpt lat="50.821735002276554" lon="3.790609999435793">
    <ele>73.9</ele>
   </trkpt>
   <trkpt lat="50.82170000000001" lon="3.78988">
    <ele>72.65</ele>
   </trkpt>
   <trkpt lat="50.82171500667789" lon="3.7886300003602633">
    <ele>71.12</ele>
   </trkpt>
   <trkpt lat="50.82173" lon="3.78738">
    <ele>66.48</ele>
   </trkpt>
   <trkpt lat="50.82170000000001" lon="3.78696">
    <ele>65.44000000000001</ele>
   </trkpt>
   <trkpt lat="50.82152000000001" lon="3.7857900000000004">
    <ele>57.07</ele>
   </trkpt>
   <trkpt lat="50.82144" lon="3.7855900000000005">
    <ele>55.78</ele>
   </trkpt>
   <trkpt lat="50.82124" lon="3.7851500000000002">
    <ele>53.910000000000004</ele>
   </trkpt>
   <trkpt lat="50.82112000000001" lon="3.78479">
    <ele>53.67</ele>
   </trkpt>
   <trkpt lat="50.82105000000001" lon="3.7848300000000004">
    <ele>53.38</ele>
   </trkpt>
   <trkpt lat="50.82049000000001" lon="3.78527">
    <ele>54.38</ele>
   </trkpt>
   <trkpt lat="50.820220000000006" lon="3.78555">
    <ele>55.99</ele>
   </trkpt>
   <trkpt lat="50.81993000000001" lon="3.7857700000000003">
    <ele>54.68000000000001</ele>
   </trkpt>
   <trkpt lat="50.81971" lon="3.78589">
    <ele>53.410000000000004</ele>
   </trkpt>
   <trkpt lat="50.819520000000004" lon="3.7860500000000004">
    <ele>51.4</ele>
   </trkpt>
   <trkpt lat="50.819210000000005" lon="3.7863800000000003">
    <ele>47.370000000000005</ele>
   </trkpt>
   <trkpt lat="50.81886" lon="3.7867">
    <ele>42.47</ele>
   </trkpt>
   <trkpt lat="50.818650000000005" lon="3.78683">
    <ele>39.470000000000006</ele>
   </trkpt>
   <trkpt lat="50.818130000000004" lon="3.7870500000000002">
    <ele>36.61</ele>
   </trkpt>
   <trkpt lat="50.81757" lon="3.7872000000000003">
    <ele>37.160000000000004</ele>
   </trkpt>
   <trkpt lat="50.81738000000001" lon="3.7872200000000005">
    <ele>38.580000000000005</ele>
   </trkpt>
   <trkpt lat="50.816840000000006" lon="3.78717">
    <ele>41.650000000000006</ele>
   </trkpt>
   <trkpt lat="50.81656" lon="3.78717">
    <ele>39.870000000000005</ele>
   </trkpt>
   <trkpt lat="50.81598" lon="3.7872600000000003">
    <ele>38.43000000000001</ele>
   </trkpt>
   <trkpt lat="50.81582" lon="3.78724">
    <ele>38.24</ele>
   </trkpt>
   <trkpt lat="50.81557" lon="3.78718">
    <ele>37.68000000000001</ele>
   </trkpt>
   <trkpt lat="50.815360000000005" lon="3.7871900000000003">
    <ele>37.6</ele>
   </trkpt>
   <trkpt lat="50.81501" lon="3.7872900000000005">
    <ele>37.75000000000001</ele>
   </trkpt>
   <trkpt lat="50.81458000000001" lon="3.7874800000000004">
    <ele>38.48</ele>
   </trkpt>
   <trkpt lat="50.81432" lon="3.78764">
    <ele>39.080000000000005</ele>
   </trkpt>
   <trkpt lat="50.81380000087617" lon="3.788115005368836">
    <ele>41.0</ele>
   </trkpt>
   <trkpt lat="50.813280000000006" lon="3.78859">
    <ele>43.260000000000005</ele>
   </trkpt>
   <trkpt lat="50.8132" lon="3.7886500000000005">
    <ele>43.96000000000001</ele>
   </trkpt>
   <trkpt lat="50.81311" lon="3.78867">
    <ele>44.160000000000004</ele>
   </trkpt>
   <trkpt lat="50.81308000000001" lon="3.7886500000000005">
    <ele>44.32000000000001</ele>
   </trkpt>
   <trkpt lat="50.812960000000004" lon="3.78839">
    <ele>44.39000000000001</ele>
   </trkpt>
   <trkpt lat="50.812870000000004" lon="3.7880200000000004">
    <ele>43.160000000000004</ele>
   </trkpt>
   <trkpt lat="50.81282" lon="3.7872200000000005">
    <ele>41.95</ele>
   </trkpt>
   <trkpt lat="50.812760000000004" lon="3.7870800000000004">
    <ele>41.32</ele>
   </trkpt>
   <trkpt lat="50.81268000000001" lon="3.78696">
    <ele>40.870000000000005</ele>
   </trkpt>
   <trkpt lat="50.812580000000004" lon="3.7868600000000003">
    <ele>40.6</ele>
   </trkpt>
   <trkpt lat="50.812340000000006" lon="3.7867">
    <ele>39.870000000000005</ele>
   </trkpt>
   <trkpt lat="50.81176000000001" lon="3.7864500000000003">
    <ele>39.46</ele>
   </trkpt>
   <trkpt lat="50.81136000000001" lon="3.7863100000000003">
    <ele>39.93</ele>
   </trkpt>
   <trkpt lat="50.81065" lon="3.7861700000000003">
    <ele>38.74</ele>
   </trkpt>
   <trkpt lat="50.81054" lon="3.7861300000000004">
    <ele>38.50000000000001</ele>
   </trkpt>
   <trkpt lat="50.810410000000005" lon="3.78602">
    <ele>37.56</ele>
   </trkpt>
   <trkpt lat="50.810120000000005" lon="3.7855700000000003">
    <ele>37.17</ele>
   </trkpt>
   <trkpt lat="50.810050000000004" lon="3.7854900000000002">
    <ele>37.26</ele>
   </trkpt>
   <trkpt lat="50.80971" lon="3.7852400000000004">
    <ele>38.50000000000001</ele>
   </trkpt>
   <trkpt lat="50.80951" lon="3.7849900000000005">
    <ele>41.370000000000005</ele>
   </trkpt>
   <trkpt lat="50.80935" lon="3.7849000000000004">
    <ele>42.050000000000004</ele>
   </trkpt>
   <trkpt lat="50.808800000000005" lon="3.7848500000000005">
    <ele>44.94</ele>
   </trkpt>
   <trkpt lat="50.80913" lon="3.7842300000000004">
    <ele>43.96000000000001</ele>
   </trkpt>
   <trkpt lat="50.809740000000005" lon="3.7832200000000005">
    <ele>39.910000000000004</ele>
   </trkpt>
   <trkpt lat="50.81024000276828" lon="3.78242500840288">
    <ele>35.300000000000004</ele>
   </trkpt>
   <trkpt lat="50.81074" lon="3.7816300000000003">
    <ele>30.61</ele>
   </trkpt>
   <trkpt lat="50.8111" lon="3.7811200000000005">
    <ele>28.92</ele>
   </trkpt>
   <trkpt lat="50.81167000000001" lon="3.7803600000000004">
    <ele>28.8</ele>
   </trkpt>
   <trkpt lat="50.81218000243424" lon="3.779610008144571">
    <ele>29.26</ele>
   </trkpt>
   <trkpt lat="50.81269" lon="3.7788600000000003">
    <ele>31.540000000000006</ele>
   </trkpt>
   <trkpt lat="50.81233" lon="3.77815">
    <ele>31.970000000000006</ele>
   </trkpt>
   <trkpt lat="50.812180000000005" lon="3.7779200000000004">
    <ele>32.18</ele>
   </trkpt>
   <trkpt lat="50.81206" lon="3.7775600000000003">
    <ele>32.39</ele>
   </trkpt>
   <trkpt lat="50.81219" lon="3.7774500000000004">
    <ele>32.64</ele>
   </trkpt>
   <trkpt lat="50.81221000000001" lon="3.7773000000000003">
    <ele>32.71</ele>
   </trkpt>
   <trkpt lat="50.81219" lon="3.7764400000000005">
    <ele>34.54</ele>
   </trkpt>
   <trkpt lat="50.81222" lon="3.77586">
    <ele>36.160000000000004</ele>
   </trkpt>
   <trkpt lat="50.81221000000001" lon="3.7746700000000004">
    <ele>37.82000000000001</ele>
   </trkpt>
   <trkpt lat="50.81206" lon="3.7736500000000004">
    <ele>38.50000000000001</ele>
   </trkpt>
   <trkpt lat="50.81186" lon="3.7727700000000004">
    <ele>38.14</ele>
   </trkpt>
   <trkpt lat="50.81181" lon="3.7726100000000002">
    <ele>38.12</ele>
   </trkpt>
   <trkpt lat="50.811345005967986" lon="3.771429988296471">
    <ele>38.02</ele>
   </trkpt>
   <trkpt lat="50.810880000000004" lon="3.7702500000000003">
    <ele>37.660000000000004</ele>
   </trkpt>
   <trkpt lat="50.810790000000004" lon="3.7699700000000003">
    <ele>37.970000000000006</ele>
   </trkpt>
   <trkpt lat="50.81078" lon="3.7697200000000004">
    <ele>38.05</ele>
   </trkpt>
   <trkpt lat="50.81044000000001" lon="3.7696400000000003">
    <ele>37.900000000000006</ele>
   </trkpt>
   <trkpt lat="50.809900000000006" lon="3.7694000000000005">
    <ele>35.97</ele>
   </trkpt>
   <trkpt lat="50.80978" lon="3.7693900000000005">
    <ele>35.9</ele>
   </trkpt>
   <trkpt lat="50.80959000000001" lon="3.7694600000000005">
    <ele>35.51</ele>
   </trkpt>
   <trkpt lat="50.809470000000005" lon="3.7695600000000002">
    <ele>35.51</ele>
   </trkpt>
   <trkpt lat="50.809070000000006" lon="3.7700100000000005">
    <ele>34.38</ele>
   </trkpt>
   <trkpt lat="50.808960000000006" lon="3.7701100000000003">
    <ele>34.120000000000005</ele>
   </trkpt>
   <trkpt lat="50.80883000000001" lon="3.7701900000000004">
    <ele>33.82</ele>
   </trkpt>
   <trkpt lat="50.808690000000006" lon="3.7702400000000003">
    <ele>33.74</ele>
   </trkpt>
   <trkpt lat="50.80836000000001" lon="3.7703">
    <ele>33.67</ele>
   </trkpt>
   <trkpt lat="50.80821" lon="3.77029">
    <ele>33.64</ele>
   </trkpt>
   <trkpt lat="50.80798000000001" lon="3.77023">
    <ele>33.64</ele>
   </trkpt>
   <trkpt lat="50.807280000000006" lon="3.7699900000000004">
    <ele>33.550000000000004</ele>
   </trkpt>
   <trkpt lat="50.807120000000005" lon="3.76995">
    <ele>33.53</ele>
   </trkpt>
   <trkpt lat="50.80702" lon="3.7699400000000005">
    <ele>33.53</ele>
   </trkpt>
   <trkpt lat="50.80697000000001" lon="3.76996">
    <ele>33.580000000000005</ele>
   </trkpt>
   <trkpt lat="50.806850000000004" lon="3.7700600000000004">
    <ele>33.580000000000005</ele>
   </trkpt>
   <trkpt lat="50.80675" lon="3.7702500000000003">
    <ele>33.510000000000005</ele>
   </trkpt>
   <trkpt lat="50.80657" lon="3.7709400000000004">
    <ele>33.24</ele>
   </trkpt>
   <trkpt lat="50.806400000000004" lon="3.77144">
    <ele>33.39</ele>
   </trkpt>
   <trkpt lat="50.80631" lon="3.7716200000000004">
    <ele>33.580000000000005</ele>
   </trkpt>
   <trkpt lat="50.80622" lon="3.7717500000000004">
    <ele>33.71</ele>
   </trkpt>
   <trkpt lat="50.806090000000005" lon="3.7718100000000003">
    <ele>33.92</ele>
   </trkpt>
   <trkpt lat="50.806090000000005" lon="3.7719500000000004">
    <ele>33.940000000000005</ele>
   </trkpt>
   <trkpt lat="50.80613" lon="3.77225">
    <ele>34.09</ele>
   </trkpt>
   <trkpt lat="50.80612000000001" lon="3.7723600000000004">
    <ele>34.230000000000004</ele>
   </trkpt>
   <trkpt lat="50.805980000000005" lon="3.7726">
    <ele>34.33</ele>
   </trkpt>
   <trkpt lat="50.805435001601005" lon="3.7719799927198716">
    <ele>34.43</ele>
   </trkpt>
   <trkpt lat="50.80489000000001" lon="3.7713600000000005">
    <ele>34.57</ele>
   </trkpt>
   <trkpt lat="50.804790000000004" lon="3.7712800000000004">
    <ele>34.57</ele>
   </trkpt>
   <trkpt lat="50.804260000000006" lon="3.7707100000000002">
    <ele>34.85000000000001</ele>
   </trkpt>
   <trkpt lat="50.80357000000001" lon="3.7700100000000005">
    <ele>35.54</ele>
   </trkpt>
   <trkpt lat="50.803540000000005" lon="3.76995">
    <ele>35.6</ele>
   </trkpt>
   <trkpt lat="50.802870000000006" lon="3.7691900000000005">
    <ele>36.410000000000004</ele>
   </trkpt>
   <trkpt lat="50.8027" lon="3.76947">
    <ele>36.71</ele>
   </trkpt>
   <trkpt lat="50.802420000000005" lon="3.7699900000000004">
    <ele>36.53</ele>
   </trkpt>
   <trkpt lat="50.80214" lon="3.7702100000000005">
    <ele>36.61</ele>
   </trkpt>
   <trkpt lat="50.80200000000001" lon="3.7702800000000005">
    <ele>36.79</ele>
   </trkpt>
   <trkpt lat="50.80163" lon="3.7704000000000004">
    <ele>37.69</ele>
   </trkpt>
   <trkpt lat="50.80134500326722" lon="3.7695249946472096">
    <ele>37.470000000000006</ele>
   </trkpt>
   <trkpt lat="50.80106000000001" lon="3.7686500000000005">
    <ele>37.46</ele>
   </trkpt>
   <trkpt lat="50.800540003245125" lon="3.7677699900975727">
    <ele>38.03</ele>
   </trkpt>
   <trkpt lat="50.80002" lon="3.7668900000000005">
    <ele>39.790000000000006</ele>
   </trkpt>
   <trkpt lat="50.79983000000001" lon="3.76724">
    <ele>40.080000000000005</ele>
   </trkpt>
   <trkpt lat="50.799440000000004" lon="3.7679000000000005">
    <ele>42.5</ele>
   </trkpt>
   <trkpt lat="50.7989600012134" lon="3.7684600059002418">
    <ele>46.75000000000001</ele>
   </trkpt>
   <trkpt lat="50.798480000000005" lon="3.7690200000000003">
    <ele>52.14000000000001</ele>
   </trkpt>
   <trkpt lat="50.79815500107058" lon="3.7695700042013076">
    <ele>53.35</ele>
   </trkpt>
   <trkpt lat="50.797830000000005" lon="3.7701200000000004">
    <ele>60.2</ele>
   </trkpt>
   <trkpt lat="50.79721000000001" lon="3.7709900000000003">
    <ele>67.2</ele>
   </trkpt>
   <trkpt lat="50.797090000000004" lon="3.7710700000000004">
    <ele>68.16000000000001</ele>
   </trkpt>
   <trkpt lat="50.79649500142922" lon="3.7716650076591205">
    <ele>70.56000000000002</ele>
   </trkpt>
   <trkpt lat="50.7959" lon="3.77226">
    <ele>70.46000000000001</ele>
   </trkpt>
   <trkpt lat="50.795820000000006" lon="3.7723100000000005">
    <ele>70.48</ele>
   </trkpt>
   <trkpt lat="50.795750000000005" lon="3.77232">
    <ele>70.48</ele>
   </trkpt>
   <trkpt lat="50.79560000000001" lon="3.7723000000000004">
    <ele>70.56000000000002</ele>
   </trkpt>
   <trkpt lat="50.79493333474052" lon="3.7727033448296066">
    <ele>67.94</ele>
   </trkpt>
   <trkpt lat="50.79426666809032" lon="3.773106678152776">
    <ele>63.51000000000001</ele>
   </trkpt>
   <trkpt lat="50.793600000000005" lon="3.7735100000000004">
    <ele>60.2</ele>
   </trkpt>
   <trkpt lat="50.793310000000005" lon="3.77375">
    <ele>59.02</ele>
   </trkpt>
   <trkpt lat="50.793200000000006" lon="3.77388">
    <ele>58.77</ele>
   </trkpt>
   <trkpt lat="50.79263" lon="3.7747400000000004">
    <ele>58.54</ele>
   </trkpt>
   <trkpt lat="50.79236" lon="3.77504">
    <ele>59.580000000000005</ele>
   </trkpt>
   <trkpt lat="50.79243" lon="3.7754200000000004">
    <ele>59.050000000000004</ele>
   </trkpt>
   <trkpt lat="50.79245" lon="3.7758800000000003">
    <ele>58.81000000000001</ele>
   </trkpt>
   <trkpt lat="50.792410000000004" lon="3.77586">
    <ele>59.02</ele>
   </trkpt>
   <trkpt lat="50.792320000000004" lon="3.77632">
    <ele>58.24000000000001</ele>
   </trkpt>
   <trkpt lat="50.792080000000006" lon="3.7769800000000004">
    <ele>57.330000000000005</ele>
   </trkpt>
   <trkpt lat="50.79168000000001" lon="3.7781700000000003">
    <ele>56.25</ele>
   </trkpt>
   <trkpt lat="50.79142500185422" lon="3.778815003326596">
    <ele>55.07000000000001</ele>
   </trkpt>
   <trkpt lat="50.79117" lon="3.7794600000000003">
    <ele>54.31</ele>
   </trkpt>
   <trkpt lat="50.791050000000006" lon="3.77971">
    <ele>53.84</ele>
   </trkpt>
   <trkpt lat="50.79066" lon="3.7803800000000005">
    <ele>53.43000000000001</ele>
   </trkpt>
   <trkpt lat="50.79055" lon="3.78066">
    <ele>53.290000000000006</ele>
   </trkpt>
   <trkpt lat="50.790490000000005" lon="3.7809800000000005">
    <ele>52.75000000000001</ele>
   </trkpt>
   <trkpt lat="50.7905" lon="3.7811800000000004">
    <ele>52.75000000000001</ele>
   </trkpt>
   <trkpt lat="50.79059" lon="3.7818400000000003">
    <ele>51.78000000000001</ele>
   </trkpt>
   <trkpt lat="50.79054000000001" lon="3.78222">
    <ele>51.42000000000001</ele>
   </trkpt>
   <trkpt lat="50.790240000000004" lon="3.7829300000000003">
    <ele>50.25</ele>
   </trkpt>
   <trkpt lat="50.78992" lon="3.7842100000000003">
    <ele>49.1</ele>
   </trkpt>
   <trkpt lat="50.78981" lon="3.7851100000000004">
    <ele>47.790000000000006</ele>
   </trkpt>
   <trkpt lat="50.78976" lon="3.78534">
    <ele>47.39</ele>
   </trkpt>
   <trkpt lat="50.78971000000001" lon="3.7854900000000002">
    <ele>47.39</ele>
   </trkpt>
   <trkpt lat="50.789370000000005" lon="3.7862700000000005">
    <ele>45.82000000000001</ele>
   </trkpt>
   <trkpt lat="50.789150001586044" lon="3.7868950031791515">
    <ele>44.730000000000004</ele>
   </trkpt>
   <trkpt lat="50.78893000000001" lon="3.78752">
    <ele>42.480000000000004</ele>
   </trkpt>
   <trkpt lat="50.7886600020519" lon="3.788215004047067">
    <ele>40.470000000000006</ele>
   </trkpt>
   <trkpt lat="50.78839000000001" lon="3.7889100000000004">
    <ele>39.36000000000001</ele>
   </trkpt>
   <trkpt lat="50.788180000000004" lon="3.78935">
    <ele>38.8</ele>
   </trkpt>
   <trkpt lat="50.78804" lon="3.7895800000000004">
    <ele>38.55</ele>
   </trkpt>
   <trkpt lat="50.787910000000004" lon="3.78975">
    <ele>38.53</ele>
   </trkpt>
   <trkpt lat="50.78768" lon="3.7899700000000003">
    <ele>38.57</ele>
   </trkpt>
   <trkpt lat="50.78761" lon="3.7900600000000004">
    <ele>38.62</ele>
   </trkpt>
   <trkpt lat="50.787490000000005" lon="3.79028">
    <ele>38.78</ele>
   </trkpt>
   <trkpt lat="50.78719500161124" lon="3.7909050040678">
    <ele>39.7</ele>
   </trkpt>
   <trkpt lat="50.7869" lon="3.7915300000000003">
    <ele>39.830000000000005</ele>
   </trkpt>
   <trkpt lat="50.786500000000004" lon="3.7922700000000003">
    <ele>40.0</ele>
   </trkpt>
   <trkpt lat="50.786300000000004" lon="3.7927100000000005">
    <ele>40.68</ele>
   </trkpt>
   <trkpt lat="50.78603000318281" lon="3.7935850053447253">
    <ele>41.38</ele>
   </trkpt>
   <trkpt lat="50.78576" lon="3.7944600000000004">
    <ele>43.190000000000005</ele>
   </trkpt>
   <trkpt lat="50.78530000000001" lon="3.7954000000000003">
    <ele>43.24</ele>
   </trkpt>
   <trkpt lat="50.78517" lon="3.7958900000000004">
    <ele>43.49</ele>
   </trkpt>
   <trkpt lat="50.785120000000006" lon="3.7961700000000005">
    <ele>43.74</ele>
   </trkpt>
   <trkpt lat="50.78502" lon="3.7965500000000003">
    <ele>44.31</ele>
   </trkpt>
   <trkpt lat="50.7847" lon="3.7974200000000002">
    <ele>46.12</ele>
   </trkpt>
   <trkpt lat="50.78437333883723" lon="3.7982200110996702">
    <ele>47.39</ele>
   </trkpt>
   <trkpt lat="50.78404667220279" lon="3.7990200110205947">
    <ele>49.2</ele>
   </trkpt>
   <trkpt lat="50.78372" lon="3.7998200000000004">
    <ele>49.75</ele>
   </trkpt>
   <trkpt lat="50.783590000000004" lon="3.8000900000000004">
    <ele>50.14</ele>
   </trkpt>
   <trkpt lat="50.78343" lon="3.8002800000000003">
    <ele>50.480000000000004</ele>
   </trkpt>
   <trkpt lat="50.783100000000005" lon="3.80053">
    <ele>51.46000000000001</ele>
   </trkpt>
   <trkpt lat="50.78239000000001" lon="3.80101">
    <ele>53.65</ele>
   </trkpt>
   <trkpt lat="50.78196500068881" lon="3.801340002826035">
    <ele>57.230000000000004</ele>
   </trkpt>
   <trkpt lat="50.78154000000001" lon="3.80167">
    <ele>59.690000000000005</ele>
   </trkpt>
   <trkpt lat="50.78117" lon="3.8019300000000005">
    <ele>64.83</ele>
   </trkpt>
   <trkpt lat="50.78097" lon="3.8020300000000002">
    <ele>64.83</ele>
   </trkpt>
   <trkpt lat="50.780190000000005" lon="3.80229">
    <ele>72.27</ele>
   </trkpt>
   <trkpt lat="50.779970000000006" lon="3.8024000000000004">
    <ele>73.29</ele>
   </trkpt>
   <trkpt lat="50.77924" lon="3.80283">
    <ele>78.33000000000001</ele>
   </trkpt>
   <trkpt lat="50.779120000000006" lon="3.8029400000000004">
    <ele>79.17999999999999</ele>
   </trkpt>
   <trkpt lat="50.779050000000005" lon="3.8036700000000003">
    <ele>80.59</ele>
   </trkpt>
   <trkpt lat="50.77891" lon="3.8041000000000005">
    <ele>81.45</ele>
   </trkpt>
   <trkpt lat="50.778780000000005" lon="3.8042900000000004">
    <ele>82.25</ele>
   </trkpt>
   <trkpt lat="50.77864" lon="3.8044100000000003">
    <ele>83.17</ele>
   </trkpt>
   <trkpt lat="50.777950000000004" lon="3.8048200000000003">
    <ele>85.23</ele>
   </trkpt>
   <trkpt lat="50.777800000000006" lon="3.8050200000000003">
    <ele>85.34000000000002</ele>
   </trkpt>
   <trkpt lat="50.777750000000005" lon="3.8052">
    <ele>85.29</ele>
   </trkpt>
   <trkpt lat="50.777730000000005" lon="3.8053800000000004">
    <ele>84.76</ele>
   </trkpt>
   <trkpt lat="50.77774" lon="3.8054900000000003">
    <ele>84.76</ele>
   </trkpt>
   <trkpt lat="50.777910003005424" lon="3.8063299968924706">
    <ele>82.35000000000001</ele>
   </trkpt>
   <trkpt lat="50.77808" lon="3.80717">
    <ele>79.36</ele>
   </trkpt>
   <trkpt lat="50.77814000000001" lon="3.8078000000000003">
    <ele>76.94000000000001</ele>
   </trkpt>
   <trkpt lat="50.778195002398434" lon="3.808549999033641">
    <ele>74.86000000000001</ele>
   </trkpt>
   <trkpt lat="50.77825000000001" lon="3.8093000000000004">
    <ele>73.77</ele>
   </trkpt>
   <trkpt lat="50.778255002769306" lon="3.8101049997654286">
    <ele>73.41</ele>
   </trkpt>
   <trkpt lat="50.77826" lon="3.8109100000000002">
    <ele>73.42</ele>
   </trkpt>
   <trkpt lat="50.778290000000005" lon="3.81137">
    <ele>73.42</ele>
   </trkpt>
   <trkpt lat="50.77834000000001" lon="3.8117300000000003">
    <ele>73.45</ele>
   </trkpt>
   <trkpt lat="50.77846" lon="3.8121000000000005">
    <ele>73.44</ele>
   </trkpt>
   <trkpt lat="50.77859" lon="3.8124000000000002">
    <ele>73.26</ele>
   </trkpt>
   <trkpt lat="50.77893" lon="3.8130100000000002">
    <ele>72.83</ele>
   </trkpt>
   <trkpt lat="50.779030000000006" lon="3.8133100000000004">
    <ele>72.42000000000002</ele>
   </trkpt>
   <trkpt lat="50.77934000606043" lon="3.8145049919081275">
    <ele>71.58</ele>
   </trkpt>
   <trkpt lat="50.779650000000004" lon="3.8157">
    <ele>70.59</ele>
   </trkpt>
   <trkpt lat="50.77984500480453" lon="3.816764995318195">
    <ele>69.77000000000001</ele>
   </trkpt>
   <trkpt lat="50.78004000000001" lon="3.8178300000000003">
    <ele>69.18</ele>
   </trkpt>
   <trkpt lat="50.780080000000005" lon="3.81815">
    <ele>69.10000000000001</ele>
   </trkpt>
   <trkpt lat="50.780080000000005" lon="3.81828">
    <ele>69.10000000000001</ele>
   </trkpt>
   <trkpt lat="50.78005" lon="3.81848">
    <ele>68.98</ele>
   </trkpt>
   <trkpt lat="50.78002000000001" lon="3.81863">
    <ele>68.98</ele>
   </trkpt>
   <trkpt lat="50.77995000000001" lon="3.8188000000000004">
    <ele>68.98</ele>
   </trkpt>
   <trkpt lat="50.78" lon="3.8190100000000005">
    <ele>69.09000000000002</ele>
   </trkpt>
   <trkpt lat="50.7800200117705" lon="3.8201833323377903">
    <ele>69.72</ele>
   </trkpt>
   <trkpt lat="50.780040011770645" lon="3.821356665679527">
    <ele>69.07000000000001</ele>
   </trkpt>
   <trkpt lat="50.780060000000006" lon="3.8225300000000004">
    <ele>67.8</ele>
   </trkpt>
   <trkpt lat="50.780080000000005" lon="3.8227200000000003">
    <ele>67.8</ele>
   </trkpt>
   <trkpt lat="50.780170000000005" lon="3.8230700000000004">
    <ele>67.44</ele>
   </trkpt>
   <trkpt lat="50.780450002443104" lon="3.823819995612334">
    <ele>66.06</ele>
   </trkpt>
   <trkpt lat="50.780730000000005" lon="3.8245700000000005">
    <ele>65.05000000000001</ele>
   </trkpt>
   <trkpt lat="50.78101" lon="3.8251800000000005">
    <ele>64.11</ele>
   </trkpt>
   <trkpt lat="50.78151001915469" lon="3.826126616053781">
    <ele>62.53</ele>
   </trkpt>
   <trkpt lat="50.78201003064814" lon="3.8270732523524984">
    <ele>62.53</ele>
   </trkpt>
   <trkpt lat="50.78251003448001" lon="3.8280199088966365">
    <ele>55.18000000000001</ele>
   </trkpt>
   <trkpt lat="50.78301003065006" lon="3.828966585686679">
    <ele>55.18000000000001</ele>
   </trkpt>
   <trkpt lat="50.78351001915794" lon="3.8299132827231097">
    <ele>55.18000000000001</ele>
   </trkpt>
   <trkpt lat="50.78401" lon="3.8308600000000004">
    <ele>55.18000000000001</ele>
   </trkpt>
   <trkpt lat="50.78436500164161" lon="3.8314649955376034">
    <ele>55.6</ele>
   </trkpt>
   <trkpt lat="50.78472000000001" lon="3.8320700000000003">
    <ele>55.42</ele>
   </trkpt>
   <trkpt lat="50.784780000000005" lon="3.83219">
    <ele>55.42</ele>
   </trkpt>
   <trkpt lat="50.784960000000005" lon="3.8326400000000005">
    <ele>54.68000000000001</ele>
   </trkpt>
   <trkpt lat="50.78530000000001" lon="3.8337900000000005">
    <ele>52.43000000000001</ele>
   </trkpt>
   <trkpt lat="50.78549" lon="3.8342300000000002">
    <ele>51.28000000000001</ele>
   </trkpt>
   <trkpt lat="50.78564" lon="3.8344700000000005">
    <ele>50.760000000000005</ele>
   </trkpt>
   <trkpt lat="50.78578" lon="3.8346400000000003">
    <ele>50.580000000000005</ele>
   </trkpt>
   <trkpt lat="50.78604000000001" lon="3.83502">
    <ele>50.03</ele>
   </trkpt>
   <trkpt lat="50.78618" lon="3.8352900000000005">
    <ele>50.03</ele>
   </trkpt>
   <trkpt lat="50.78633000000001" lon="3.8356900000000005">
    <ele>49.54</ele>
   </trkpt>
   <trkpt lat="50.78647" lon="3.83611">
    <ele>48.34</ele>
   </trkpt>
   <trkpt lat="50.786620000000006" lon="3.8366900000000004">
    <ele>47.23</ele>
   </trkpt>
   <trkpt lat="50.7869" lon="3.83802">
    <ele>45.22</ele>
   </trkpt>
   <trkpt lat="50.787060000000004" lon="3.83863">
    <ele>44.800000000000004</ele>
   </trkpt>
   <trkpt lat="50.787220000000005" lon="3.8391300000000004">
    <ele>44.14000000000001</ele>
   </trkpt>
   <trkpt lat="50.78725000000001" lon="3.8397">
    <ele>43.32</ele>
   </trkpt>
   <trkpt lat="50.78703" lon="3.8398100000000004">
    <ele>41.56</ele>
   </trkpt>
   <trkpt lat="50.78678000000001" lon="3.8400200000000004">
    <ele>41.27</ele>
   </trkpt>
   <trkpt lat="50.786380000891256" lon="3.8404750038857127">
    <ele>40.53</ele>
   </trkpt>
   <trkpt lat="50.78598" lon="3.84093">
    <ele>40.730000000000004</ele>
   </trkpt>
   <trkpt lat="50.78584000000001" lon="3.8412300000000004">
    <ele>40.86</ele>
   </trkpt>
   <trkpt lat="50.78577000000001" lon="3.8414300000000003">
    <ele>41.160000000000004</ele>
   </trkpt>
   <trkpt lat="50.78569" lon="3.8421100000000004">
    <ele>41.46</ele>
   </trkpt>
   <trkpt lat="50.7856" lon="3.8425100000000003">
    <ele>42.46</ele>
   </trkpt>
   <trkpt lat="50.78549" lon="3.8427300000000004">
    <ele>42.77</ele>
   </trkpt>
   <trkpt lat="50.785145001176765" lon="3.8432600039477527">
    <ele>43.92</ele>
   </trkpt>
   <trkpt lat="50.784800000000004" lon="3.8437900000000003">
    <ele>45.14000000000001</ele>
   </trkpt>
   <trkpt lat="50.784360001687574" lon="3.844420005941696">
    <ele>46.21</ele>
   </trkpt>
   <trkpt lat="50.78392" lon="3.8450500000000005">
    <ele>44.77</ele>
   </trkpt>
   <trkpt lat="50.78372" lon="3.8454400000000004">
    <ele>43.620000000000005</ele>
   </trkpt>
   <trkpt lat="50.783590000000004" lon="3.8458">
    <ele>43.620000000000005</ele>
   </trkpt>
   <trkpt lat="50.7833250048986" lon="3.8468700060462258">
    <ele>41.56</ele>
   </trkpt>
   <trkpt lat="50.783060000000006" lon="3.8479400000000004">
    <ele>39.49</ele>
   </trkpt>
   <trkpt lat="50.782830000000004" lon="3.8489400000000002">
    <ele>39.1</ele>
   </trkpt>
   <trkpt lat="50.782810000000005" lon="3.8493700000000004">
    <ele>39.25</ele>
   </trkpt>
   <trkpt lat="50.78282" lon="3.8500300000000003">
    <ele>39.25</ele>
   </trkpt>
   <trkpt lat="50.782790000000006" lon="3.8507300000000004">
    <ele>40.010000000000005</ele>
   </trkpt>
   <trkpt lat="50.782565004124564" lon="3.8517200050502556">
    <ele>40.64</ele>
   </trkpt>
   <trkpt lat="50.782340000000005" lon="3.8527100000000005">
    <ele>41.54</ele>
   </trkpt>
   <trkpt lat="50.782230000000006" lon="3.8530500000000005">
    <ele>41.370000000000005</ele>
   </trkpt>
   <trkpt lat="50.78213" lon="3.8532400000000004">
    <ele>41.410000000000004</ele>
   </trkpt>
   <trkpt lat="50.781505002503025" lon="3.8540050102234393">
    <ele>42.09</ele>
   </trkpt>
   <trkpt lat="50.78088" lon="3.8547700000000003">
    <ele>43.42</ele>
   </trkpt>
   <trkpt lat="50.78035500189365" lon="3.8554050069236343">
    <ele>43.82000000000001</ele>
   </trkpt>
   <trkpt lat="50.779830000000004" lon="3.85604">
    <ele>43.64000000000001</ele>
   </trkpt>
   <trkpt lat="50.78004000411701" lon="3.8570199956525886">
    <ele>43.86</ele>
   </trkpt>
   <trkpt lat="50.78025" lon="3.858">
    <ele>43.97</ele>
   </trkpt>
   <trkpt lat="50.7805" lon="3.85876">
    <ele>43.35000000000001</ele>
   </trkpt>
   <trkpt lat="50.780730000000005" lon="3.8593400000000004">
    <ele>42.96</ele>
   </trkpt>
   <trkpt lat="50.78079" lon="3.8595300000000003">
    <ele>42.980000000000004</ele>
   </trkpt>
   <trkpt lat="50.78087000000001" lon="3.8599200000000002">
    <ele>43.300000000000004</ele>
   </trkpt>
   <trkpt lat="50.780335001911425" lon="3.8605700073086417">
    <ele>41.370000000000005</ele>
   </trkpt>
   <trkpt lat="50.7798" lon="3.8612200000000003">
    <ele>39.57</ele>
   </trkpt>
   <trkpt lat="50.779196672283796" lon="3.8620300208904044">
    <ele>37.27</ele>
   </trkpt>
   <trkpt lat="50.77859333895798" lon="3.8628400208799203">
    <ele>35.08</ele>
   </trkpt>
   <trkpt lat="50.77799" lon="3.8636500000000003">
    <ele>33.57</ele>
   </trkpt>
   <trkpt lat="50.777730000000005" lon="3.8640300000000005">
    <ele>32.260000000000005</ele>
   </trkpt>
   <trkpt lat="50.77736000318137" lon="3.8648900067582748">
    <ele>29.44</ele>
   </trkpt>
   <trkpt lat="50.776990000000005" lon="3.8657500000000002">
    <ele>28.14</ele>
   </trkpt>
   <trkpt lat="50.77693000000001" lon="3.8658400000000004">
    <ele>28.110000000000003</ele>
   </trkpt>
   <trkpt lat="50.77662" lon="3.8661000000000003">
    <ele>28.39</ele>
   </trkpt>
   <trkpt lat="50.77642" lon="3.8665000000000003">
    <ele>29.75</ele>
   </trkpt>
   <trkpt lat="50.776390000000006" lon="3.8665000000000003">
    <ele>29.75</ele>
   </trkpt>
   <trkpt lat="50.77613" lon="3.8671800000000003">
    <ele>31.67</ele>
   </trkpt>
   <trkpt lat="50.77590000000001" lon="3.8678500000000002">
    <ele>31.990000000000006</ele>
   </trkpt>
   <trkpt lat="50.775710000000004" lon="3.8688800000000003">
    <ele>28.46</ele>
   </trkpt>
   <trkpt lat="50.775580003042755" lon="3.8697250024116676">
    <ele>26.8</ele>
   </trkpt>
   <trkpt lat="50.775450000000006" lon="3.8705700000000003">
    <ele>25.040000000000003</ele>
   </trkpt>
   <trkpt lat="50.77541" lon="3.8706300000000002">
    <ele>24.71</ele>
   </trkpt>
   <trkpt lat="50.775470000000006" lon="3.8706600000000004">
    <ele>25.0</ele>
   </trkpt>
   <trkpt lat="50.775400000000005" lon="3.87096">
    <ele>24.68</ele>
   </trkpt>
   <trkpt lat="50.77521" lon="3.8721">
    <ele>20.790000000000003</ele>
   </trkpt>
   <trkpt lat="50.775220000000004" lon="3.8722100000000004">
    <ele>20.51</ele>
   </trkpt>
   <trkpt lat="50.775200000000005" lon="3.87231">
    <ele>20.51</ele>
   </trkpt>
   <trkpt lat="50.77517" lon="3.8723600000000005">
    <ele>20.51</ele>
   </trkpt>
   <trkpt lat="50.775380000000006" lon="3.8731800000000005">
    <ele>19.15</ele>
   </trkpt>
   <trkpt lat="50.77543000000001" lon="3.87346">
    <ele>19.21</ele>
   </trkpt>
   <trkpt lat="50.77568" lon="3.8739800000000004">
    <ele>18.89</ele>
   </trkpt>
   <trkpt lat="50.775710000000004" lon="3.8741700000000003">
    <ele>18.89</ele>
   </trkpt>
   <trkpt lat="50.776180000774026" lon="3.874594995730687">
    <ele>18.6</ele>
   </trkpt>
   <trkpt lat="50.776650000000004" lon="3.87502">
    <ele>18.72</ele>
   </trkpt>
   <trkpt lat="50.777120000000004" lon="3.8756500000000003">
    <ele>18.680000000000003</ele>
   </trkpt>
   <trkpt lat="50.77718" lon="3.8757">
    <ele>18.680000000000003</ele>
   </trkpt>
   <trkpt lat="50.77727" lon="3.8757200000000003">
    <ele>18.680000000000003</ele>
   </trkpt>
   <trkpt lat="50.777390000000004" lon="3.87571">
    <ele>18.580000000000002</ele>
   </trkpt>
   <trkpt lat="50.777910000000006" lon="3.8755">
    <ele>18.79</ele>
   </trkpt>
   <trkpt lat="50.777930000000005" lon="3.8757200000000003">
    <ele>18.910000000000004</ele>
   </trkpt>
   <trkpt lat="50.77797" lon="3.8757200000000003">
    <ele>18.910000000000004</ele>
   </trkpt>
   <trkpt lat="50.77801" lon="3.87624">
    <ele>19.000000000000004</ele>
   </trkpt>
   <trkpt lat="50.778040000000004" lon="3.87685">
    <ele>19.470000000000002</ele>
   </trkpt>
   <trkpt lat="50.778020000000005" lon="3.87787">
    <ele>22.070000000000004</ele>
   </trkpt>
   <trkpt lat="50.77794" lon="3.8787400000000005">
    <ele>22.8</ele>
   </trkpt>
   <trkpt lat="50.777840000000005" lon="3.8794600000000004">
    <ele>23.49</ele>
   </trkpt>
   <trkpt lat="50.77761500583341" lon="3.88063000572511">
    <ele>24.0</ele>
   </trkpt>
   <trkpt lat="50.777390000000004" lon="3.8818">
    <ele>24.950000000000003</ele>
   </trkpt>
   <trkpt lat="50.77736" lon="3.8821700000000003">
    <ele>25.41</ele>
   </trkpt>
   <trkpt lat="50.77731000000001" lon="3.8823000000000003">
    <ele>25.44</ele>
   </trkpt>
   <trkpt lat="50.777210000000004" lon="3.8823600000000003">
    <ele>25.36</ele>
   </trkpt>
   <trkpt lat="50.77713000000001" lon="3.8823000000000003">
    <ele>25.36</ele>
   </trkpt>
   <trkpt lat="50.77671" lon="3.8821000000000003">
    <ele>24.400000000000002</ele>
   </trkpt>
   <trkpt lat="50.77615" lon="3.8817900000000005">
    <ele>22.92</ele>
   </trkpt>
   <trkpt lat="50.775560000000006" lon="3.8816100000000002">
    <ele>21.980000000000004</ele>
   </trkpt>
   <trkpt lat="50.774770000000004" lon="3.8815100000000005">
    <ele>21.890000000000004</ele>
   </trkpt>
   <trkpt lat="50.774420000000006" lon="3.8814800000000003">
    <ele>21.910000000000004</ele>
   </trkpt>
   <trkpt lat="50.774300000000004" lon="3.8815100000000005">
    <ele>21.990000000000002</ele>
   </trkpt>
   <trkpt lat="50.77418" lon="3.8815100000000005">
    <ele>22.0</ele>
   </trkpt>
   <trkpt lat="50.773450000000004" lon="3.8814400000000004">
    <ele>22.480000000000004</ele>
   </trkpt>
   <trkpt lat="50.77367" lon="3.8826600000000004">
    <ele>31.19</ele>
   </trkpt>
   <trkpt lat="50.77387" lon="3.8836800000000005">
    <ele>40.31</ele>
   </trkpt>
   <trkpt lat="50.77398" lon="3.8840700000000004">
    <ele>42.18</ele>
   </trkpt>
   <trkpt lat="50.77409" lon="3.8846700000000003">
    <ele>46.62</ele>
   </trkpt>
   <trkpt lat="50.77413000000001" lon="3.8851100000000005">
    <ele>47.900000000000006</ele>
   </trkpt>
   <trkpt lat="50.774100000000004" lon="3.8859800000000004">
    <ele>54.580000000000005</ele>
   </trkpt>
   <trkpt lat="50.774100000000004" lon="3.8867300000000005">
    <ele>58.67000000000001</ele>
   </trkpt>
   <trkpt lat="50.774010000000004" lon="3.88675">
    <ele>59.82000000000001</ele>
   </trkpt>
   <trkpt lat="50.77389" lon="3.8868300000000002">
    <ele>59.82000000000001</ele>
   </trkpt>
   <trkpt lat="50.773680000000006" lon="3.8870400000000003">
    <ele>61.35</ele>
   </trkpt>
   <trkpt lat="50.77349" lon="3.8873400000000005">
    <ele>63.39</ele>
   </trkpt>
   <trkpt lat="50.77344" lon="3.8875500000000005">
    <ele>63.89</ele>
   </trkpt>
   <trkpt lat="50.77338" lon="3.88764">
    <ele>64.64999999999999</ele>
   </trkpt>
   <trkpt lat="50.77309" lon="3.8878800000000004">
    <ele>68.75</ele>
   </trkpt>
   <trkpt lat="50.773030000000006" lon="3.8879">
    <ele>68.75</ele>
   </trkpt>
   <trkpt lat="50.77266" lon="3.8878700000000004">
    <ele>72.62</ele>
   </trkpt>
   <trkpt lat="50.772580000000005" lon="3.88791">
    <ele>73.62</ele>
   </trkpt>
   <trkpt lat="50.77239" lon="3.8883500000000004">
    <ele>78.30000000000001</ele>
   </trkpt>
   <trkpt lat="50.772330000000004" lon="3.8884200000000004">
    <ele>78.38000000000001</ele>
   </trkpt>
   <trkpt lat="50.77201" lon="3.8882300000000005">
    <ele>82.92</ele>
   </trkpt>
   <trkpt lat="50.77176000000001" lon="3.8881200000000002">
    <ele>84.77000000000001</ele>
   </trkpt>
   <trkpt lat="50.77165" lon="3.8881300000000003">
    <ele>85.84000000000002</ele>
   </trkpt>
   <trkpt lat="50.77160000000001" lon="3.88818">
    <ele>86.47</ele>
   </trkpt>
   <trkpt lat="50.77143" lon="3.8888400000000005">
    <ele>94.75</ele>
   </trkpt>
   <trkpt lat="50.77145" lon="3.8889000000000005">
    <ele>95.45</ele>
   </trkpt>
   <trkpt lat="50.77179" lon="3.8892300000000004">
    <ele>99.87000000000002</ele>
   </trkpt>
   <trkpt lat="50.77183" lon="3.88932">
    <ele>100.21000000000001</ele>
   </trkpt>
   <trkpt lat="50.77214000000001" lon="3.88953">
    <ele>101.94</ele>
   </trkpt>
   <trkpt lat="50.77206" lon="3.8897800000000005">
    <ele>103.36</ele>
   </trkpt>
   <trkpt lat="50.77206" lon="3.8899100000000004">
    <ele>104.52</ele>
   </trkpt>
   <trkpt lat="50.772090000000006" lon="3.8899900000000005">
    <ele>104.52</ele>
   </trkpt>
   <trkpt lat="50.772220000000004" lon="3.8900900000000003">
    <ele>107.58000000000001</ele>
   </trkpt>
   <trkpt lat="50.77235" lon="3.89069">
    <ele>108.01</ele>
   </trkpt>
   <trkpt lat="50.77239" lon="3.8907700000000003">
    <ele>107.72000000000001</ele>
   </trkpt>
   <trkpt lat="50.772540000000006" lon="3.89095">
    <ele>106.43</ele>
   </trkpt>
   <trkpt lat="50.772600000000004" lon="3.8910100000000005">
    <ele>105.86000000000001</ele>
   </trkpt>
   <trkpt lat="50.77268" lon="3.8910100000000005">
    <ele>105.55</ele>
   </trkpt>
   <trkpt lat="50.772740000000006" lon="3.8909800000000003">
    <ele>104.21000000000001</ele>
   </trkpt>
   <trkpt lat="50.772830000000006" lon="3.89089">
    <ele>103.9</ele>
   </trkpt>
   <trkpt lat="50.77310000000001" lon="3.89048">
    <ele>102.49000000000001</ele>
   </trkpt>
   <trkpt lat="50.773270000000004" lon="3.89088">
    <ele>100.81</ele>
   </trkpt>
   <trkpt lat="50.773540000000004" lon="3.8913200000000003">
    <ele>97.49000000000001</ele>
   </trkpt>
   <trkpt lat="50.77385" lon="3.8916900000000005">
    <ele>92.82000000000001</ele>
   </trkpt>
   <trkpt lat="50.77420000000001" lon="3.89197">
    <ele>89.47000000000001</ele>
   </trkpt>
   <trkpt lat="50.77420000000001" lon="3.8929100000000005">
    <ele>88.77</ele>
   </trkpt>
   <trkpt lat="50.77422000000001" lon="3.8930300000000004">
    <ele>88.77</ele>
   </trkpt>
   <trkpt lat="50.774010000000004" lon="3.8932100000000003">
    <ele>88.86000000000001</ele>
   </trkpt>
   <trkpt lat="50.773410000000005" lon="3.8938400000000004">
    <ele>89.82000000000001</ele>
   </trkpt>
   <trkpt lat="50.772960000000005" lon="3.89408">
    <ele>87.85000000000001</ele>
   </trkpt>
   <trkpt lat="50.77237" lon="3.89435">
    <ele>83.85000000000001</ele>
   </trkpt>
   <trkpt lat="50.772360000000006" lon="3.89435">
    <ele>83.85000000000001</ele>
   </trkpt>
   <trkpt lat="50.77201" lon="3.8939700000000004">
    <ele>83.49000000000001</ele>
   </trkpt>
   <trkpt lat="50.77145" lon="3.8930800000000003">
    <ele>84.92</ele>
   </trkpt>
   <trkpt lat="50.770920003284914" lon="3.892214990340043">
    <ele>90.12</ele>
   </trkpt>
   <trkpt lat="50.770390000000006" lon="3.8913500000000005">
    <ele>90.12</ele>
   </trkpt>
   <trkpt lat="50.77022" lon="3.8911100000000003">
    <ele>85.70000000000002</ele>
   </trkpt>
   <trkpt lat="50.77" lon="3.8909900000000004">
    <ele>84.99000000000001</ele>
   </trkpt>
   <trkpt lat="50.76988000000001" lon="3.89095">
    <ele>84.99000000000001</ele>
   </trkpt>
   <trkpt lat="50.769510000000004" lon="3.8909100000000003">
    <ele>84.01</ele>
   </trkpt>
   <trkpt lat="50.76879" lon="3.8909400000000005">
    <ele>81.48</ele>
   </trkpt>
   <trkpt lat="50.768390000000004" lon="3.8909100000000003">
    <ele>80.44000000000001</ele>
   </trkpt>
   <trkpt lat="50.76816" lon="3.8908500000000004">
    <ele>80.44000000000001</ele>
   </trkpt>
   <trkpt lat="50.76798" lon="3.8907800000000003">
    <ele>79.92999999999999</ele>
   </trkpt>
   <trkpt lat="50.767610000000005" lon="3.8905900000000004">
    <ele>79.41000000000001</ele>
   </trkpt>
   <trkpt lat="50.76724" lon="3.8903200000000004">
    <ele>78.39</ele>
   </trkpt>
   <trkpt lat="50.76657" lon="3.8897700000000004">
    <ele>77.35</ele>
   </trkpt>
   <trkpt lat="50.766400000000004" lon="3.8895500000000003">
    <ele>77.34</ele>
   </trkpt>
   <trkpt lat="50.766270000000006" lon="3.8893100000000005">
    <ele>76.65</ele>
   </trkpt>
   <trkpt lat="50.76615" lon="3.88898">
    <ele>76.65</ele>
   </trkpt>
   <trkpt lat="50.7661" lon="3.8885500000000004">
    <ele>75.59</ele>
   </trkpt>
   <trkpt lat="50.766110000000005" lon="3.8883300000000003">
    <ele>75.47000000000001</ele>
   </trkpt>
   <trkpt lat="50.76615" lon="3.88803">
    <ele>74.71000000000001</ele>
   </trkpt>
   <trkpt lat="50.76623000000001" lon="3.8877800000000002">
    <ele>74.41</ele>
   </trkpt>
   <trkpt lat="50.76634000000001" lon="3.8875300000000004">
    <ele>73.75000000000001</ele>
   </trkpt>
   <trkpt lat="50.766450000000006" lon="3.8873800000000003">
    <ele>73.01</ele>
   </trkpt>
   <trkpt lat="50.76666" lon="3.8871700000000002">
    <ele>72.16</ele>
   </trkpt>
   <trkpt lat="50.76679000000001" lon="3.8870800000000005">
    <ele>71.87</ele>
   </trkpt>
   <trkpt lat="50.76747" lon="3.8868000000000005">
    <ele>69.12</ele>
   </trkpt>
   <trkpt lat="50.76819000017917" lon="3.8866850017503123">
    <ele>67.15</ele>
   </trkpt>
   <trkpt lat="50.768910000000005" lon="3.8865700000000003">
    <ele>64.13000000000001</ele>
   </trkpt>
   <trkpt lat="50.76945500022332" lon="3.8864600012468946">
    <ele>62.83000000000001</ele>
   </trkpt>
   <trkpt lat="50.77" lon="3.88635">
    <ele>60.67</ele>
   </trkpt>
   <trkpt lat="50.770770000000006" lon="3.88634">
    <ele>57.11000000000001</ele>
   </trkpt>
   <trkpt lat="50.77089" lon="3.8863000000000003">
    <ele>57.11000000000001</ele>
   </trkpt>
   <trkpt lat="50.770990000000005" lon="3.8862200000000002">
    <ele>56.75</ele>
   </trkpt>
   <trkpt lat="50.77105" lon="3.88614">
    <ele>56.75</ele>
   </trkpt>
   <trkpt lat="50.771100000000004" lon="3.88601">
    <ele>55.92</ele>
   </trkpt>
   <trkpt lat="50.77111000000001" lon="3.8859000000000004">
    <ele>55.92</ele>
   </trkpt>
   <trkpt lat="50.771100000000004" lon="3.8856800000000002">
    <ele>55.92</ele>
   </trkpt>
   <trkpt lat="50.77102000000001" lon="3.8854900000000003">
    <ele>53.87</ele>
   </trkpt>
   <trkpt lat="50.770920000000004" lon="3.8854">
    <ele>53.87</ele>
   </trkpt>
   <trkpt lat="50.770830000000004" lon="3.8853700000000004">
    <ele>53.87</ele>
   </trkpt>
   <trkpt lat="50.77074" lon="3.8853700000000004">
    <ele>53.35</ele>
   </trkpt>
   <trkpt lat="50.77" lon="3.8855000000000004">
    <ele>51.61</ele>
   </trkpt>
   <trkpt lat="50.76921500022719" lon="3.885620001988338">
    <ele>50.25</ele>
   </trkpt>
   <trkpt lat="50.76843" lon="3.88574">
    <ele>48.760000000000005</ele>
   </trkpt>
   <trkpt lat="50.76816" lon="3.8857600000000003">
    <ele>47.96</ele>
   </trkpt>
   <trkpt lat="50.767860000000006" lon="3.8857100000000004">
    <ele>47.400000000000006</ele>
   </trkpt>
   <trkpt lat="50.76746000000001" lon="3.88554">
    <ele>46.540000000000006</ele>
   </trkpt>
   <trkpt lat="50.767120000000006" lon="3.8852800000000003">
    <ele>45.480000000000004</ele>
   </trkpt>
   <trkpt lat="50.76670000047846" lon="3.88491999670337">
    <ele>44.36</ele>
   </trkpt>
   <trkpt lat="50.76628" lon="3.8845600000000005">
    <ele>42.64</ele>
   </trkpt>
   <trkpt lat="50.766020000000005" lon="3.8842900000000005">
    <ele>41.64</ele>
   </trkpt>
   <trkpt lat="50.76565" lon="3.8837400000000004">
    <ele>40.290000000000006</ele>
   </trkpt>
   <trkpt lat="50.76519500219531" lon="3.8830299931579866">
    <ele>36.300000000000004</ele>
   </trkpt>
   <trkpt lat="50.76474" lon="3.8823200000000004">
    <ele>34.620000000000005</ele>
   </trkpt>
   <trkpt lat="50.76464000000001" lon="3.8822300000000003">
    <ele>34.620000000000005</ele>
   </trkpt>
   <trkpt lat="50.764030000000005" lon="3.88194">
    <ele>31.360000000000007</ele>
   </trkpt>
   <trkpt lat="50.763870000000004" lon="3.8817500000000003">
    <ele>30.840000000000003</ele>
   </trkpt>
   <trkpt lat="50.763830000000006" lon="3.8815800000000005">
    <ele>30.840000000000003</ele>
   </trkpt>
   <trkpt lat="50.76386" lon="3.8813800000000005">
    <ele>28.57</ele>
   </trkpt>
   <trkpt lat="50.763940000000005" lon="3.8812100000000003">
    <ele>28.57</ele>
   </trkpt>
   <trkpt lat="50.76406" lon="3.8810900000000004">
    <ele>28.57</ele>
   </trkpt>
   <trkpt lat="50.7642" lon="3.88105">
    <ele>27.770000000000003</ele>
   </trkpt>
   <trkpt lat="50.764340000000004" lon="3.88113">
    <ele>27.06</ele>
   </trkpt>
   <trkpt lat="50.76449" lon="3.8812800000000003">
    <ele>26.930000000000003</ele>
   </trkpt>
   <trkpt lat="50.76469" lon="3.8813500000000003">
    <ele>26.18</ele>
   </trkpt>
   <trkpt lat="50.764950000000006" lon="3.8812900000000004">
    <ele>25.84</ele>
   </trkpt>
   <trkpt lat="50.764790000000005" lon="3.8812100000000003">
    <ele>25.490000000000002</ele>
   </trkpt>
   <trkpt lat="50.7642" lon="3.8807300000000002">
    <ele>23.520000000000003</ele>
   </trkpt>
   <trkpt lat="50.764" lon="3.8805300000000003">
    <ele>22.56</ele>
   </trkpt>
   <trkpt lat="50.76354000436342" lon="3.8798166526602524">
    <ele>20.5</ele>
   </trkpt>
   <trkpt lat="50.76308000437583" lon="3.879103319346352">
    <ele>19.55</ele>
   </trkpt>
   <trkpt lat="50.762620000000005" lon="3.8783900000000004">
    <ele>18.860000000000003</ele>
   </trkpt>
   <trkpt lat="50.762240000000006" lon="3.8777600000000003">
    <ele>18.53</ele>
   </trkpt>
   <trkpt lat="50.761683339797244" lon="3.8768866457970126">
    <ele>18.02</ele>
   </trkpt>
   <trkpt lat="50.7611266730726" lon="3.8760133123730793">
    <ele>17.32</ele>
   </trkpt>
   <trkpt lat="50.76057" lon="3.8751400000000005">
    <ele>17.03</ele>
   </trkpt>
   <trkpt lat="50.760400000000004" lon="3.8748500000000003">
    <ele>16.92</ele>
   </trkpt>
   <trkpt lat="50.760220000000004" lon="3.87449">
    <ele>16.880000000000003</ele>
   </trkpt>
   <trkpt lat="50.759840000000004" lon="3.8734900000000003">
    <ele>16.73</ele>
   </trkpt>
   <trkpt lat="50.75963" lon="3.87313">
    <ele>16.84</ele>
   </trkpt>
   <trkpt lat="50.759530000000005" lon="3.87299">
    <ele>16.880000000000003</ele>
   </trkpt>
   <trkpt lat="50.75921" lon="3.87265">
    <ele>17.040000000000003</ele>
   </trkpt>
   <trkpt lat="50.758950000000006" lon="3.8723300000000003">
    <ele>17.18</ele>
   </trkpt>
   <trkpt lat="50.758860000000006" lon="3.87211">
    <ele>17.84</ele>
   </trkpt>
   <trkpt lat="50.758770000000005" lon="3.87177">
    <ele>17.84</ele>
   </trkpt>
   <trkpt lat="50.75873000000001" lon="3.8715500000000005">
    <ele>17.84</ele>
   </trkpt>
   <trkpt lat="50.758435005425255" lon="3.870424992962197">
    <ele>17.53</ele>
   </trkpt>
   <trkpt lat="50.758140000000004" lon="3.8693000000000004">
    <ele>16.96</ele>
   </trkpt>
   <trkpt lat="50.758190000000006" lon="3.86886">
    <ele>16.61</ele>
   </trkpt>
   <trkpt lat="50.75826000000001" lon="3.8686200000000004">
    <ele>16.52</ele>
   </trkpt>
   <trkpt lat="50.75835000000001" lon="3.86845">
    <ele>16.470000000000002</ele>
   </trkpt>
   <trkpt lat="50.75844000000001" lon="3.8683600000000005">
    <ele>16.5</ele>
   </trkpt>
   <trkpt lat="50.758810000000004" lon="3.8681000000000005">
    <ele>16.310000000000002</ele>
   </trkpt>
   <trkpt lat="50.75929000000001" lon="3.86783">
    <ele>16.3</ele>
   </trkpt>
   <trkpt lat="50.76001" lon="3.8675400000000004">
    <ele>16.61</ele>
   </trkpt>
   <trkpt lat="50.76047000012216" lon="3.8674450009165975">
    <ele>16.82</ele>
   </trkpt>
   <trkpt lat="50.76093" lon="3.8673500000000005">
    <ele>17.28</ele>
   </trkpt>
   <trkpt lat="50.76115" lon="3.86729">
    <ele>17.71</ele>
   </trkpt>
   <trkpt lat="50.76138" lon="3.8671900000000003">
    <ele>18.28</ele>
   </trkpt>
   <trkpt lat="50.761500000000005" lon="3.86709">
    <ele>19.000000000000004</ele>
   </trkpt>
   <trkpt lat="50.76186500081265" lon="3.8666150039029614">
    <ele>19.48</ele>
   </trkpt>
   <trkpt lat="50.76223" lon="3.86614">
    <ele>18.12</ele>
   </trkpt>
   <trkpt lat="50.762280000000004" lon="3.8660300000000003">
    <ele>18.12</ele>
   </trkpt>
   <trkpt lat="50.7623" lon="3.8659100000000004">
    <ele>18.1</ele>
   </trkpt>
   <trkpt lat="50.762330000000006" lon="3.8654900000000003">
    <ele>18.14</ele>
   </trkpt>
   <trkpt lat="50.76239" lon="3.86533">
    <ele>18.28</ele>
   </trkpt>
   <trkpt lat="50.76249000000001" lon="3.8651400000000002">
    <ele>18.28</ele>
   </trkpt>
   <trkpt lat="50.76256000000001" lon="3.8649500000000003">
    <ele>18.61</ele>
   </trkpt>
   <trkpt lat="50.76261" lon="3.8648300000000004">
    <ele>18.860000000000003</ele>
   </trkpt>
   <trkpt lat="50.76267000000001" lon="3.8644600000000002">
    <ele>20.32</ele>
   </trkpt>
   <trkpt lat="50.76267000000001" lon="3.8642900000000004">
    <ele>20.32</ele>
   </trkpt>
   <trkpt lat="50.762640000000005" lon="3.8640300000000005">
    <ele>21.16</ele>
   </trkpt>
   <trkpt lat="50.76254" lon="3.8636100000000004">
    <ele>23.840000000000003</ele>
   </trkpt>
   <trkpt lat="50.76239" lon="3.8633100000000002">
    <ele>24.19</ele>
   </trkpt>
   <trkpt lat="50.762370000000004" lon="3.8632800000000005">
    <ele>24.19</ele>
   </trkpt>
   <trkpt lat="50.76231000000001" lon="3.8632600000000004">
    <ele>24.630000000000003</ele>
   </trkpt>
   <trkpt lat="50.76223" lon="3.8631300000000004">
    <ele>24.89</ele>
   </trkpt>
   <trkpt lat="50.762600001594684" lon="3.862515004900225">
    <ele>25.77</ele>
   </trkpt>
   <trkpt lat="50.76297" lon="3.8619000000000003">
    <ele>27.770000000000003</ele>
   </trkpt>
   <trkpt lat="50.763520008257046" lon="3.8609166898036444">
    <ele>29.740000000000002</ele>
   </trkpt>
   <trkpt lat="50.76407000824631" lon="3.859933356489949">
    <ele>32.080000000000005</ele>
   </trkpt>
   <trkpt lat="50.76462" lon="3.85895">
    <ele>32.910000000000004</ele>
   </trkpt>
   <trkpt lat="50.764720000000004" lon="3.8588500000000003">
    <ele>32.86</ele>
   </trkpt>
   <trkpt lat="50.764630000000004" lon="3.85842">
    <ele>31.82</ele>
   </trkpt>
   <trkpt lat="50.764570000000006" lon="3.8579200000000005">
    <ele>31.19</ele>
   </trkpt>
   <trkpt lat="50.76451" lon="3.8568200000000004">
    <ele>29.17</ele>
   </trkpt>
   <trkpt lat="50.764430000000004" lon="3.8562900000000004">
    <ele>28.900000000000002</ele>
   </trkpt>
   <trkpt lat="50.76427" lon="3.8556500000000002">
    <ele>28.73</ele>
   </trkpt>
   <trkpt lat="50.76403500218575" lon="3.8549199960460694">
    <ele>29.09</ele>
   </trkpt>
   <trkpt lat="50.7638" lon="3.8541900000000004">
    <ele>29.820000000000004</ele>
   </trkpt>
   <trkpt lat="50.763740000000006" lon="3.8537800000000004">
    <ele>30.560000000000002</ele>
   </trkpt>
   <trkpt lat="50.763740000000006" lon="3.85347">
    <ele>31.040000000000003</ele>
   </trkpt>
   <trkpt lat="50.76381000000001" lon="3.8526100000000003">
    <ele>33.25</ele>
   </trkpt>
   <trkpt lat="50.763760000000005" lon="3.8520000000000003">
    <ele>34.190000000000005</ele>
   </trkpt>
   <trkpt lat="50.763547513407175" lon="3.8509774860568005">
    <ele>32.800000000000004</ele>
   </trkpt>
   <trkpt lat="50.76333501787444" lon="3.849954981400797">
    <ele>32.400000000000006</ele>
   </trkpt>
   <trkpt lat="50.76312251340197" lon="3.8489324860322256">
    <ele>30.590000000000003</ele>
   </trkpt>
   <trkpt lat="50.762910000000005" lon="3.84791">
    <ele>30.2</ele>
   </trkpt>
   <trkpt lat="50.76288" lon="3.8474600000000003">
    <ele>30.02</ele>
   </trkpt>
   <trkpt lat="50.7629" lon="3.8471500000000005">
    <ele>30.02</ele>
   </trkpt>
   <trkpt lat="50.763020000000004" lon="3.8465700000000003">
    <ele>30.09</ele>
   </trkpt>
   <trkpt lat="50.763270000000006" lon="3.84574">
    <ele>30.520000000000003</ele>
   </trkpt>
   <trkpt lat="50.76335" lon="3.8453900000000005">
    <ele>30.45</ele>
   </trkpt>
   <trkpt lat="50.76341000000001" lon="3.84486">
    <ele>29.910000000000004</ele>
   </trkpt>
   <trkpt lat="50.76343000000001" lon="3.8442200000000004">
    <ele>29.02</ele>
   </trkpt>
   <trkpt lat="50.76335" lon="3.8433500000000005">
    <ele>27.020000000000003</ele>
   </trkpt>
   <trkpt lat="50.76335" lon="3.8431100000000002">
    <ele>26.320000000000004</ele>
   </trkpt>
   <trkpt lat="50.76337" lon="3.8429">
    <ele>26.080000000000002</ele>
   </trkpt>
   <trkpt lat="50.763570003903936" lon="3.8419450040594993">
    <ele>25.41</ele>
   </trkpt>
   <trkpt lat="50.76377" lon="3.84099">
    <ele>25.62</ele>
   </trkpt>
   <trkpt lat="50.76390000000001" lon="3.8403700000000005">
    <ele>25.580000000000002</ele>
   </trkpt>
   <trkpt lat="50.76393" lon="3.8400900000000004">
    <ele>25.84</ele>
   </trkpt>
   <trkpt lat="50.763920000000006" lon="3.8398900000000005">
    <ele>25.84</ele>
   </trkpt>
   <trkpt lat="50.763830000000006" lon="3.83958">
    <ele>25.84</ele>
   </trkpt>
   <trkpt lat="50.763740000000006" lon="3.8392900000000005">
    <ele>25.84</ele>
   </trkpt>
   <trkpt lat="50.763400000000004" lon="3.83849">
    <ele>25.560000000000002</ele>
   </trkpt>
   <trkpt lat="50.76334000000001" lon="3.8382500000000004">
    <ele>25.710000000000004</ele>
   </trkpt>
   <trkpt lat="50.76332000000001" lon="3.83767">
    <ele>26.140000000000004</ele>
   </trkpt>
   <trkpt lat="50.76342" lon="3.8364400000000005">
    <ele>27.06</ele>
   </trkpt>
   <trkpt lat="50.76344" lon="3.8359900000000002">
    <ele>27.930000000000003</ele>
   </trkpt>
   <trkpt lat="50.763380000000005" lon="3.83531">
    <ele>29.370000000000005</ele>
   </trkpt>
   <trkpt lat="50.76318000761707" lon="3.8339749942768817">
    <ele>33.17</ele>
   </trkpt>
   <trkpt lat="50.762980000000006" lon="3.8326400000000005">
    <ele>35.56</ele>
   </trkpt>
   <trkpt lat="50.76296000000001" lon="3.83185">
    <ele>36.67</ele>
   </trkpt>
   <trkpt lat="50.76299000641377" lon="3.830625000863428">
    <ele>38.71</ele>
   </trkpt>
   <trkpt lat="50.763020000000004" lon="3.8294">
    <ele>39.31</ele>
   </trkpt>
   <trkpt lat="50.76299" lon="3.8291200000000005">
    <ele>39.46</ele>
   </trkpt>
   <trkpt lat="50.76294000000001" lon="3.82879">
    <ele>39.470000000000006</ele>
   </trkpt>
   <trkpt lat="50.76272" lon="3.8280000000000003">
    <ele>39.980000000000004</ele>
   </trkpt>
   <trkpt lat="50.762640000000005" lon="3.82778">
    <ele>40.120000000000005</ele>
   </trkpt>
   <trkpt lat="50.76256000000001" lon="3.82785">
    <ele>40.260000000000005</ele>
   </trkpt>
   <trkpt lat="50.76245" lon="3.82751">
    <ele>40.46</ele>
   </trkpt>
   <trkpt lat="50.76238000000001" lon="3.8270500000000003">
    <ele>40.580000000000005</ele>
   </trkpt>
   <trkpt lat="50.76238000000001" lon="3.8267900000000004">
    <ele>40.690000000000005</ele>
   </trkpt>
   <trkpt lat="50.76252" lon="3.82594">
    <ele>41.04</ele>
   </trkpt>
   <trkpt lat="50.762530000000005" lon="3.8256600000000005">
    <ele>41.24</ele>
   </trkpt>
   <trkpt lat="50.762510000000006" lon="3.8251900000000005">
    <ele>41.52</ele>
   </trkpt>
   <trkpt lat="50.76243" lon="3.82466">
    <ele>41.870000000000005</ele>
   </trkpt>
   <trkpt lat="50.762175033578046" lon="3.823406632506667">
    <ele>42.13</ele>
   </trkpt>
   <trkpt lat="50.76192005372368" lon="3.822153278672554">
    <ele>42.13</ele>
   </trkpt>
   <trkpt lat="50.761665060437146" lon="3.8208999384981093">
    <ele>43.370000000000005</ele>
   </trkpt>
   <trkpt lat="50.76141005371871" lon="3.8196466119837797">
    <ele>43.370000000000005</ele>
   </trkpt>
   <trkpt lat="50.761155033568656" lon="3.81839329913001">
    <ele>43.370000000000005</ele>
   </trkpt>
   <trkpt lat="50.76090000000001" lon="3.81714">
    <ele>43.370000000000005</ele>
   </trkpt>
   <trkpt lat="50.76073" lon="3.81646">
    <ele>46.55</ele>
   </trkpt>
   <trkpt lat="50.76052000000001" lon="3.8159300000000003">
    <ele>46.84</ele>
   </trkpt>
   <trkpt lat="50.76009667178351" lon="3.8151566526804874">
    <ele>46.98</ele>
   </trkpt>
   <trkpt lat="50.75967333845315" lon="3.8143833193527814">
    <ele>47.32</ele>
   </trkpt>
   <trkpt lat="50.75925" lon="3.81361">
    <ele>47.38</ele>
   </trkpt>
   <trkpt lat="50.75907" lon="3.8132300000000003">
    <ele>47.39</ele>
   </trkpt>
   <trkpt lat="50.758645005119114" lon="3.812134990036963">
    <ele>47.300000000000004</ele>
   </trkpt>
   <trkpt lat="50.75822" lon="3.81104">
    <ele>47.43000000000001</ele>
   </trkpt>
   <trkpt lat="50.758160000000004" lon="3.81083">
    <ele>47.46</ele>
   </trkpt>
   <trkpt lat="50.75873000207224" lon="3.810140008359771">
    <ele>44.2</ele>
   </trkpt>
   <trkpt lat="50.7593" lon="3.8094500000000004">
    <ele>40.660000000000004</ele>
   </trkpt>
   <trkpt lat="50.75945" lon="3.8092900000000003">
    <ele>40.1</ele>
   </trkpt>
   <trkpt lat="50.75974" lon="3.80907">
    <ele>39.07</ele>
   </trkpt>
   <trkpt lat="50.7599" lon="3.80899">
    <ele>38.48</ele>
   </trkpt>
   <trkpt lat="50.76035" lon="3.8089100000000005">
    <ele>37.36000000000001</ele>
   </trkpt>
   <trkpt lat="50.76106000000001" lon="3.80899">
    <ele>35.74</ele>
   </trkpt>
   <trkpt lat="50.761250000000004" lon="3.8089800000000005">
    <ele>35.31</ele>
   </trkpt>
   <trkpt lat="50.76138" lon="3.8089500000000003">
    <ele>35.31</ele>
   </trkpt>
   <trkpt lat="50.76158" lon="3.80887">
    <ele>35.2</ele>
   </trkpt>
   <trkpt lat="50.762350000000005" lon="3.8084700000000002">
    <ele>34.85000000000001</ele>
   </trkpt>
   <trkpt lat="50.762980000000006" lon="3.80832">
    <ele>35.77</ele>
   </trkpt>
   <trkpt lat="50.76306" lon="3.8084100000000003">
    <ele>36.21000000000001</ele>
   </trkpt>
   <trkpt lat="50.76314000000001" lon="3.8084400000000005">
    <ele>36.21000000000001</ele>
   </trkpt>
   <trkpt lat="50.76334000000001" lon="3.8084000000000002">
    <ele>36.76</ele>
   </trkpt>
   <trkpt lat="50.76341000000001" lon="3.8084000000000002">
    <ele>36.76</ele>
   </trkpt>
   <trkpt lat="50.763760000000005" lon="3.8087000000000004">
    <ele>39.38</ele>
   </trkpt>
   <trkpt lat="50.76391" lon="3.8086800000000003">
    <ele>40.330000000000005</ele>
   </trkpt>
   <trkpt lat="50.763980000000004" lon="3.8086400000000005">
    <ele>40.330000000000005</ele>
   </trkpt>
   <trkpt lat="50.764425000594514" lon="3.80831500298664">
    <ele>42.52</ele>
   </trkpt>
   <trkpt lat="50.76487" lon="3.80799">
    <ele>43.61</ele>
   </trkpt>
   <trkpt lat="50.76552000123084" lon="3.807610010560827">
    <ele>46.93000000000001</ele>
   </trkpt>
   <trkpt lat="50.766170001227024" lon="3.8072300105632433">
    <ele>50.21</ele>
   </trkpt>
   <trkpt lat="50.76682" lon="3.8068500000000003">
    <ele>53.2</ele>
   </trkpt>
   <trkpt lat="50.76747" lon="3.8064100000000005">
    <ele>55.470000000000006</ele>
   </trkpt>
   <trkpt lat="50.767940000555356" lon="3.8060550035539604">
    <ele>57.03</ele>
   </trkpt>
   <trkpt lat="50.76841" lon="3.8057000000000003">
    <ele>59.730000000000004</ele>
   </trkpt>
   <trkpt lat="50.76906000163882" lon="3.8050850085244887">
    <ele>63.04</ele>
   </trkpt>
   <trkpt lat="50.76971" lon="3.8044700000000002">
    <ele>65.07000000000001</ele>
   </trkpt>
   <trkpt lat="50.770070000000004" lon="3.8042200000000004">
    <ele>66.02000000000001</ele>
   </trkpt>
   <trkpt lat="50.770670000292576" lon="3.8040100026571495">
    <ele>68.21000000000001</ele>
   </trkpt>
   <trkpt lat="50.77127" lon="3.8038000000000003">
    <ele>71.64000000000001</ele>
   </trkpt>
   <trkpt lat="50.77172" lon="3.80357">
    <ele>74.88</ele>
   </trkpt>
   <trkpt lat="50.772330000000004" lon="3.8031400000000004">
    <ele>76.74</ele>
   </trkpt>
   <trkpt lat="50.773070000000004" lon="3.80255">
    <ele>77.52000000000001</ele>
   </trkpt>
   <trkpt lat="50.77367000298179" lon="3.8019600151314843">
    <ele>79.21000000000001</ele>
   </trkpt>
   <trkpt lat="50.774270002987386" lon="3.801370015126239">
    <ele>80.53</ele>
   </trkpt>
   <trkpt lat="50.77487000000001" lon="3.8007800000000005">
    <ele>82.56</ele>
   </trkpt>
   <trkpt lat="50.77541" lon="3.8004400000000005">
    <ele>84.87</ele>
   </trkpt>
   <trkpt lat="50.77584" lon="3.8003000000000005">
    <ele>87.18</ele>
   </trkpt>
   <trkpt lat="50.77631499996699" lon="3.800180001242653">
    <ele>87.59</ele>
   </trkpt>
   <trkpt lat="50.776790000000005" lon="3.80006">
    <ele>89.28000000000002</ele>
   </trkpt>
   <trkpt lat="50.776990000000005" lon="3.80006">
    <ele>89.61000000000001</ele>
   </trkpt>
   <trkpt lat="50.776990000000005" lon="3.7999300000000003">
    <ele>89.88</ele>
   </trkpt>
   <trkpt lat="50.777010000000004" lon="3.7998800000000004">
    <ele>89.92000000000002</ele>
   </trkpt>
   <trkpt lat="50.77703" lon="3.7995600000000005">
    <ele>89.9</ele>
   </trkpt>
   <trkpt lat="50.776900000000005" lon="3.79916">
    <ele>89.58</ele>
   </trkpt>
   <trkpt lat="50.77673000000001" lon="3.7987300000000004">
    <ele>89.61000000000001</ele>
   </trkpt>
   <trkpt lat="50.776430000000005" lon="3.7981100000000003">
    <ele>90.37</ele>
   </trkpt>
   <trkpt lat="50.776210000000006" lon="3.7975300000000005">
    <ele>90.84</ele>
   </trkpt>
   <trkpt lat="50.77599000000001" lon="3.7968400000000004">
    <ele>91.12</ele>
   </trkpt>
   <trkpt lat="50.77575000329414" lon="3.795969995747439">
    <ele>91.15</ele>
   </trkpt>
   <trkpt lat="50.775510000000004" lon="3.7951">
    <ele>90.94000000000001</ele>
   </trkpt>
   <trkpt lat="50.77544" lon="3.79476">
    <ele>90.69</ele>
   </trkpt>
   <trkpt lat="50.775400000000005" lon="3.7943800000000003">
    <ele>90.23</ele>
   </trkpt>
   <trkpt lat="50.77535" lon="3.7934300000000003">
    <ele>89.02</ele>
   </trkpt>
   <trkpt lat="50.77537" lon="3.79314">
    <ele>88.46000000000001</ele>
   </trkpt>
   <trkpt lat="50.775490000000005" lon="3.7925600000000004">
    <ele>87.22</ele>
   </trkpt>
   <trkpt lat="50.775780000000005" lon="3.7918000000000003">
    <ele>86.35000000000001</ele>
   </trkpt>
   <trkpt lat="50.77582" lon="3.79165">
    <ele>86.25</ele>
   </trkpt>
   <trkpt lat="50.775980000000004" lon="3.7907500000000005">
    <ele>86.74000000000001</ele>
   </trkpt>
   <trkpt lat="50.77626500425478" lon="3.7897550059847913">
    <ele>88.63</ele>
   </trkpt>
   <trkpt lat="50.77655000000001" lon="3.7887600000000003">
    <ele>90.46000000000001</ele>
   </trkpt>
   <trkpt lat="50.776590000000006" lon="3.7884800000000003">
    <ele>90.46000000000001</ele>
   </trkpt>
   <trkpt lat="50.7766" lon="3.7881500000000004">
    <ele>91.99</ele>
   </trkpt>
   <trkpt lat="50.77657000000001" lon="3.7877000000000005">
    <ele>92.32000000000001</ele>
   </trkpt>
   <trkpt lat="50.77653" lon="3.78744">
    <ele>92.61000000000001</ele>
   </trkpt>
   <trkpt lat="50.777120000000004" lon="3.78649">
    <ele>89.12</ele>
   </trkpt>
   <trkpt lat="50.77756" lon="3.7860600000000004">
    <ele>86.45000000000002</ele>
   </trkpt>
   <trkpt lat="50.777680000000004" lon="3.7859100000000003">
    <ele>85.53</ele>
   </trkpt>
   <trkpt lat="50.77783" lon="3.78568">
    <ele>84.52000000000001</ele>
   </trkpt>
   <trkpt lat="50.778270000000006" lon="3.7846500000000005">
    <ele>81.31</ele>
   </trkpt>
   <trkpt lat="50.77835" lon="3.7845500000000003">
    <ele>80.53</ele>
   </trkpt>
   <trkpt lat="50.77839" lon="3.78453">
    <ele>80.53</ele>
   </trkpt>
   <trkpt lat="50.77844" lon="3.7845500000000003">
    <ele>80.53</ele>
   </trkpt>
   <trkpt lat="50.77863000000001" lon="3.7846800000000003">
    <ele>77.81</ele>
   </trkpt>
   <trkpt lat="50.77933" lon="3.7848">
    <ele>71.94</ele>
   </trkpt>
   <trkpt lat="50.779830000000004" lon="3.7848">
    <ele>67.29</ele>
   </trkpt>
   <trkpt lat="50.78038" lon="3.78474">
    <ele>63.69000000000001</ele>
   </trkpt>
   <trkpt lat="50.78085" lon="3.78486">
    <ele>61.01</ele>
   </trkpt>
   <trkpt lat="50.78155500026373" lon="3.785144995669309">
    <ele>56.720000000000006</ele>
   </trkpt>
   <trkpt lat="50.78226" lon="3.7854300000000003">
    <ele>53.02</ele>
   </trkpt>
   <trkpt lat="50.78247" lon="3.7850300000000003">
    <ele>50.050000000000004</ele>
   </trkpt>
   <trkpt lat="50.78283000170514" lon="3.7844000048356485">
    <ele>47.03</ele>
   </trkpt>
   <trkpt lat="50.783190000000005" lon="3.7837700000000005">
    <ele>45.08</ele>
   </trkpt>
   <trkpt lat="50.783260000000006" lon="3.7837000000000005">
    <ele>45.08</ele>
   </trkpt>
   <trkpt lat="50.78369000000001" lon="3.7834300000000005">
    <ele>44.730000000000004</ele>
   </trkpt>
   <trkpt lat="50.78389000000001" lon="3.7832100000000004">
    <ele>45.050000000000004</ele>
   </trkpt>
   <trkpt lat="50.78436000000001" lon="3.7822800000000005">
    <ele>45.76</ele>
   </trkpt>
   <trkpt lat="50.78484" lon="3.7814200000000002">
    <ele>46.42</ele>
   </trkpt>
   <trkpt lat="50.784870000000005" lon="3.7813000000000003">
    <ele>46.78</ele>
   </trkpt>
   <trkpt lat="50.784870000000005" lon="3.7811800000000004">
    <ele>46.78</ele>
   </trkpt>
   <trkpt lat="50.784780000000005" lon="3.78086">
    <ele>47.120000000000005</ele>
   </trkpt>
   <trkpt lat="50.784780000000005" lon="3.7807800000000005">
    <ele>47.190000000000005</ele>
   </trkpt>
   <trkpt lat="50.78482" lon="3.7807100000000005">
    <ele>47.190000000000005</ele>
   </trkpt>
   <trkpt lat="50.785210000000006" lon="3.7802800000000003">
    <ele>47.510000000000005</ele>
   </trkpt>
   <trkpt lat="50.78557000000001" lon="3.77978">
    <ele>49.040000000000006</ele>
   </trkpt>
   <trkpt lat="50.785830000000004" lon="3.7794800000000004">
    <ele>50.080000000000005</ele>
   </trkpt>
   <trkpt lat="50.786590000000004" lon="3.7788200000000005">
    <ele>52.480000000000004</ele>
   </trkpt>
   <trkpt lat="50.78712" lon="3.7784500000000003">
    <ele>53.50000000000001</ele>
   </trkpt>
   <trkpt lat="50.787760000000006" lon="3.7778700000000005">
    <ele>52.34</ele>
   </trkpt>
   <trkpt lat="50.78839000000001" lon="3.7772500000000004">
    <ele>51.14</ele>
   </trkpt>
   <trkpt lat="50.78848000000001" lon="3.77714">
    <ele>51.14</ele>
   </trkpt>
   <trkpt lat="50.7888450021856" lon="3.7764250055819177">
    <ele>50.78</ele>
   </trkpt>
   <trkpt lat="50.789210000000004" lon="3.77571">
    <ele>50.61</ele>
   </trkpt>
   <trkpt lat="50.78933000000001" lon="3.7755500000000004">
    <ele>51.050000000000004</ele>
   </trkpt>
   <trkpt lat="50.789550000000006" lon="3.7754100000000004">
    <ele>51.42000000000001</ele>
   </trkpt>
   <trkpt lat="50.78976" lon="3.7752300000000005">
    <ele>51.67000000000001</ele>
   </trkpt>
   <trkpt lat="50.790150000000004" lon="3.77484">
    <ele>52.27</ele>
   </trkpt>
   <trkpt lat="50.790560000000006" lon="3.7745100000000003">
    <ele>54.24</ele>
   </trkpt>
   <trkpt lat="50.79111000122368" lon="3.7740050058192818">
    <ele>57.09</ele>
   </trkpt>
   <trkpt lat="50.79166000000001" lon="3.7735000000000003">
    <ele>61.120000000000005</ele>
   </trkpt>
   <trkpt lat="50.791740000000004" lon="3.7733600000000003">
    <ele>61.120000000000005</ele>
   </trkpt>
   <trkpt lat="50.79184000000001" lon="3.7733600000000003">
    <ele>61.69</ele>
   </trkpt>
   <trkpt lat="50.79193" lon="3.7734">
    <ele>61.85</ele>
   </trkpt>
   <trkpt lat="50.79196" lon="3.7732900000000003">
    <ele>61.85</ele>
   </trkpt>
   <trkpt lat="50.79202" lon="3.7731600000000003">
    <ele>62.92</ele>
   </trkpt>
   <trkpt lat="50.79215000000001" lon="3.7729800000000004">
    <ele>62.75</ele>
   </trkpt>
   <trkpt lat="50.7922" lon="3.77293">
    <ele>62.75</ele>
   </trkpt>
   <trkpt lat="50.79268000178781" lon="3.7722700068796517">
    <ele>63.86</ele>
   </trkpt>
   <trkpt lat="50.79316000000001" lon="3.7716100000000004">
    <ele>64.61</ele>
   </trkpt>
   <trkpt lat="50.793350000000004" lon="3.7712800000000004">
    <ele>65.18</ele>
   </trkpt>
   <trkpt lat="50.79346" lon="3.7710500000000002">
    <ele>65.28</ele>
   </trkpt>
   <trkpt lat="50.79366" lon="3.7705">
    <ele>65.61</ele>
   </trkpt>
   <trkpt lat="50.79374000000001" lon="3.7700400000000003">
    <ele>63.72</ele>
   </trkpt>
   <trkpt lat="50.79384000249519" lon="3.769275001684902">
    <ele>62.040000000000006</ele>
   </trkpt>
   <trkpt lat="50.793940000000006" lon="3.7685100000000005">
    <ele>57.92</ele>
   </trkpt>
   <trkpt lat="50.79408" lon="3.7677300000000002">
    <ele>54.64</ele>
   </trkpt>
   <trkpt lat="50.79424000229187" lon="3.767005002277308">
    <ele>52.230000000000004</ele>
   </trkpt>
   <trkpt lat="50.7944" lon="3.7662800000000005">
    <ele>49.080000000000005</ele>
   </trkpt>
   <trkpt lat="50.79469" lon="3.7651600000000003">
    <ele>46.18000000000001</ele>
   </trkpt>
   <trkpt lat="50.79489" lon="3.7645700000000004">
    <ele>45.49</ele>
   </trkpt>
   <trkpt lat="50.79504000000001" lon="3.76425">
    <ele>44.29</ele>
   </trkpt>
   <trkpt lat="50.795190000000005" lon="3.7640300000000004">
    <ele>43.86</ele>
   </trkpt>
   <trkpt lat="50.79560000116914" lon="3.7634900048389563">
    <ele>42.54</ele>
   </trkpt>
   <trkpt lat="50.79601" lon="3.7629500000000005">
    <ele>41.35</ele>
   </trkpt>
   <trkpt lat="50.79603" lon="3.7628900000000005">
    <ele>41.0</ele>
   </trkpt>
   <trkpt lat="50.79612" lon="3.7628100000000004">
    <ele>41.0</ele>
   </trkpt>
   <trkpt lat="50.796110000000006" lon="3.7627400000000004">
    <ele>40.580000000000005</ele>
   </trkpt>
   <trkpt lat="50.796150000000004" lon="3.7626700000000004">
    <ele>40.580000000000005</ele>
   </trkpt>
   <trkpt lat="50.79616000000001" lon="3.7625500000000005">
    <ele>40.64</ele>
   </trkpt>
   <trkpt lat="50.79619" lon="3.7625300000000004">
    <ele>40.64</ele>
   </trkpt>
   <trkpt lat="50.796240000000004" lon="3.7621900000000004">
    <ele>39.940000000000005</ele>
   </trkpt>
   <trkpt lat="50.79632" lon="3.76195">
    <ele>39.49</ele>
   </trkpt>
   <trkpt lat="50.796400000000006" lon="3.7618700000000005">
    <ele>39.45</ele>
   </trkpt>
   <trkpt lat="50.79677500179176" lon="3.7612150053291353">
    <ele>38.78</ele>
   </trkpt>
   <trkpt lat="50.79715" lon="3.7605600000000003">
    <ele>39.580000000000005</ele>
   </trkpt>
   <trkpt lat="50.79733" lon="3.7602800000000003">
    <ele>39.940000000000005</ele>
   </trkpt>
   <trkpt lat="50.797450000000005" lon="3.76012">
    <ele>39.940000000000005</ele>
   </trkpt>
   <trkpt lat="50.797900000000006" lon="3.7596900000000004">
    <ele>41.18</ele>
   </trkpt>
   <trkpt lat="50.798300000000005" lon="3.7593900000000002">
    <ele>42.370000000000005</ele>
   </trkpt>
   <trkpt lat="50.79843" lon="3.75944">
    <ele>42.68</ele>
   </trkpt>
   <trkpt lat="50.79851000000001" lon="3.7594300000000005">
    <ele>42.68</ele>
   </trkpt>
   <trkpt lat="50.798610000000004" lon="3.7592700000000003">
    <ele>43.03000000000001</ele>
   </trkpt>
   <trkpt lat="50.79862000000001" lon="3.75917">
    <ele>43.5</ele>
   </trkpt>
   <trkpt lat="50.79867" lon="3.7590900000000005">
    <ele>43.480000000000004</ele>
   </trkpt>
   <trkpt lat="50.798820000000006" lon="3.7589300000000003">
    <ele>43.480000000000004</ele>
   </trkpt>
   <trkpt lat="50.7993866685475" lon="3.758453344945486">
    <ele>42.84</ele>
   </trkpt>
   <trkpt lat="50.79995333515274" lon="3.757976678330672">
    <ele>40.470000000000006</ele>
   </trkpt>
   <trkpt lat="50.800520000000006" lon="3.7575000000000003">
    <ele>38.3</ele>
   </trkpt>
   <trkpt lat="50.80062" lon="3.7573600000000003">
    <ele>38.3</ele>
   </trkpt>
   <trkpt lat="50.80096" lon="3.75653">
    <ele>37.45</ele>
   </trkpt>
   <trkpt lat="50.801390000000005" lon="3.75578">
    <ele>37.39</ele>
   </trkpt>
   <trkpt lat="50.801500000000004" lon="3.7555300000000003">
    <ele>37.55</ele>
   </trkpt>
   <trkpt lat="50.801700001850634" lon="3.7548700028618986">
    <ele>38.03</ele>
   </trkpt>
   <trkpt lat="50.8019" lon="3.7542100000000005">
    <ele>38.95</ele>
   </trkpt>
   <trkpt lat="50.80207000000001" lon="3.75376">
    <ele>40.230000000000004</ele>
   </trkpt>
   <trkpt lat="50.80257" lon="3.7527500000000003">
    <ele>41.78</ele>
   </trkpt>
   <trkpt lat="50.802690000000005" lon="3.75259">
    <ele>42.85000000000001</ele>
   </trkpt>
   <trkpt lat="50.803070000000005" lon="3.7522">
    <ele>43.480000000000004</ele>
   </trkpt>
   <trkpt lat="50.803200000000004" lon="3.7520300000000004">
    <ele>43.84</ele>
   </trkpt>
   <trkpt lat="50.80353" lon="3.75151">
    <ele>43.97</ele>
   </trkpt>
   <trkpt lat="50.803920000000005" lon="3.7511900000000002">
    <ele>43.92</ele>
   </trkpt>
   <trkpt lat="50.8042" lon="3.75105">
    <ele>44.0</ele>
   </trkpt>
   <trkpt lat="50.80442000000001" lon="3.7518800000000003">
    <ele>41.97</ele>
   </trkpt>
   <trkpt lat="50.804500000000004" lon="3.7525600000000003">
    <ele>41.04</ele>
   </trkpt>
   <trkpt lat="50.80454" lon="3.75273">
    <ele>40.580000000000005</ele>
   </trkpt>
   <trkpt lat="50.804590000000005" lon="3.7528600000000005">
    <ele>40.400000000000006</ele>
   </trkpt>
   <trkpt lat="50.804660000000005" lon="3.7529700000000004">
    <ele>40.190000000000005</ele>
   </trkpt>
   <trkpt lat="50.80481" lon="3.7531100000000004">
    <ele>39.730000000000004</ele>
   </trkpt>
   <trkpt lat="50.80491000000001" lon="3.7532600000000005">
    <ele>39.43</ele>
   </trkpt>
   <trkpt lat="50.80501" lon="3.7535200000000004">
    <ele>39.150000000000006</ele>
   </trkpt>
   <trkpt lat="50.80519" lon="3.7544700000000004">
    <ele>38.78</ele>
   </trkpt>
   <trkpt lat="50.805400000000006" lon="3.7551300000000003">
    <ele>38.73</ele>
   </trkpt>
   <trkpt lat="50.80545000000001" lon="3.75538">
    <ele>38.81</ele>
   </trkpt>
   <trkpt lat="50.80556000000001" lon="3.7567800000000005">
    <ele>39.010000000000005</ele>
   </trkpt>
   <trkpt lat="50.80566" lon="3.7578000000000005">
    <ele>38.55</ele>
   </trkpt>
   <trkpt lat="50.805670000000006" lon="3.75869">
    <ele>38.53</ele>
   </trkpt>
   <trkpt lat="50.805660005362284" lon="3.7598100001360355">
    <ele>37.37</ele>
   </trkpt>
   <trkpt lat="50.80565000000001" lon="3.76093">
    <ele>36.54</ele>
   </trkpt>
   <trkpt lat="50.805620000000005" lon="3.7615900000000004">
    <ele>36.59</ele>
   </trkpt>
   <trkpt lat="50.80566" lon="3.7616400000000003">
    <ele>36.59</ele>
   </trkpt>
   <trkpt lat="50.805670000000006" lon="3.7617300000000005">
    <ele>36.59</ele>
   </trkpt>
   <trkpt lat="50.80575" lon="3.7617400000000005">
    <ele>36.67</ele>
   </trkpt>
   <trkpt lat="50.806520000000006" lon="3.76114">
    <ele>39.550000000000004</ele>
   </trkpt>
   <trkpt lat="50.806650000000005" lon="3.7610900000000003">
    <ele>39.550000000000004</ele>
   </trkpt>
   <trkpt lat="50.80712000018056" lon="3.7611249996609395">
    <ele>42.27</ele>
   </trkpt>
   <trkpt lat="50.807590000000005" lon="3.7611600000000003">
    <ele>44.58</ele>
   </trkpt>
   <trkpt lat="50.80772" lon="3.7611200000000005">
    <ele>45.06</ele>
   </trkpt>
   <trkpt lat="50.8085" lon="3.7607600000000003">
    <ele>46.150000000000006</ele>
   </trkpt>
   <trkpt lat="50.80907333428091" lon="3.7604233416098127">
    <ele>45.37</ele>
   </trkpt>
   <trkpt lat="50.809646667592986" lon="3.7600866749557547">
    <ele>44.59</ele>
   </trkpt>
   <trkpt lat="50.81022" lon="3.7597500000000004">
    <ele>44.22</ele>
   </trkpt>
   <trkpt lat="50.81098500090106" lon="3.7592900075355327">
    <ele>44.4</ele>
   </trkpt>
   <trkpt lat="50.81175" lon="3.75883">
    <ele>46.11000000000001</ele>
   </trkpt>
   <trkpt lat="50.812110000000004" lon="3.7584800000000005">
    <ele>48.660000000000004</ele>
   </trkpt>
   <trkpt lat="50.812555003619124" lon="3.757555008890946">
    <ele>59.21000000000001</ele>
   </trkpt>
   <trkpt lat="50.813" lon="3.7566300000000004">
    <ele>64.17</ele>
   </trkpt>
   <trkpt lat="50.81324000000001" lon="3.7562200000000003">
    <ele>68.83</ele>
   </trkpt>
   <trkpt lat="50.813500000000005" lon="3.7559600000000004">
    <ele>71.14</ele>
   </trkpt>
   <trkpt lat="50.81362000000001" lon="3.75579">
    <ele>76.64</ele>
   </trkpt>
   <trkpt lat="50.813750000000006" lon="3.75552">
    <ele>77.81</ele>
   </trkpt>
   <trkpt lat="50.813930000000006" lon="3.7550000000000003">
    <ele>81.55000000000001</ele>
   </trkpt>
   <trkpt lat="50.814060000000005" lon="3.7547500000000005">
    <ele>83.9</ele>
   </trkpt>
   <trkpt lat="50.814170000000004" lon="3.7545900000000003">
    <ele>84.10000000000001</ele>
   </trkpt>
   <trkpt lat="50.81425" lon="3.7545200000000003">
    <ele>84.10000000000001</ele>
   </trkpt>
   <trkpt lat="50.81468" lon="3.7541800000000003">
    <ele>88.04</ele>
   </trkpt>
   <trkpt lat="50.81486" lon="3.75402">
    <ele>88.24000000000001</ele>
   </trkpt>
   <trkpt lat="50.81506" lon="3.7537900000000004">
    <ele>88.07000000000001</ele>
   </trkpt>
   <trkpt lat="50.81532000000001" lon="3.7534300000000003">
    <ele>88.09</ele>
   </trkpt>
   <trkpt lat="50.815450000000006" lon="3.75308">
    <ele>88.48</ele>
   </trkpt>
   <trkpt lat="50.81550000000001" lon="3.7527700000000004">
    <ele>88.62</ele>
   </trkpt>
   <trkpt lat="50.815540000000006" lon="3.75266">
    <ele>88.88</ele>
   </trkpt>
   <trkpt lat="50.8156" lon="3.7525800000000005">
    <ele>88.88</ele>
   </trkpt>
   <trkpt lat="50.81623500090823" lon="3.752100006584236">
    <ele>90.00000000000001</ele>
   </trkpt>
   <trkpt lat="50.81687" lon="3.7516200000000004">
    <ele>92.32000000000001</ele>
   </trkpt>
   <trkpt lat="50.817040000000006" lon="3.75145">
    <ele>93.73</ele>
   </trkpt>
   <trkpt lat="50.81707" lon="3.7513500000000004">
    <ele>93.73</ele>
   </trkpt>
   <trkpt lat="50.816790000000005" lon="3.75111">
    <ele>94.16000000000001</ele>
   </trkpt>
   <trkpt lat="50.8166" lon="3.7508800000000004">
    <ele>95.18</ele>
   </trkpt>
   <trkpt lat="50.81644000000001" lon="3.7505900000000003">
    <ele>95.56</ele>
   </trkpt>
   <trkpt lat="50.81608000000001" lon="3.7497100000000003">
    <ele>96.58000000000001</ele>
   </trkpt>
   <trkpt lat="50.816" lon="3.7494300000000003">
    <ele>97.30000000000001</ele>
   </trkpt>
   <trkpt lat="50.81584" lon="3.7489900000000005">
    <ele>97.49000000000001</ele>
   </trkpt>
   <trkpt lat="50.81546000301267" lon="3.7481549932784217">
    <ele>97.81</ele>
   </trkpt>
   <trkpt lat="50.81508" lon="3.74732">
    <ele>97.60000000000001</ele>
   </trkpt>
   <trkpt lat="50.81495" lon="3.7470800000000004">
    <ele>97.33000000000001</ele>
   </trkpt>
   <trkpt lat="50.814530000000005" lon="3.7466000000000004">
    <ele>96.53</ele>
   </trkpt>
   <trkpt lat="50.81420000000001" lon="3.7459800000000003">
    <ele>96.75</ele>
   </trkpt>
   <trkpt lat="50.813925003295324" lon="3.7451049949219475">
    <ele>97.41000000000001</ele>
   </trkpt>
   <trkpt lat="50.81365" lon="3.7442300000000004">
    <ele>98.59</ele>
   </trkpt>
   <trkpt lat="50.81326000000001" lon="3.74337">
    <ele>99.23</ele>
   </trkpt>
   <trkpt lat="50.812990000000006" lon="3.7425">
    <ele>99.60000000000001</ele>
   </trkpt>
   <trkpt lat="50.81284" lon="3.7420800000000005">
    <ele>99.67</ele>
   </trkpt>
   <trkpt lat="50.812580000000004" lon="3.7415300000000005">
    <ele>99.54</ele>
   </trkpt>
   <trkpt lat="50.81221000000001" lon="3.74087">
    <ele>99.01000000000002</ele>
   </trkpt>
   <trkpt lat="50.811960000000006" lon="3.74012">
    <ele>98.74000000000001</ele>
   </trkpt>
   <trkpt lat="50.81192" lon="3.7398800000000003">
    <ele>98.75</ele>
   </trkpt>
   <trkpt lat="50.81195" lon="3.7396900000000004">
    <ele>98.71000000000001</ele>
   </trkpt>
   <trkpt lat="50.81222" lon="3.7385900000000003">
    <ele>99.45</ele>
   </trkpt>
   <trkpt lat="50.81230000000001" lon="3.73817">
    <ele>100.07000000000001</ele>
   </trkpt>
   <trkpt lat="50.81248" lon="3.7368600000000005">
    <ele>102.54</ele>
   </trkpt>
   <trkpt lat="50.81302" lon="3.7364800000000002">
    <ele>103.86</ele>
   </trkpt>
   <trkpt lat="50.81308000000001" lon="3.7364100000000002">
    <ele>104.16</ele>
   </trkpt>
   <trkpt lat="50.81327" lon="3.7357700000000005">
    <ele>104.8</ele>
   </trkpt>
   <trkpt lat="50.81306000000001" lon="3.73551">
    <ele>104.65</ele>
   </trkpt>
   <trkpt lat="50.813030000000005" lon="3.7354000000000003">
    <ele>104.48</ele>
   </trkpt>
   <trkpt lat="50.813030000000005" lon="3.73524">
    <ele>104.48</ele>
   </trkpt>
   <trkpt lat="50.81318" lon="3.73498">
    <ele>104.34</ele>
   </trkpt>
   <trkpt lat="50.81273500507088" lon="3.733884989435927">
    <ele>103.23</ele>
   </trkpt>
   <trkpt lat="50.812290000000004" lon="3.7327900000000005">
    <ele>103.19</ele>
   </trkpt>
   <trkpt lat="50.812250000000006" lon="3.7327200000000005">
    <ele>103.19</ele>
   </trkpt>
   <trkpt lat="50.811960000000006" lon="3.7326">
    <ele>102.60000000000001</ele>
   </trkpt>
   <trkpt lat="50.81157" lon="3.7318100000000003">
    <ele>102.20000000000002</ele>
   </trkpt>
   <trkpt lat="50.81124500110025" lon="3.731294996364003">
    <ele>102.29</ele>
   </trkpt>
   <trkpt lat="50.81092" lon="3.73078">
    <ele>102.65</ele>
   </trkpt>
   <trkpt lat="50.810880000000004" lon="3.7307300000000003">
    <ele>102.86</ele>
   </trkpt>
   <trkpt lat="50.81083" lon="3.73071">
    <ele>102.86</ele>
   </trkpt>
   <trkpt lat="50.810700000000004" lon="3.7307500000000005">
    <ele>102.78</ele>
   </trkpt>
   <trkpt lat="50.81031" lon="3.7310900000000005">
    <ele>102.92000000000002</ele>
   </trkpt>
   <trkpt lat="50.810210000000005" lon="3.73111">
    <ele>102.92000000000002</ele>
   </trkpt>
   <trkpt lat="50.81007" lon="3.7310600000000003">
    <ele>102.92000000000002</ele>
   </trkpt>
   <trkpt lat="50.809960000000004" lon="3.73085">
    <ele>103.71000000000001</ele>
   </trkpt>
   <trkpt lat="50.809715002583495" lon="3.7300799961170807">
    <ele>104.69</ele>
   </trkpt>
   <trkpt lat="50.809470000000005" lon="3.7293100000000003">
    <ele>105.21000000000001</ele>
   </trkpt>
   <trkpt lat="50.809205001897794" lon="3.7286399961466885">
    <ele>105.61000000000001</ele>
   </trkpt>
   <trkpt lat="50.80894000000001" lon="3.7279700000000005">
    <ele>105.89000000000001</ele>
   </trkpt>
   <trkpt lat="50.80888" lon="3.7277700000000005">
    <ele>105.86000000000001</ele>
   </trkpt>
   <trkpt lat="50.80881" lon="3.72744">
    <ele>105.68</ele>
   </trkpt>
   <trkpt lat="50.8087" lon="3.7271000000000005">
    <ele>105.63000000000001</ele>
   </trkpt>
   <trkpt lat="50.80843000280104" lon="3.726294995441022">
    <ele>104.98</ele>
   </trkpt>
   <trkpt lat="50.80816" lon="3.72549">
    <ele>104.33</ele>
   </trkpt>
   <trkpt lat="50.807880000000004" lon="3.7248500000000004">
    <ele>103.53000000000002</ele>
   </trkpt>
   <trkpt lat="50.80774" lon="3.72447">
    <ele>103.69</ele>
   </trkpt>
   <trkpt lat="50.80752000322347" lon="3.72359999585751">
    <ele>104.69</ele>
   </trkpt>
   <trkpt lat="50.807300000000005" lon="3.7227300000000003">
    <ele>105.42000000000002</ele>
   </trkpt>
   <trkpt lat="50.80706000000001" lon="3.7216400000000003">
    <ele>106.38</ele>
   </trkpt>
   <trkpt lat="50.806730011119235" lon="3.7204999839302135">
    <ele>106.54</ele>
   </trkpt>
   <trkpt lat="50.80640001112932" lon="3.719359983965379">
    <ele>106.63</ele>
   </trkpt>
   <trkpt lat="50.806070000000005" lon="3.7182200000000005">
    <ele>107.96000000000001</ele>
   </trkpt>
   <trkpt lat="50.80606" lon="3.7179200000000003">
    <ele>107.85000000000001</ele>
   </trkpt>
   <trkpt lat="50.805830005746046" lon="3.716759994263651">
    <ele>107.02</ele>
   </trkpt>
   <trkpt lat="50.805600000000005" lon="3.7156000000000002">
    <ele>105.65</ele>
   </trkpt>
   <trkpt lat="50.805510000000005" lon="3.7152800000000004">
    <ele>105.25000000000001</ele>
   </trkpt>
   <trkpt lat="50.80538000000001" lon="3.71492">
    <ele>104.10000000000001</ele>
   </trkpt>
   <trkpt lat="50.805020000000006" lon="3.7143300000000004">
    <ele>101.58</ele>
   </trkpt>
   <trkpt lat="50.80494" lon="3.71417">
    <ele>101.22</ele>
   </trkpt>
   <trkpt lat="50.80474" lon="3.71349">
    <ele>100.16000000000001</ele>
   </trkpt>
   <trkpt lat="50.804680000000005" lon="3.7133900000000004">
    <ele>99.86</ele>
   </trkpt>
   <trkpt lat="50.80462000000001" lon="3.71335">
    <ele>99.86</ele>
   </trkpt>
   <trkpt lat="50.80454" lon="3.7133300000000005">
    <ele>99.76</ele>
   </trkpt>
   <trkpt lat="50.80377000000001" lon="3.7138400000000003">
    <ele>102.19</ele>
   </trkpt>
   <trkpt lat="50.80341000000001" lon="3.7141100000000002">
    <ele>104.38000000000001</ele>
   </trkpt>
   <trkpt lat="50.80285000000001" lon="3.7143800000000002">
    <ele>106.11000000000001</ele>
   </trkpt>
   <trkpt lat="50.80239" lon="3.7145200000000003">
    <ele>107.27</ele>
   </trkpt>
   <trkpt lat="50.801860000000005" lon="3.7146500000000002">
    <ele>108.10000000000001</ele>
   </trkpt>
   <trkpt lat="50.80163" lon="3.7146700000000004">
    <ele>108.19000000000001</ele>
   </trkpt>
   <trkpt lat="50.80151000000001" lon="3.71463">
    <ele>108.04</ele>
   </trkpt>
   <trkpt lat="50.80138" lon="3.7145300000000003">
    <ele>107.85000000000001</ele>
   </trkpt>
   <trkpt lat="50.801280000000006" lon="3.7144000000000004">
    <ele>107.17000000000002</ele>
   </trkpt>
   <trkpt lat="50.80122" lon="3.7142600000000003">
    <ele>107.17000000000002</ele>
   </trkpt>
   <trkpt lat="50.80089" lon="3.71334">
    <ele>105.78000000000002</ele>
   </trkpt>
   <trkpt lat="50.800760000000004" lon="3.7128">
    <ele>104.94</ele>
   </trkpt>
   <trkpt lat="50.800560000000004" lon="3.7123900000000005">
    <ele>104.54</ele>
   </trkpt>
   <trkpt lat="50.80026" lon="3.7119700000000004">
    <ele>104.54</ele>
   </trkpt>
   <trkpt lat="50.800050000000006" lon="3.71179">
    <ele>104.75000000000001</ele>
   </trkpt>
   <trkpt lat="50.799780000000005" lon="3.7116200000000004">
    <ele>105.25000000000001</ele>
   </trkpt>
   <trkpt lat="50.79957" lon="3.7114200000000004">
    <ele>105.25000000000001</ele>
   </trkpt>
   <trkpt lat="50.799420000000005" lon="3.7112300000000005">
    <ele>106.56</ele>
   </trkpt>
   <trkpt lat="50.7991" lon="3.7107600000000005">
    <ele>107.3</ele>
   </trkpt>
   <trkpt lat="50.79891000000001" lon="3.7104500000000002">
    <ele>108.10000000000001</ele>
   </trkpt>
   <trkpt lat="50.79860000000001" lon="3.7098700000000004">
    <ele>109.03000000000002</ele>
   </trkpt>
   <trkpt lat="50.798225002790545" lon="3.7090599934703747">
    <ele>110.74000000000001</ele>
   </trkpt>
   <trkpt lat="50.797850000000004" lon="3.7082500000000005">
    <ele>111.7</ele>
   </trkpt>
   <trkpt lat="50.79764" lon="3.70785">
    <ele>112.09</ele>
   </trkpt>
   <trkpt lat="50.79773" lon="3.7074200000000004">
    <ele>110.86000000000001</ele>
   </trkpt>
   <trkpt lat="50.797850000000004" lon="3.7069900000000002">
    <ele>109.32000000000001</ele>
   </trkpt>
   <trkpt lat="50.79811500248713" lon="3.70623500413687">
    <ele>107.57000000000001</ele>
   </trkpt>
   <trkpt lat="50.79838" lon="3.70548">
    <ele>108.04</ele>
   </trkpt>
   <trkpt lat="50.79847" lon="3.70515">
    <ele>108.68</ele>
   </trkpt>
   <trkpt lat="50.798610000000004" lon="3.7044400000000004">
    <ele>109.36000000000001</ele>
   </trkpt>
   <trkpt lat="50.79871000000001" lon="3.7038800000000003">
    <ele>108.83000000000001</ele>
   </trkpt>
   <trkpt lat="50.79876" lon="3.7037100000000005">
    <ele>108.83000000000001</ele>
   </trkpt>
   <trkpt lat="50.79887" lon="3.70353">
    <ele>108.83000000000001</ele>
   </trkpt>
   <trkpt lat="50.79914" lon="3.70325">
    <ele>108.50000000000001</ele>
   </trkpt>
   <trkpt lat="50.799220000000005" lon="3.7030800000000004">
    <ele>108.50000000000001</ele>
   </trkpt>
   <trkpt lat="50.799265002358894" lon="3.7023350009395393">
    <ele>107.57000000000001</ele>
   </trkpt>
   <trkpt lat="50.799310000000006" lon="3.7015900000000004">
    <ele>107.42000000000002</ele>
   </trkpt>
   <trkpt lat="50.799380000000006" lon="3.7003000000000004">
    <ele>107.09</ele>
   </trkpt>
   <trkpt lat="50.79896500048222" lon="3.6999599969708474">
    <ele>106.51</ele>
   </trkpt>
   <trkpt lat="50.798550000000006" lon="3.6996200000000004">
    <ele>106.75000000000001</ele>
   </trkpt>
   <trkpt lat="50.798480000000005" lon="3.6995500000000003">
    <ele>106.75000000000001</ele>
   </trkpt>
   <trkpt lat="50.79843" lon="3.69945">
    <ele>106.77</ele>
   </trkpt>
   <trkpt lat="50.798410000000004" lon="3.69891">
    <ele>106.59</ele>
   </trkpt>
   <trkpt lat="50.798410000000004" lon="3.69831">
    <ele>106.29</ele>
   </trkpt>
   <trkpt lat="50.798460000000006" lon="3.69701">
    <ele>105.76</ele>
   </trkpt>
   <trkpt lat="50.798570000000005" lon="3.69626">
    <ele>105.39000000000001</ele>
   </trkpt>
   <trkpt lat="50.79870000211438" lon="3.6955550020156167">
    <ele>105.65</ele>
   </trkpt>
   <trkpt lat="50.79883" lon="3.69485">
    <ele>105.48</ele>
   </trkpt>
   <trkpt lat="50.79881" lon="3.69362">
    <ele>104.58</ele>
   </trkpt>
   <trkpt lat="50.79892" lon="3.6922200000000003">
    <ele>102.21000000000001</ele>
   </trkpt>
   <trkpt lat="50.79896" lon="3.69193">
    <ele>102.26</ele>
   </trkpt>
   <trkpt lat="50.798970000000004" lon="3.69173">
    <ele>101.44</ele>
   </trkpt>
   <trkpt lat="50.798950000000005" lon="3.6915100000000005">
    <ele>100.74000000000001</ele>
   </trkpt>
   <trkpt lat="50.79880500293777" lon="3.6906799973859665">
    <ele>98.36</ele>
   </trkpt>
   <trkpt lat="50.798660000000005" lon="3.6898500000000003">
    <ele>93.82000000000001</ele>
   </trkpt>
   <trkpt lat="50.798545003074686" lon="3.6890049980878454">
    <ele>90.33000000000001</ele>
   </trkpt>
   <trkpt lat="50.79843" lon="3.6881600000000003">
    <ele>87.58</ele>
   </trkpt>
   <trkpt lat="50.79842000000001" lon="3.6876200000000003">
    <ele>86.09000000000002</ele>
   </trkpt>
   <trkpt lat="50.798460000000006" lon="3.68746">
    <ele>86.09000000000002</ele>
   </trkpt>
   <trkpt lat="50.79876" lon="3.6866300000000005">
    <ele>84.29</ele>
   </trkpt>
   <trkpt lat="50.799170000000004" lon="3.6855900000000004">
    <ele>81.43</ele>
   </trkpt>
   <trkpt lat="50.799455001844784" lon="3.6849400038754987">
    <ele>76.87</ele>
   </trkpt>
   <trkpt lat="50.79974000000001" lon="3.6842900000000003">
    <ele>75.19000000000001</ele>
   </trkpt>
   <trkpt lat="50.80001000000001" lon="3.6837600000000004">
    <ele>70.67000000000002</ele>
   </trkpt>
   <trkpt lat="50.80028" lon="3.68345">
    <ele>69.36</ele>
   </trkpt>
   <trkpt lat="50.80075000107932" lon="3.6829350052394667">
    <ele>63.44000000000001</ele>
   </trkpt>
   <trkpt lat="50.80122" lon="3.6824200000000005">
    <ele>56.190000000000005</ele>
   </trkpt>
   <trkpt lat="50.80176500160297" lon="3.6818100071007644">
    <ele>51.39</ele>
   </trkpt>
   <trkpt lat="50.802310000000006" lon="3.6812000000000005">
    <ele>46.8</ele>
   </trkpt>
   <trkpt lat="50.80239" lon="3.6810500000000004">
    <ele>46.8</ele>
   </trkpt>
   <trkpt lat="50.802620000000005" lon="3.6803600000000003">
    <ele>41.510000000000005</ele>
   </trkpt>
   <trkpt lat="50.802690000000005" lon="3.6801900000000005">
    <ele>40.03</ele>
   </trkpt>
   <trkpt lat="50.802760000000006" lon="3.6800800000000002">
    <ele>40.03</ele>
   </trkpt>
   <trkpt lat="50.80328" lon="3.6795400000000003">
    <ele>35.25</ele>
   </trkpt>
   <trkpt lat="50.803490000000004" lon="3.6793000000000005">
    <ele>35.29</ele>
   </trkpt>
   <trkpt lat="50.80359000000001" lon="3.6791700000000005">
    <ele>35.54</ele>
   </trkpt>
   <trkpt lat="50.803760000000004" lon="3.6788800000000004">
    <ele>36.08</ele>
   </trkpt>
   <trkpt lat="50.80413" lon="3.67811">
    <ele>37.27</ele>
   </trkpt>
   <trkpt lat="50.80456" lon="3.6770600000000004">
    <ele>41.81000000000001</ele>
   </trkpt>
   <trkpt lat="50.80399000086736" lon="3.6767333253372265">
    <ele>42.46</ele>
   </trkpt>
   <trkpt lat="50.80342000082251" lon="3.6764066586449817">
    <ele>43.120000000000005</ele>
   </trkpt>
   <trkpt lat="50.80285000000001" lon="3.6760800000000002">
    <ele>43.38</ele>
   </trkpt>
   <trkpt lat="50.80256000000001" lon="3.6759800000000005">
    <ele>43.7</ele>
   </trkpt>
   <trkpt lat="50.80191000041925" lon="3.6756999961412125">
    <ele>43.9</ele>
   </trkpt>
   <trkpt lat="50.801260000000006" lon="3.6754200000000004">
    <ele>43.85000000000001</ele>
   </trkpt>
   <trkpt lat="50.80074000017553" lon="3.6752549981826137">
    <ele>43.89000000000001</ele>
   </trkpt>
   <trkpt lat="50.80022" lon="3.6750900000000004">
    <ele>43.96000000000001</ele>
   </trkpt>
   <trkpt lat="50.800000000000004" lon="3.6750700000000003">
    <ele>44.15</ele>
   </trkpt>
   <trkpt lat="50.79946500001193" lon="3.6749499986150242">
    <ele>44.56</ele>
   </trkpt>
   <trkpt lat="50.798930000000006" lon="3.6748300000000005">
    <ele>45.730000000000004</ele>
   </trkpt>
   <trkpt lat="50.798660000000005" lon="3.6747300000000003">
    <ele>46.400000000000006</ele>
   </trkpt>
   <trkpt lat="50.797880000000006" lon="3.6743500000000004">
    <ele>48.080000000000005</ele>
   </trkpt>
   <trkpt lat="50.79777000000001" lon="3.6742900000000005">
    <ele>48.13</ele>
   </trkpt>
   <trkpt lat="50.797810000000005" lon="3.6741">
    <ele>48.27</ele>
   </trkpt>
   <trkpt lat="50.797520000000006" lon="3.67349">
    <ele>47.49</ele>
   </trkpt>
   <trkpt lat="50.79722" lon="3.6729900000000004">
    <ele>44.870000000000005</ele>
   </trkpt>
   <trkpt lat="50.79710000000001" lon="3.6728300000000003">
    <ele>43.67</ele>
   </trkpt>
   <trkpt lat="50.79657" lon="3.6723200000000005">
    <ele>39.760000000000005</ele>
   </trkpt>
   <trkpt lat="50.79645000000001" lon="3.6721500000000002">
    <ele>38.45</ele>
   </trkpt>
   <trkpt lat="50.79636000000001" lon="3.6719800000000005">
    <ele>36.69</ele>
   </trkpt>
   <trkpt lat="50.79628" lon="3.6716200000000003">
    <ele>35.4</ele>
   </trkpt>
   <trkpt lat="50.79625000000001" lon="3.6711000000000005">
    <ele>33.77</ele>
   </trkpt>
   <trkpt lat="50.79634" lon="3.6699500000000005">
    <ele>32.36</ele>
   </trkpt>
   <trkpt lat="50.796310000000005" lon="3.6697200000000003">
    <ele>32.370000000000005</ele>
   </trkpt>
   <trkpt lat="50.796260000000004" lon="3.66955">
    <ele>32.31</ele>
   </trkpt>
   <trkpt lat="50.79616000000001" lon="3.6693400000000005">
    <ele>32.36</ele>
   </trkpt>
   <trkpt lat="50.79608" lon="3.6692400000000003">
    <ele>32.36</ele>
   </trkpt>
   <trkpt lat="50.795660000000005" lon="3.6689200000000004">
    <ele>33.17</ele>
   </trkpt>
   <trkpt lat="50.79561" lon="3.6688400000000003">
    <ele>33.03</ele>
   </trkpt>
   <trkpt lat="50.79576" lon="3.6679600000000003">
    <ele>33.75</ele>
   </trkpt>
   <trkpt lat="50.79589000000001" lon="3.6669700000000005">
    <ele>35.050000000000004</ele>
   </trkpt>
   <trkpt lat="50.79600000000001" lon="3.6664800000000004">
    <ele>35.4</ele>
   </trkpt>
   <trkpt lat="50.79609000000001" lon="3.6657">
    <ele>37.36000000000001</ele>
   </trkpt>
   <trkpt lat="50.796150000000004" lon="3.66461">
    <ele>39.17</ele>
   </trkpt>
   <trkpt lat="50.796110000000006" lon="3.6642600000000005">
    <ele>40.620000000000005</ele>
   </trkpt>
   <trkpt lat="50.79581000239342" lon="3.6635099951584897">
    <ele>41.68</ele>
   </trkpt>
   <trkpt lat="50.79551000000001" lon="3.6627600000000005">
    <ele>43.47</ele>
   </trkpt>
   <trkpt lat="50.79533000000001" lon="3.6621900000000003">
    <ele>45.040000000000006</ele>
   </trkpt>
   <trkpt lat="50.7952" lon="3.6617">
    <ele>46.75000000000001</ele>
   </trkpt>
   <trkpt lat="50.794920005835394" lon="3.660524992684195">
    <ele>48.28</ele>
   </trkpt>
   <trkpt lat="50.79464" lon="3.6593500000000003">
    <ele>49.370000000000005</ele>
   </trkpt>
   <trkpt lat="50.794250000000005" lon="3.65831">
    <ele>50.09</ele>
   </trkpt>
   <trkpt lat="50.79413" lon="3.6577200000000003">
    <ele>50.440000000000005</ele>
   </trkpt>
   <trkpt lat="50.794070000000005" lon="3.6567300000000005">
    <ele>51.050000000000004</ele>
   </trkpt>
   <trkpt lat="50.79401000000001" lon="3.6563000000000003">
    <ele>51.15</ele>
   </trkpt>
   <trkpt lat="50.793730000000004" lon="3.6552200000000004">
    <ele>52.77</ele>
   </trkpt>
   <trkpt lat="50.79359" lon="3.6548900000000004">
    <ele>53.44</ele>
   </trkpt>
   <trkpt lat="50.79345000000001" lon="3.65362">
    <ele>56.260000000000005</ele>
   </trkpt>
   <trkpt lat="50.79407500124621" lon="3.6530950069631567">
    <ele>57.07</ele>
   </trkpt>
   <trkpt lat="50.794700000000006" lon="3.6525700000000003">
    <ele>57.660000000000004</ele>
   </trkpt>
   <trkpt lat="50.79522000000001" lon="3.652">
    <ele>55.57</ele>
   </trkpt>
   <trkpt lat="50.795840000000005" lon="3.6511400000000003">
    <ele>55.07000000000001</ele>
   </trkpt>
   <trkpt lat="50.796060000000004" lon="3.65086">
    <ele>57.09</ele>
   </trkpt>
   <trkpt lat="50.796730000000004" lon="3.6501300000000003">
    <ele>66.21000000000001</ele>
   </trkpt>
   <trkpt lat="50.797180000000004" lon="3.6493400000000005">
    <ele>69.20000000000002</ele>
   </trkpt>
   <trkpt lat="50.797230000000006" lon="3.6488000000000005">
    <ele>70.10000000000001</ele>
   </trkpt>
   <trkpt lat="50.797180000000004" lon="3.64861">
    <ele>70.43</ele>
   </trkpt>
   <trkpt lat="50.797655001496345" lon="3.6480400056643747">
    <ele>71.18</ele>
   </trkpt>
   <trkpt lat="50.79813000000001" lon="3.64747">
    <ele>73.84</ele>
   </trkpt>
   <trkpt lat="50.79860000000001" lon="3.64679">
    <ele>78.02000000000001</ele>
   </trkpt>
   <trkpt lat="50.79880000000001" lon="3.6466200000000004">
    <ele>79.24000000000001</ele>
   </trkpt>
   <trkpt lat="50.79905" lon="3.64645">
    <ele>82.09</ele>
   </trkpt>
   <trkpt lat="50.799290000000006" lon="3.6463300000000003">
    <ele>82.68</ele>
   </trkpt>
   <trkpt lat="50.799400000000006" lon="3.64623">
    <ele>84.94</ele>
   </trkpt>
   <trkpt lat="50.799815001254984" lon="3.6456500054064818">
    <ele>88.71000000000001</ele>
   </trkpt>
   <trkpt lat="50.800230000000006" lon="3.6450700000000005">
    <ele>91.10000000000001</ele>
   </trkpt>
   <trkpt lat="50.80084000170638" lon="3.64444000821392">
    <ele>93.58000000000001</ele>
   </trkpt>
   <trkpt lat="50.80145" lon="3.64381">
    <ele>93.43</ele>
   </trkpt>
   <trkpt lat="50.80183500088269" lon="3.643380003439782">
    <ele>93.30000000000001</ele>
   </trkpt>
   <trkpt lat="50.802220000000005" lon="3.6429500000000004">
    <ele>93.44000000000001</ele>
   </trkpt>
   <trkpt lat="50.80168667513606" lon="3.641953310540394">
    <ele>93.41000000000001</ele>
   </trkpt>
   <trkpt lat="50.80115334178053" lon="3.640956643832655">
    <ele>94.69000000000001</ele>
   </trkpt>
   <trkpt lat="50.80062" lon="3.6399600000000003">
    <ele>96.37</ele>
   </trkpt>
   <trkpt lat="50.801340000378005" lon="3.6397925077386413">
    <ele>94.51</ele>
   </trkpt>
   <trkpt lat="50.8020600005162" lon="3.639625010315549">
    <ele>94.00000000000001</ele>
   </trkpt>
   <trkpt lat="50.802780000414565" lon="3.639457507730433">
    <ele>92.96</ele>
   </trkpt>
   <trkpt lat="50.80350000000001" lon="3.6392900000000004">
    <ele>91.98</ele>
   </trkpt>
   <trkpt lat="50.803760000000004" lon="3.6392">
    <ele>91.84</ele>
   </trkpt>
   <trkpt lat="50.803990000000006" lon="3.63906">
    <ele>91.66</ele>
   </trkpt>
   <trkpt lat="50.80413" lon="3.6389400000000003">
    <ele>91.32000000000001</ele>
   </trkpt>
   <trkpt lat="50.804640000000006" lon="3.63859">
    <ele>90.74</ele>
   </trkpt>
   <trkpt lat="50.80469" lon="3.63857">
    <ele>90.74</ele>
   </trkpt>
   <trkpt lat="50.804730000000006" lon="3.63858">
    <ele>90.74</ele>
   </trkpt>
   <trkpt lat="50.805150000000005" lon="3.6388000000000003">
    <ele>88.85000000000001</ele>
   </trkpt>
   <trkpt lat="50.805670000000006" lon="3.63912">
    <ele>86.91</ele>
   </trkpt>
   <trkpt lat="50.80633000003898" lon="3.6389950017711525">
    <ele>82.16000000000001</ele>
   </trkpt>
   <trkpt lat="50.806990000000006" lon="3.6388700000000003">
    <ele>78.45</ele>
   </trkpt>
   <trkpt lat="50.807370000000006" lon="3.6388300000000005">
    <ele>76.55000000000001</ele>
   </trkpt>
   <trkpt lat="50.80804500002587" lon="3.638790001733579">
    <ele>73.68</ele>
   </trkpt>
   <trkpt lat="50.80872000003806" lon="3.638750002311268">
    <ele>68.83</ele>
   </trkpt>
   <trkpt lat="50.80939500003657" lon="3.638710001733006">
    <ele>62.620000000000005</ele>
   </trkpt>
   <trkpt lat="50.81007" lon="3.6386700000000003">
    <ele>55.43000000000001</ele>
   </trkpt>
   <trkpt lat="50.810590000000005" lon="3.63857">
    <ele>51.65</ele>
   </trkpt>
   <trkpt lat="50.81123" lon="3.6384900000000004">
    <ele>48.760000000000005</ele>
   </trkpt>
   <trkpt lat="50.811310000000006" lon="3.6385000000000005">
    <ele>48.760000000000005</ele>
   </trkpt>
   <trkpt lat="50.81195" lon="3.6387400000000003">
    <ele>40.6</ele>
   </trkpt>
   <trkpt lat="50.81204" lon="3.6387500000000004">
    <ele>40.6</ele>
   </trkpt>
   <trkpt lat="50.81290000004772" lon="3.6386900011024843">
    <ele>33.89</ele>
   </trkpt>
   <trkpt lat="50.81376" lon="3.6386300000000005">
    <ele>31.900000000000006</ele>
   </trkpt>
   <trkpt lat="50.81401" lon="3.63859">
    <ele>30.85</ele>
   </trkpt>
   <trkpt lat="50.81468" lon="3.6382800000000004">
    <ele>28.130000000000003</ele>
   </trkpt>
   <trkpt lat="50.815119999906706" lon="3.6384299985222626">
    <ele>27.470000000000002</ele>
   </trkpt>
   <trkpt lat="50.815560000000005" lon="3.63858">
    <ele>26.81</ele>
   </trkpt>
   <trkpt lat="50.815650000000005" lon="3.6386300000000005">
    <ele>26.81</ele>
   </trkpt>
   <trkpt lat="50.815740000000005" lon="3.63872">
    <ele>26.140000000000004</ele>
   </trkpt>
   <trkpt lat="50.81582" lon="3.6388700000000003">
    <ele>26.140000000000004</ele>
   </trkpt>
   <trkpt lat="50.815990000000006" lon="3.6396">
    <ele>24.830000000000002</ele>
   </trkpt>
   <trkpt lat="50.816030000000005" lon="3.6397000000000004">
    <ele>24.830000000000002</ele>
   </trkpt>
   <trkpt lat="50.816100000000006" lon="3.6397500000000003">
    <ele>24.59</ele>
   </trkpt>
   <trkpt lat="50.816300000000005" lon="3.63974">
    <ele>23.87</ele>
   </trkpt>
   <trkpt lat="50.816954999996135" lon="3.639680000843287">
    <ele>22.21</ele>
   </trkpt>
   <trkpt lat="50.81761" lon="3.6396200000000003">
    <ele>21.900000000000002</ele>
   </trkpt>
   <trkpt lat="50.817820000000005" lon="3.6396300000000004">
    <ele>22.340000000000003</ele>
   </trkpt>
   <trkpt lat="50.81806" lon="3.6396">
    <ele>21.740000000000002</ele>
   </trkpt>
   <trkpt lat="50.8183" lon="3.6396">
    <ele>21.460000000000004</ele>
   </trkpt>
   <trkpt lat="50.81844" lon="3.63966">
    <ele>21.240000000000002</ele>
   </trkpt>
   <trkpt lat="50.81850000000001" lon="3.6397200000000005">
    <ele>20.89</ele>
   </trkpt>
   <trkpt lat="50.81873" lon="3.6402500000000004">
    <ele>20.71</ele>
   </trkpt>
   <trkpt lat="50.8188" lon="3.64035">
    <ele>20.71</ele>
   </trkpt>
   <trkpt lat="50.81924" lon="3.6405800000000004">
    <ele>20.64</ele>
   </trkpt>
   <trkpt lat="50.819680000000005" lon="3.6407000000000003">
    <ele>21.650000000000002</ele>
   </trkpt>
   <trkpt lat="50.820350000000005" lon="3.6407800000000003">
    <ele>26.680000000000003</ele>
   </trkpt>
   <trkpt lat="50.82084500025996" lon="3.64078">
    <ele>29.41</ele>
   </trkpt>
   <trkpt lat="50.821340000000006" lon="3.6407800000000003">
    <ele>33.57</ele>
   </trkpt>
   <trkpt lat="50.82181000011544" lon="3.6407949998526674">
    <ele>38.78</ele>
   </trkpt>
   <trkpt lat="50.822280000000006" lon="3.64081">
    <ele>42.81</ele>
   </trkpt>
   <trkpt lat="50.822500000000005" lon="3.6407800000000003">
    <ele>46.07000000000001</ele>
   </trkpt>
   <trkpt lat="50.82265" lon="3.64074">
    <ele>46.98</ele>
   </trkpt>
   <trkpt lat="50.82347000000001" lon="3.6403600000000003">
    <ele>56.78</ele>
   </trkpt>
   <trkpt lat="50.82358000000001" lon="3.6402900000000002">
    <ele>56.78</ele>
   </trkpt>
   <trkpt lat="50.82377" lon="3.6400900000000003">
    <ele>60.52</ele>
   </trkpt>
   <trkpt lat="50.82399" lon="3.63946">
    <ele>63.51000000000001</ele>
   </trkpt>
   <trkpt lat="50.824160000000006" lon="3.63913">
    <ele>64.67</ele>
   </trkpt>
   <trkpt lat="50.82433" lon="3.6388900000000004">
    <ele>66.39</ele>
   </trkpt>
   <trkpt lat="50.824670000000005" lon="3.6384700000000003">
    <ele>68.54</ele>
   </trkpt>
   <trkpt lat="50.82491" lon="3.6382200000000005">
    <ele>69.53</ele>
   </trkpt>
   <trkpt lat="50.825070000000004" lon="3.6381">
    <ele>70.42000000000002</ele>
   </trkpt>
   <trkpt lat="50.825540000000004" lon="3.6377900000000003">
    <ele>72.21000000000001</ele>
   </trkpt>
   <trkpt lat="50.82613000059278" lon="3.6374600040991774">
    <ele>74.09</ele>
   </trkpt>
   <trkpt lat="50.82672" lon="3.6371300000000004">
    <ele>75.45</ele>
   </trkpt>
   <trkpt lat="50.82708" lon="3.63701">
    <ele>76.41000000000001</ele>
   </trkpt>
   <trkpt lat="50.82714000000001" lon="3.63702">
    <ele>76.41000000000001</ele>
   </trkpt>
   <trkpt lat="50.82739" lon="3.6369100000000003">
    <ele>77.12</ele>
   </trkpt>
   <trkpt lat="50.82757" lon="3.6367800000000003">
    <ele>77.58000000000001</ele>
   </trkpt>
   <trkpt lat="50.82777" lon="3.63655">
    <ele>78.01</ele>
   </trkpt>
   <trkpt lat="50.827960000000004" lon="3.6362">
    <ele>79.83000000000001</ele>
   </trkpt>
   <trkpt lat="50.82822000153364" lon="3.6355950034405726">
    <ele>80.98</ele>
   </trkpt>
   <trkpt lat="50.828480000000006" lon="3.63499">
    <ele>82.35000000000001</ele>
   </trkpt>
   <trkpt lat="50.828570000000006" lon="3.63485">
    <ele>82.57000000000001</ele>
   </trkpt>
   <trkpt lat="50.828610000000005" lon="3.63486">
    <ele>82.57000000000001</ele>
   </trkpt>
   <trkpt lat="50.82867" lon="3.63458">
    <ele>82.59</ele>
   </trkpt>
   <trkpt lat="50.82891000000001" lon="3.6339400000000004">
    <ele>82.51</ele>
   </trkpt>
   <trkpt lat="50.82903" lon="3.63357">
    <ele>82.45</ele>
   </trkpt>
   <trkpt lat="50.82928000798849" lon="3.632603343679031">
    <ele>81.93</ele>
   </trkpt>
   <trkpt lat="50.82953000799072" lon="3.6316366770038933">
    <ele>81.11</ele>
   </trkpt>
   <trkpt lat="50.82978000000001" lon="3.6306700000000003">
    <ele>79.76</ele>
   </trkpt>
   <trkpt lat="50.82992" lon="3.6300700000000004">
    <ele>79.25</ele>
   </trkpt>
   <trkpt lat="50.83008" lon="3.6292000000000004">
    <ele>78.86</ele>
   </trkpt>
   <trkpt lat="50.830130000000004" lon="3.6290400000000003">
    <ele>78.86</ele>
   </trkpt>
   <trkpt lat="50.83024" lon="3.62882">
    <ele>78.73</ele>
   </trkpt>
   <trkpt lat="50.83032000000001" lon="3.6287000000000003">
    <ele>78.39</ele>
   </trkpt>
   <trkpt lat="50.83043000000001" lon="3.6285900000000004">
    <ele>77.89</ele>
   </trkpt>
   <trkpt lat="50.830540000000006" lon="3.6285200000000004">
    <ele>77.89</ele>
   </trkpt>
   <trkpt lat="50.830650000000006" lon="3.62848">
    <ele>76.93</ele>
   </trkpt>
   <trkpt lat="50.831160000000004" lon="3.62842">
    <ele>75.99</ele>
   </trkpt>
   <trkpt lat="50.83147" lon="3.6283100000000004">
    <ele>75.55000000000001</ele>
   </trkpt>
   <trkpt lat="50.83165" lon="3.6281900000000005">
    <ele>75.21000000000001</ele>
   </trkpt>
   <trkpt lat="50.83196" lon="3.62793">
    <ele>75.08000000000001</ele>
   </trkpt>
   <trkpt lat="50.83209" lon="3.6277900000000005">
    <ele>75.07000000000001</ele>
   </trkpt>
   <trkpt lat="50.83220000000001" lon="3.62767">
    <ele>75.01</ele>
   </trkpt>
   <trkpt lat="50.83263333769594" lon="3.6269566798892012">
    <ele>75.50000000000001</ele>
   </trkpt>
   <trkpt lat="50.83306667104314" lon="3.6262433465331996">
    <ele>76.44000000000001</ele>
   </trkpt>
   <trkpt lat="50.8335" lon="3.6255300000000004">
    <ele>76.45</ele>
   </trkpt>
   <trkpt lat="50.83398001644384" lon="3.6243975349359463">
    <ele>72.83</ele>
   </trkpt>
   <trkpt lat="50.83446002192697" lon="3.6232650465777296">
    <ele>69.37</ele>
   </trkpt>
   <trkpt lat="50.83494001644904" lon="3.622132534925004">
    <ele>66.18</ele>
   </trkpt>
   <trkpt lat="50.835420000000006" lon="3.6210000000000004">
    <ele>61.88</ele>
   </trkpt>
   <trkpt lat="50.83569000000001" lon="3.6205900000000004">
    <ele>59.36</ele>
   </trkpt>
   <trkpt lat="50.835890000000006" lon="3.6203800000000004">
    <ele>58.93</ele>
   </trkpt>
   <trkpt lat="50.836405000620665" lon="3.619980004463046">
    <ele>56.25</ele>
   </trkpt>
   <trkpt lat="50.836920000000006" lon="3.6195800000000005">
    <ele>52.52</ele>
   </trkpt>
   <trkpt lat="50.837050000000005" lon="3.6194500000000005">
    <ele>51.93</ele>
   </trkpt>
   <trkpt lat="50.83733" lon="3.61913">
    <ele>51.86</ele>
   </trkpt>
   <trkpt lat="50.837520000000005" lon="3.61878">
    <ele>48.63</ele>
   </trkpt>
   <trkpt lat="50.837630000000004" lon="3.61844">
    <ele>47.24</ele>
   </trkpt>
   <trkpt lat="50.83766000000001" lon="3.6181900000000002">
    <ele>46.3</ele>
   </trkpt>
   <trkpt lat="50.837580008493056" lon="3.6167799975442354">
    <ele>40.46</ele>
   </trkpt>
   <trkpt lat="50.837500000000006" lon="3.6153700000000004">
    <ele>36.45</ele>
   </trkpt>
   <trkpt lat="50.83744" lon="3.61499">
    <ele>36.61</ele>
   </trkpt>
   <trkpt lat="50.837340000000005" lon="3.6146300000000005">
    <ele>33.300000000000004</ele>
   </trkpt>
   <trkpt lat="50.836962512437395" lon="3.613644976096278">
    <ele>28.91</ele>
   </trkpt>
   <trkpt lat="50.83658501658285" lon="3.612659968127976">
    <ele>23.860000000000003</ele>
   </trkpt>
   <trkpt lat="50.8362075124366" lon="3.6116749760949713">
    <ele>20.540000000000003</ele>
   </trkpt>
   <trkpt lat="50.83583" lon="3.6106900000000004">
    <ele>17.01</ele>
   </trkpt>
   <trkpt lat="50.8355400025112" lon="3.6099099949150557">
    <ele>15.290000000000001</ele>
   </trkpt>
   <trkpt lat="50.83525" lon="3.6091300000000004">
    <ele>14.33</ele>
   </trkpt>
   <trkpt lat="50.835100000000004" lon="3.6087100000000003">
    <ele>14.07</ele>
   </trkpt>
   <trkpt lat="50.83531000000001" lon="3.6088600000000004">
    <ele>13.89</ele>
   </trkpt>
   <trkpt lat="50.835770000000004" lon="3.6095800000000002">
    <ele>12.48</ele>
   </trkpt>
   <trkpt lat="50.83581" lon="3.60949">
    <ele>12.23</ele>
   </trkpt>
   <trkpt lat="50.83581" lon="3.6094100000000005">
    <ele>12.23</ele>
   </trkpt>
   <trkpt lat="50.835750000000004" lon="3.60903">
    <ele>11.62</ele>
   </trkpt>
   <trkpt lat="50.83559500316452" lon="3.608169997166718">
    <ele>10.76</ele>
   </trkpt>
   <trkpt lat="50.835440000000006" lon="3.6073100000000005">
    <ele>10.620000000000001</ele>
   </trkpt>
   <trkpt lat="50.83543" lon="3.60712">
    <ele>10.75</ele>
   </trkpt>
   <trkpt lat="50.83549000000001" lon="3.6068200000000004">
    <ele>10.950000000000001</ele>
   </trkpt>
   <trkpt lat="50.83596999982725" lon="3.6068649995201634">
    <ele>10.74</ele>
   </trkpt>
   <trkpt lat="50.836450000000006" lon="3.6069100000000005">
    <ele>11.160000000000002</ele>
   </trkpt>
   <trkpt lat="50.836984999981745" lon="3.6070249986655667">
    <ele>11.73</ele>
   </trkpt>
   <trkpt lat="50.837520000000005" lon="3.6071400000000002">
    <ele>11.61</ele>
   </trkpt>
   <trkpt lat="50.8381399999014" lon="3.6072849980294657">
    <ele>10.650000000000002</ele>
   </trkpt>
   <trkpt lat="50.83876" lon="3.6074300000000004">
    <ele>10.59</ele>
   </trkpt>
   <trkpt lat="50.83878500435529" lon="3.606420000686935">
    <ele>10.4</ele>
   </trkpt>
   <trkpt lat="50.83881" lon="3.6054100000000004">
    <ele>10.47</ele>
   </trkpt>
   <trkpt lat="50.83883" lon="3.6051100000000003">
    <ele>10.47</ele>
   </trkpt>
   <trkpt lat="50.83885" lon="3.6049300000000004">
    <ele>10.47</ele>
   </trkpt>
   <trkpt lat="50.83897" lon="3.60441">
    <ele>10.59</ele>
   </trkpt>
   <trkpt lat="50.83897" lon="3.60422">
    <ele>10.59</ele>
   </trkpt>
   <trkpt lat="50.83897" lon="3.6042300000000003">
    <ele>10.59</ele>
   </trkpt>
   <trkpt lat="50.83896000000001" lon="3.60401">
    <ele>10.620000000000001</ele>
   </trkpt>
   <trkpt lat="50.838890000000006" lon="3.6037800000000004">
    <ele>10.790000000000001</ele>
   </trkpt>
   <trkpt lat="50.838640000000005" lon="3.6032300000000004">
    <ele>10.76</ele>
   </trkpt>
   <trkpt lat="50.83832" lon="3.6026000000000002">
    <ele>10.34</ele>
   </trkpt>
   <trkpt lat="50.83787000391737" lon="3.6016349905620486">
    <ele>10.180000000000001</ele>
   </trkpt>
   <trkpt lat="50.83742" lon="3.6006700000000005">
    <ele>10.16</ele>
   </trkpt>
   <trkpt lat="50.836980000000004" lon="3.5997000000000003">
    <ele>10.32</ele>
   </trkpt>
   <trkpt lat="50.836600000000004" lon="3.59866">
    <ele>10.450000000000001</ele>
   </trkpt>
   <trkpt lat="50.83655" lon="3.5985700000000005">
    <ele>10.450000000000001</ele>
   </trkpt>
   <trkpt lat="50.83648" lon="3.5985300000000002">
    <ele>10.450000000000001</ele>
   </trkpt>
   <trkpt lat="50.83641" lon="3.5985700000000005">
    <ele>10.450000000000001</ele>
   </trkpt>
   <trkpt lat="50.83599000067036" lon="3.5989500033715585">
    <ele>9.82</ele>
   </trkpt>
   <trkpt lat="50.835570000000004" lon="3.59933">
    <ele>9.8</ele>
   </trkpt>
   <trkpt lat="50.835420000000006" lon="3.5994400000000004">
    <ele>9.79</ele>
   </trkpt>
   <trkpt lat="50.83534" lon="3.59946">
    <ele>9.79</ele>
   </trkpt>
   <trkpt lat="50.835170000000005" lon="3.59941">
    <ele>9.860000000000001</ele>
   </trkpt>
   <trkpt lat="50.83502000000001" lon="3.59927">
    <ele>10.0</ele>
   </trkpt>
   <trkpt lat="50.83436000299641" lon="3.598434988213679">
    <ele>9.83</ele>
   </trkpt>
   <trkpt lat="50.83370000000001" lon="3.5976000000000004">
    <ele>9.670000000000002</ele>
   </trkpt>
   <trkpt lat="50.833290000000005" lon="3.5969400000000005">
    <ele>9.500000000000002</ele>
   </trkpt>
   <trkpt lat="50.83283000448847" lon="3.5959099897482076">
    <ele>9.370000000000001</ele>
   </trkpt>
   <trkpt lat="50.832370000000004" lon="3.5948800000000003">
    <ele>9.8</ele>
   </trkpt>
   <trkpt lat="50.832280000000004" lon="3.5947500000000003">
    <ele>9.8</ele>
   </trkpt>
   <trkpt lat="50.83223" lon="3.5947400000000003">
    <ele>9.8</ele>
   </trkpt>
   <trkpt lat="50.832240000000006" lon="3.5946100000000003">
    <ele>9.71</ele>
   </trkpt>
   <trkpt lat="50.83269000000001" lon="3.59411">
    <ele>9.74</ele>
   </trkpt>
   <trkpt lat="50.832330000000006" lon="3.59329">
    <ele>8.48</ele>
   </trkpt>
   <trkpt lat="50.832010000000004" lon="3.59263">
    <ele>8.190000000000001</ele>
   </trkpt>
   <trkpt lat="50.83155000000001" lon="3.5917700000000004">
    <ele>9.770000000000001</ele>
   </trkpt>
   <trkpt lat="50.83095" lon="3.5925400000000005">
    <ele>9.82</ele>
   </trkpt>
   <trkpt lat="50.83090000000001" lon="3.5925700000000003">
    <ele>9.82</ele>
   </trkpt>
   <trkpt lat="50.830850000000005" lon="3.5925900000000004">
    <ele>9.82</ele>
   </trkpt>
   <trkpt lat="50.8308" lon="3.5925700000000003">
    <ele>9.860000000000001</ele>
   </trkpt>
   <trkpt lat="50.830315002481186" lon="3.5918099921237787">
    <ele>10.040000000000001</ele>
   </trkpt>
   <trkpt lat="50.82983" lon="3.59105">
    <ele>10.190000000000001</ele>
   </trkpt>
   <trkpt lat="50.82922000000001" lon="3.59175">
    <ele>9.520000000000001</ele>
   </trkpt>
   <trkpt lat="50.82853" lon="3.5924600000000004">
    <ele>10.46</ele>
   </trkpt>
   <trkpt lat="50.828810000000004" lon="3.59302">
    <ele>10.41</ele>
   </trkpt>
   <trkpt lat="50.82862" lon="3.5932600000000003">
    <ele>9.840000000000002</ele>
   </trkpt>
   <trkpt lat="50.828" lon="3.59384">
    <ele>9.55</ele>
   </trkpt>
   <trkpt lat="50.827595000786744" lon="3.594290003991298">
    <ele>9.79</ele>
   </trkpt>
   <trkpt lat="50.82719" lon="3.5947400000000003">
    <ele>9.99</ele>
   </trkpt>
   <trkpt lat="50.826740000997155" lon="3.5952150045437796">
    <ele>9.98</ele>
   </trkpt>
   <trkpt lat="50.82629000000001" lon="3.5956900000000003">
    <ele>10.09</ele>
   </trkpt>
   <trkpt lat="50.82618" lon="3.59588">
    <ele>10.32</ele>
   </trkpt>
   <trkpt lat="50.82578" lon="3.5967100000000003">
    <ele>10.64</ele>
   </trkpt>
   <trkpt lat="50.82571" lon="3.59695">
    <ele>10.63</ele>
   </trkpt>
   <trkpt lat="50.825700000000005" lon="3.5971">
    <ele>10.63</ele>
   </trkpt>
   <trkpt lat="50.825480000000006" lon="3.5975800000000002">
    <ele>10.41</ele>
   </trkpt>
   <trkpt lat="50.82508000000001" lon="3.5980100000000004">
    <ele>11.05</ele>
   </trkpt>
   <trkpt lat="50.824920000000006" lon="3.5981600000000005">
    <ele>11.15</ele>
   </trkpt>
   <trkpt lat="50.82489" lon="3.59812">
    <ele>11.15</ele>
   </trkpt>
   <trkpt lat="50.824310000000004" lon="3.5977900000000003">
    <ele>10.68</ele>
   </trkpt>
   <trkpt lat="50.824200000000005" lon="3.5977">
    <ele>10.68</ele>
   </trkpt>
   <trkpt lat="50.82379000151117" lon="3.597124995088493">
    <ele>10.24</ele>
   </trkpt>
   <trkpt lat="50.82338000000001" lon="3.59655">
    <ele>9.930000000000001</ele>
   </trkpt>
   <trkpt lat="50.82309000000001" lon="3.5961800000000004">
    <ele>9.9</ele>
   </trkpt>
   <trkpt lat="50.822453338397345" lon="3.595409978997101">
    <ele>9.8</ele>
   </trkpt>
   <trkpt lat="50.821816671726985" lon="3.5946399789930408">
    <ele>9.98</ele>
   </trkpt>
   <trkpt lat="50.821180000000005" lon="3.5938700000000003">
    <ele>10.700000000000001</ele>
   </trkpt>
   <trkpt lat="50.821020000000004" lon="3.5937600000000005">
    <ele>11.030000000000001</ele>
   </trkpt>
   <trkpt lat="50.8209" lon="3.5937400000000004">
    <ele>11.65</ele>
   </trkpt>
   <trkpt lat="50.82081" lon="3.59378">
    <ele>12.76</ele>
   </trkpt>
   <trkpt lat="50.82072" lon="3.5938700000000003">
    <ele>12.76</ele>
   </trkpt>
   <trkpt lat="50.82034306038878" lon="3.5926169089587665">
    <ele>11.510000000000002</ele>
   </trkpt>
   <trkpt lat="50.8199661073567" lon="3.5913638381483866">
    <ele>11.72</ele>
   </trkpt>
   <trkpt lat="50.81958914090418" lon="3.590110787568983">
    <ele>11.930000000000001</ele>
   </trkpt>
   <trkpt lat="50.8192121610316" lon="3.5888577572206772">
    <ele>12.200000000000001</ele>
   </trkpt>
   <trkpt lat="50.818835167739365" lon="3.5876047471035917">
    <ele>12.820000000000002</ele>
   </trkpt>
   <trkpt lat="50.81845816102788" lon="3.586351757217846">
    <ele>12.530000000000001</ele>
   </trkpt>
   <trkpt lat="50.81808114089751" lon="3.5850987875635645">
    <ele>12.15</ele>
   </trkpt>
   <trkpt lat="50.81770410734868" lon="3.583845838140867">
    <ele>11.940000000000001</ele>
   </trkpt>
   <trkpt lat="50.81732706038178" lon="3.582592908949876">
    <ele>11.860000000000001</ele>
   </trkpt>
   <trkpt lat="50.816950000000006" lon="3.5813400000000004">
    <ele>12.14</ele>
   </trkpt>
   <trkpt lat="50.816625004156705" lon="3.5803549931764">
    <ele>11.98</ele>
   </trkpt>
   <trkpt lat="50.816300000000005" lon="3.5793700000000004">
    <ele>11.959999999999999</ele>
   </trkpt>
   <trkpt lat="50.81584860408786" lon="3.5782413631164376">
    <ele>12.090000000000002</ele>
   </trkpt>
   <trkpt lat="50.81539719728805" lon="3.5771127480500713">
    <ele>11.89</ele>
   </trkpt>
   <trkpt lat="50.81494577960091" lon="3.5759841548006537">
    <ele>11.540000000000001</ele>
   </trkpt>
   <trkpt lat="50.81449435102685" lon="3.574855583367939">
    <ele>11.36</ele>
   </trkpt>
   <trkpt lat="50.81404291156626" lon="3.5737270337516804">
    <ele>11.370000000000001</ele>
   </trkpt>
   <trkpt lat="50.81359146121953" lon="3.5725985059516314">
    <ele>10.730000000000002</ele>
   </trkpt>
   <trkpt lat="50.813140000000004" lon="3.57147">
    <ele>11.53</ele>
   </trkpt>
   <trkpt lat="50.81304" lon="3.5715900000000005">
    <ele>11.240000000000002</ele>
   </trkpt>
   <trkpt lat="50.81282" lon="3.5720400000000003">
    <ele>11.21</ele>
   </trkpt>
   <trkpt lat="50.81275" lon="3.5723300000000004">
    <ele>11.21</ele>
   </trkpt>
   <trkpt lat="50.81250000000001" lon="3.57316">
    <ele>13.89</ele>
   </trkpt>
   <trkpt lat="50.81222500438887" lon="3.5741700058394352">
    <ele>19.53</ele>
   </trkpt>
   <trkpt lat="50.81195" lon="3.5751800000000005">
    <ele>31.160000000000004</ele>
   </trkpt>
   <trkpt lat="50.81161500558726" lon="3.5763200080638264">
    <ele>47.34</ele>
   </trkpt>
   <trkpt lat="50.811280000000004" lon="3.5774600000000003">
    <ele>60.410000000000004</ele>
   </trkpt>
   <trkpt lat="50.81114" lon="3.5782700000000003">
    <ele>66.51</ele>
   </trkpt>
   <trkpt lat="50.81096500226622" lon="3.579000002782123">
    <ele>73.2</ele>
   </trkpt>
   <trkpt lat="50.810790000000004" lon="3.57973">
    <ele>74.83000000000001</ele>
   </trkpt>
   <trkpt lat="50.81067" lon="3.5805900000000004">
    <ele>76.15</ele>
   </trkpt>
   <trkpt lat="50.8106250021994" lon="3.5813100009521324">
    <ele>76.30000000000001</ele>
   </trkpt>
   <trkpt lat="50.81058" lon="3.5820300000000005">
    <ele>76.23</ele>
   </trkpt>
   <trkpt lat="50.810550000000006" lon="3.5827600000000004">
    <ele>76.19000000000001</ele>
   </trkpt>
   <trkpt lat="50.810555002633215" lon="3.5835449998432125">
    <ele>75.69000000000001</ele>
   </trkpt>
   <trkpt lat="50.81056" lon="3.5843300000000005">
    <ele>74.46000000000001</ele>
   </trkpt>
   <trkpt lat="50.810610000000004" lon="3.5856500000000002">
    <ele>72.62</ele>
   </trkpt>
   <trkpt lat="50.810600002534066" lon="3.586420000158833">
    <ele>71.74000000000001</ele>
   </trkpt>
   <trkpt lat="50.810590000000005" lon="3.58719">
    <ele>72.25000000000001</ele>
   </trkpt>
   <trkpt lat="50.81066667459658" lon="3.588153330139876">
    <ele>73.86000000000001</ele>
   </trkpt>
   <trkpt lat="50.81074334126078" lon="3.5891166634421077">
    <ele>75.1</ele>
   </trkpt>
   <trkpt lat="50.81082000000001" lon="3.5900800000000004">
    <ele>75.76</ele>
   </trkpt>
   <trkpt lat="50.810990000000004" lon="3.59099">
    <ele>76.74</ele>
   </trkpt>
   <trkpt lat="50.81103" lon="3.5912800000000002">
    <ele>76.84</ele>
   </trkpt>
   <trkpt lat="50.81105" lon="3.5915200000000005">
    <ele>76.84</ele>
   </trkpt>
   <trkpt lat="50.81103" lon="3.5923700000000003">
    <ele>76.63</ele>
   </trkpt>
   <trkpt lat="50.81105" lon="3.59275">
    <ele>76.08000000000001</ele>
   </trkpt>
   <trkpt lat="50.811130000000006" lon="3.5933300000000004">
    <ele>75.54</ele>
   </trkpt>
   <trkpt lat="50.81123" lon="3.5936900000000005">
    <ele>75.1</ele>
   </trkpt>
   <trkpt lat="50.811420000000005" lon="3.5939900000000002">
    <ele>75.11000000000001</ele>
   </trkpt>
   <trkpt lat="50.81172500159784" lon="3.5945749964395017">
    <ele>75.01</ele>
   </trkpt>
   <trkpt lat="50.81203000000001" lon="3.5951600000000004">
    <ele>73.78000000000002</ele>
   </trkpt>
   <trkpt lat="50.81215" lon="3.59533">
    <ele>73.19</ele>
   </trkpt>
   <trkpt lat="50.81246" lon="3.59568">
    <ele>71.28000000000002</ele>
   </trkpt>
   <trkpt lat="50.81266" lon="3.5959700000000003">
    <ele>68.93</ele>
   </trkpt>
   <trkpt lat="50.812920000000005" lon="3.59655">
    <ele>66.25</ele>
   </trkpt>
   <trkpt lat="50.813320000000004" lon="3.5970500000000003">
    <ele>62.400000000000006</ele>
   </trkpt>
   <trkpt lat="50.813410000000005" lon="3.5972000000000004">
    <ele>61.93000000000001</ele>
   </trkpt>
   <trkpt lat="50.81378" lon="3.59797">
    <ele>58.67000000000001</ele>
   </trkpt>
   <trkpt lat="50.81385" lon="3.5980900000000005">
    <ele>57.27</ele>
   </trkpt>
   <trkpt lat="50.813970000000005" lon="3.5982100000000004">
    <ele>56.61000000000001</ele>
   </trkpt>
   <trkpt lat="50.81425" lon="3.59838">
    <ele>54.46</ele>
   </trkpt>
   <trkpt lat="50.81438000000001" lon="3.59844">
    <ele>53.2</ele>
   </trkpt>
   <trkpt lat="50.814460000000004" lon="3.5984300000000005">
    <ele>53.2</ele>
   </trkpt>
   <trkpt lat="50.81477" lon="3.59817">
    <ele>51.78000000000001</ele>
   </trkpt>
   <trkpt lat="50.815020000000004" lon="3.5980600000000003">
    <ele>50.53</ele>
   </trkpt>
   <trkpt lat="50.81514000000001" lon="3.5980300000000005">
    <ele>49.78</ele>
   </trkpt>
   <trkpt lat="50.81521000000001" lon="3.59805">
    <ele>49.160000000000004</ele>
   </trkpt>
   <trkpt lat="50.81542" lon="3.5982300000000005">
    <ele>47.11000000000001</ele>
   </trkpt>
   <trkpt lat="50.81577000000001" lon="3.5984800000000003">
    <ele>44.11</ele>
   </trkpt>
   <trkpt lat="50.816010000000006" lon="3.5986200000000004">
    <ele>36.120000000000005</ele>
   </trkpt>
   <trkpt lat="50.816210000000005" lon="3.5987000000000005">
    <ele>36.120000000000005</ele>
   </trkpt>
   <trkpt lat="50.816340000000004" lon="3.59873">
    <ele>36.120000000000005</ele>
   </trkpt>
   <trkpt lat="50.81654" lon="3.5987500000000003">
    <ele>34.14</ele>
   </trkpt>
   <trkpt lat="50.817370000000004" lon="3.59873">
    <ele>26.78</ele>
   </trkpt>
   <trkpt lat="50.817600000000006" lon="3.5987600000000004">
    <ele>26.1</ele>
   </trkpt>
   <trkpt lat="50.81805000000001" lon="3.5990100000000003">
    <ele>25.380000000000003</ele>
   </trkpt>
   <trkpt lat="50.818090000000005" lon="3.5990100000000003">
    <ele>25.380000000000003</ele>
   </trkpt>
   <trkpt lat="50.818200000000004" lon="3.5989000000000004">
    <ele>25.030000000000005</ele>
   </trkpt>
   <trkpt lat="50.81850000000001" lon="3.5984700000000003">
    <ele>23.080000000000002</ele>
   </trkpt>
   <trkpt lat="50.81866" lon="3.5983400000000003">
    <ele>22.400000000000002</ele>
   </trkpt>
   <trkpt lat="50.818830000000005" lon="3.59825">
    <ele>21.970000000000002</ele>
   </trkpt>
   <trkpt lat="50.81904" lon="3.59817">
    <ele>21.41</ele>
   </trkpt>
   <trkpt lat="50.819160000000004" lon="3.59824">
    <ele>21.39</ele>
   </trkpt>
   <trkpt lat="50.81972500275791" lon="3.599044990243611">
    <ele>18.18</ele>
   </trkpt>
   <trkpt lat="50.82029000000001" lon="3.5998500000000004">
    <ele>16.12</ele>
   </trkpt>
   <trkpt lat="50.82056000000001" lon="3.60027">
    <ele>15.75</ele>
   </trkpt>
   <trkpt lat="50.820640000000004" lon="3.6004400000000003">
    <ele>15.150000000000002</ele>
   </trkpt>
   <trkpt lat="50.8209" lon="3.6011300000000004">
    <ele>14.640000000000002</ele>
   </trkpt>
   <trkpt lat="50.821000000000005" lon="3.6013200000000003">
    <ele>14.49</ele>
   </trkpt>
   <trkpt lat="50.821580000000004" lon="3.6020300000000005">
    <ele>13.56</ele>
   </trkpt>
   <trkpt lat="50.82173" lon="3.60225">
    <ele>13.510000000000002</ele>
   </trkpt>
   <trkpt lat="50.822070000000004" lon="3.6029400000000003">
    <ele>13.38</ele>
   </trkpt>
   <trkpt lat="50.822390000000006" lon="3.6035100000000004">
    <ele>14.690000000000001</ele>
   </trkpt>
   <trkpt lat="50.822410000000005" lon="3.60367">
    <ele>14.690000000000001</ele>
   </trkpt>
   <trkpt lat="50.82242" lon="3.60387">
    <ele>15.030000000000001</ele>
   </trkpt>
   <trkpt lat="50.823130000000006" lon="3.60388">
    <ele>14.600000000000001</ele>
   </trkpt>
   <trkpt lat="50.82316" lon="3.6039900000000005">
    <ele>14.600000000000001</ele>
   </trkpt>
   <trkpt lat="50.823220000000006" lon="3.6040400000000004">
    <ele>14.38</ele>
   </trkpt>
   <trkpt lat="50.823260000000005" lon="3.6041200000000004">
    <ele>14.38</ele>
   </trkpt>
   <trkpt lat="50.823310000000006" lon="3.6041200000000004">
    <ele>14.38</ele>
   </trkpt>
   <trkpt lat="50.82334" lon="3.6045100000000003">
    <ele>14.06</ele>
   </trkpt>
   <trkpt lat="50.82304000673485" lon="3.6057650080470007">
    <ele>14.17</ele>
   </trkpt>
   <trkpt lat="50.82274" lon="3.6070200000000003">
    <ele>14.620000000000001</ele>
   </trkpt>
   <trkpt lat="50.82247000180401" lon="3.60767000376244">
    <ele>14.66</ele>
   </trkpt>
   <trkpt lat="50.8222" lon="3.6083200000000004">
    <ele>15.160000000000002</ele>
   </trkpt>
   <trkpt lat="50.82191501386054" lon="3.609360019066498">
    <ele>16.28</ele>
   </trkpt>
   <trkpt lat="50.82163001847634" lon="3.6104000254375075">
    <ele>17.560000000000002</ele>
   </trkpt>
   <trkpt lat="50.82134501384767" lon="3.6114400191129032">
    <ele>19.33</ele>
   </trkpt>
   <trkpt lat="50.82106" lon="3.61248">
    <ele>19.91</ele>
   </trkpt>
   <trkpt lat="50.821020000000004" lon="3.6129300000000004">
    <ele>20.26</ele>
   </trkpt>
   <trkpt lat="50.82105000000001" lon="3.61322">
    <ele>20.540000000000003</ele>
   </trkpt>
   <trkpt lat="50.82114000000001" lon="3.6137400000000004">
    <ele>20.560000000000002</ele>
   </trkpt>
   <trkpt lat="50.82114000000001" lon="3.61417">
    <ele>20.87</ele>
   </trkpt>
   <trkpt lat="50.82108" lon="3.6145600000000004">
    <ele>21.01</ele>
   </trkpt>
   <trkpt lat="50.82101" lon="3.6147500000000004">
    <ele>21.52</ele>
   </trkpt>
   <trkpt lat="50.820710000000005" lon="3.6154100000000002">
    <ele>22.02</ele>
   </trkpt>
   <trkpt lat="50.82047000000001" lon="3.61586">
    <ele>22.480000000000004</ele>
   </trkpt>
   <trkpt lat="50.820150000000005" lon="3.6163300000000005">
    <ele>22.650000000000002</ele>
   </trkpt>
   <trkpt lat="50.819497507097026" lon="3.6170750312513245">
    <ele>22.79</ele>
   </trkpt>
   <trkpt lat="50.81884500944988" lon="3.6178200416822848">
    <ele>22.930000000000003</ele>
   </trkpt>
   <trkpt lat="50.81819250705878" lon="3.618565031293797">
    <ele>22.61</ele>
   </trkpt>
   <trkpt lat="50.81754" lon="3.6193100000000005">
    <ele>21.23</ele>
   </trkpt>
   <trkpt lat="50.817330000000005" lon="3.61961">
    <ele>21.27</ele>
   </trkpt>
   <trkpt lat="50.81720000000001" lon="3.61988">
    <ele>20.43</ele>
   </trkpt>
   <trkpt lat="50.8171" lon="3.62014">
    <ele>20.060000000000002</ele>
   </trkpt>
   <trkpt lat="50.81701" lon="3.6204600000000005">
    <ele>19.3</ele>
   </trkpt>
   <trkpt lat="50.81694" lon="3.62082">
    <ele>19.020000000000003</ele>
   </trkpt>
   <trkpt lat="50.81689" lon="3.6213100000000003">
    <ele>18.590000000000003</ele>
   </trkpt>
   <trkpt lat="50.81689" lon="3.6217900000000003">
    <ele>18.54</ele>
   </trkpt>
   <trkpt lat="50.81692" lon="3.6223">
    <ele>19.07</ele>
   </trkpt>
   <trkpt lat="50.816810000000004" lon="3.6223400000000003">
    <ele>19.06</ele>
   </trkpt>
   <trkpt lat="50.816720000000004" lon="3.6224200000000004">
    <ele>19.15</ele>
   </trkpt>
   <trkpt lat="50.81636500135865" lon="3.622980004227723">
    <ele>19.880000000000003</ele>
   </trkpt>
   <trkpt lat="50.816010000000006" lon="3.62354">
    <ele>21.120000000000005</ele>
   </trkpt>
   <trkpt lat="50.815690000000004" lon="3.6239600000000003">
    <ele>22.38</ele>
   </trkpt>
   <trkpt lat="50.815540000000006" lon="3.62414">
    <ele>22.88</ele>
   </trkpt>
   <trkpt lat="50.81479000211391" lon="3.6248350111146044">
    <ele>25.36</ele>
   </trkpt>
   <trkpt lat="50.814040000000006" lon="3.6255300000000004">
    <ele>27.57</ele>
   </trkpt>
   <trkpt lat="50.813930000000006" lon="3.6256600000000003">
    <ele>27.57</ele>
   </trkpt>
   <trkpt lat="50.81356" lon="3.6260200000000005">
    <ele>27.900000000000002</ele>
   </trkpt>
   <trkpt lat="50.81288000000001" lon="3.62651">
    <ele>27.64</ele>
   </trkpt>
   <trkpt lat="50.81275" lon="3.62659">
    <ele>27.55</ele>
   </trkpt>
   <trkpt lat="50.812580000000004" lon="3.62665">
    <ele>27.53</ele>
   </trkpt>
   <trkpt lat="50.81251" lon="3.6266300000000005">
    <ele>27.53</ele>
   </trkpt>
   <trkpt lat="50.81235" lon="3.62651">
    <ele>27.76</ele>
   </trkpt>
   <trkpt lat="50.81215" lon="3.6262900000000005">
    <ele>28.090000000000003</ele>
   </trkpt>
   <trkpt lat="50.811800000000005" lon="3.6256800000000005">
    <ele>29.26</ele>
   </trkpt>
   <trkpt lat="50.81161" lon="3.6254100000000005">
    <ele>30.01</ele>
   </trkpt>
   <trkpt lat="50.811180001073225" lon="3.6249099954027204">
    <ele>30.330000000000002</ele>
   </trkpt>
   <trkpt lat="50.810750000000006" lon="3.62441">
    <ele>30.890000000000004</ele>
   </trkpt>
   <trkpt lat="50.81063" lon="3.6243000000000003">
    <ele>30.92</ele>
   </trkpt>
   <trkpt lat="50.81053000000001" lon="3.6242400000000004">
    <ele>30.890000000000004</ele>
   </trkpt>
   <trkpt lat="50.809895000088574" lon="3.624104998167119">
    <ele>30.470000000000002</ele>
   </trkpt>
   <trkpt lat="50.80926" lon="3.6239700000000004">
    <ele>29.48</ele>
   </trkpt>
   <trkpt lat="50.80888" lon="3.6238300000000003">
    <ele>29.650000000000002</ele>
   </trkpt>
   <trkpt lat="50.808640000000004" lon="3.6237200000000005">
    <ele>29.86</ele>
   </trkpt>
   <trkpt lat="50.80799333457417" lon="3.623339989483545">
    <ele>31.22</ele>
   </trkpt>
   <trkpt lat="50.80734666791398" lon="3.6229599894875344">
    <ele>32.13</ele>
   </trkpt>
   <trkpt lat="50.806700000000006" lon="3.62258">
    <ele>32.260000000000005</ele>
   </trkpt>
   <trkpt lat="50.806245000287895" lon="3.6223249975221172">
    <ele>32.29</ele>
   </trkpt>
   <trkpt lat="50.80579" lon="3.6220700000000003">
    <ele>32.510000000000005</ele>
   </trkpt>
   <trkpt lat="50.80566" lon="3.6220200000000005">
    <ele>32.510000000000005</ele>
   </trkpt>
   <trkpt lat="50.80547000000001" lon="3.6219900000000003">
    <ele>32.480000000000004</ele>
   </trkpt>
   <trkpt lat="50.80499999984779" lon="3.6220300004159256">
    <ele>31.73</ele>
   </trkpt>
   <trkpt lat="50.80453000000001" lon="3.6220700000000003">
    <ele>31.17</ele>
   </trkpt>
   <trkpt lat="50.803770000009315" lon="3.6221650015489364">
    <ele>30.55</ele>
   </trkpt>
   <trkpt lat="50.80301000000001" lon="3.6222600000000003">
    <ele>30.63</ele>
   </trkpt>
   <trkpt lat="50.80284" lon="3.6222300000000005">
    <ele>30.750000000000004</ele>
   </trkpt>
   <trkpt lat="50.802640000000004" lon="3.62217">
    <ele>30.890000000000004</ele>
   </trkpt>
   <trkpt lat="50.80216" lon="3.6220100000000004">
    <ele>31.42</ele>
   </trkpt>
   <trkpt lat="50.80174" lon="3.6218500000000002">
    <ele>32.879999999999995</ele>
   </trkpt>
   <trkpt lat="50.801260000000006" lon="3.62163">
    <ele>33.370000000000005</ele>
   </trkpt>
   <trkpt lat="50.80057000000001" lon="3.6212800000000005">
    <ele>34.760000000000005</ele>
   </trkpt>
   <trkpt lat="50.800340000000006" lon="3.6211800000000003">
    <ele>34.080000000000005</ele>
   </trkpt>
   <trkpt lat="50.80013" lon="3.6211200000000003">
    <ele>33.830000000000005</ele>
   </trkpt>
   <trkpt lat="50.79944500002629" lon="3.6211174998901567">
    <ele>32.879999999999995</ele>
   </trkpt>
   <trkpt lat="50.79876000005251" lon="3.621114999853609">
    <ele>31.630000000000006</ele>
   </trkpt>
   <trkpt lat="50.7980750000787" lon="3.621112499890352">
    <ele>32.019999999999996</ele>
   </trkpt>
   <trkpt lat="50.79739000000001" lon="3.6211100000000003">
    <ele>33.57</ele>
   </trkpt>
   <trkpt lat="50.796780000000005" lon="3.6211300000000004">
    <ele>34.60000000000001</ele>
   </trkpt>
   <trkpt lat="50.796620000000004" lon="3.6212000000000004">
    <ele>33.78</ele>
   </trkpt>
   <trkpt lat="50.796490000000006" lon="3.6213100000000003">
    <ele>33.39</ele>
   </trkpt>
   <trkpt lat="50.7961" lon="3.6217500000000005">
    <ele>31.13</ele>
   </trkpt>
   <trkpt lat="50.795970000000004" lon="3.6219300000000003">
    <ele>30.660000000000004</ele>
   </trkpt>
   <trkpt lat="50.795750000000005" lon="3.62251">
    <ele>30.520000000000003</ele>
   </trkpt>
   <trkpt lat="50.795570000000005" lon="3.6227500000000004">
    <ele>31.1</ele>
   </trkpt>
   <trkpt lat="50.79543" lon="3.6228300000000004">
    <ele>31.43</ele>
   </trkpt>
   <trkpt lat="50.79531" lon="3.62286">
    <ele>32.35</ele>
   </trkpt>
   <trkpt lat="50.794814999971095" lon="3.6228700001065026">
    <ele>34.74</ele>
   </trkpt>
   <trkpt lat="50.794320000000006" lon="3.6228800000000003">
    <ele>36.18</ele>
   </trkpt>
   <trkpt lat="50.79412000000001" lon="3.62286">
    <ele>37.08</ele>
   </trkpt>
   <trkpt lat="50.79402" lon="3.6228300000000004">
    <ele>36.94</ele>
   </trkpt>
   <trkpt lat="50.79401000000001" lon="3.6228700000000003">
    <ele>36.94</ele>
   </trkpt>
   <trkpt lat="50.79406" lon="3.62305">
    <ele>36.31</ele>
   </trkpt>
   <trkpt lat="50.794450000000005" lon="3.6237100000000004">
    <ele>32.46</ele>
   </trkpt>
   <trkpt lat="50.794810000000005" lon="3.6246400000000003">
    <ele>30.560000000000002</ele>
   </trkpt>
   <trkpt lat="50.794850000000004" lon="3.6247900000000004">
    <ele>30.45</ele>
   </trkpt>
   <trkpt lat="50.79487" lon="3.6249000000000002">
    <ele>30.36</ele>
   </trkpt>
   <trkpt lat="50.79486000000001" lon="3.62503">
    <ele>30.320000000000004</ele>
   </trkpt>
   <trkpt lat="50.79467" lon="3.62638">
    <ele>32.74</ele>
   </trkpt>
   <trkpt lat="50.79467" lon="3.6265500000000004">
    <ele>33.04</ele>
   </trkpt>
   <trkpt lat="50.79511" lon="3.6277500000000003">
    <ele>40.730000000000004</ele>
   </trkpt>
   <trkpt lat="50.79515000000001" lon="3.6278500000000005">
    <ele>41.650000000000006</ele>
   </trkpt>
   <trkpt lat="50.795210000000004" lon="3.6279000000000003">
    <ele>41.650000000000006</ele>
   </trkpt>
   <trkpt lat="50.79533000000001" lon="3.6285800000000004">
    <ele>50.11</ele>
   </trkpt>
   <trkpt lat="50.79543" lon="3.62903">
    <ele>55.7</ele>
   </trkpt>
   <trkpt lat="50.795770000000005" lon="3.6302700000000003">
    <ele>68.35000000000001</ele>
   </trkpt>
   <trkpt lat="50.795840000000005" lon="3.6307500000000004">
    <ele>70.42000000000002</ele>
   </trkpt>
   <trkpt lat="50.795910000000006" lon="3.6317500000000003">
    <ele>74.54</ele>
   </trkpt>
   <trkpt lat="50.79584000369122" lon="3.6326800014681315">
    <ele>76.85</ele>
   </trkpt>
   <trkpt lat="50.795770000000005" lon="3.6336100000000005">
    <ele>77.55000000000001</ele>
   </trkpt>
   <trkpt lat="50.79572" lon="3.63417">
    <ele>77.30000000000001</ele>
   </trkpt>
   <trkpt lat="50.795680000000004" lon="3.6350700000000002">
    <ele>77.88000000000001</ele>
   </trkpt>
   <trkpt lat="50.79571000000001" lon="3.6352900000000004">
    <ele>78.32</ele>
   </trkpt>
   <trkpt lat="50.79556" lon="3.63546">
    <ele>78.29</ele>
   </trkpt>
   <trkpt lat="50.79549" lon="3.6356800000000002">
    <ele>78.09</ele>
   </trkpt>
   <trkpt lat="50.79547" lon="3.6360300000000003">
    <ele>78.19000000000001</ele>
   </trkpt>
   <trkpt lat="50.79571000000001" lon="3.6369200000000004">
    <ele>79.56</ele>
   </trkpt>
   <trkpt lat="50.795700000000004" lon="3.63715">
    <ele>79.59</ele>
   </trkpt>
   <trkpt lat="50.79558" lon="3.6375100000000002">
    <ele>79.21000000000001</ele>
   </trkpt>
   <trkpt lat="50.795550000000006" lon="3.6376600000000003">
    <ele>79.08000000000001</ele>
   </trkpt>
   <trkpt lat="50.79554" lon="3.6377800000000002">
    <ele>79.01</ele>
   </trkpt>
   <trkpt lat="50.79558" lon="3.6385300000000003">
    <ele>79.67</ele>
   </trkpt>
   <trkpt lat="50.795480000000005" lon="3.6392900000000004">
    <ele>80.44000000000001</ele>
   </trkpt>
   <trkpt lat="50.795590002954704" lon="3.640119998122858">
    <ele>81.97</ele>
   </trkpt>
   <trkpt lat="50.795700000000004" lon="3.64095">
    <ele>84.10000000000001</ele>
   </trkpt>
   <trkpt lat="50.795570000000005" lon="3.6418200000000005">
    <ele>85.54</ele>
   </trkpt>
   <trkpt lat="50.79551000000001" lon="3.6419300000000003">
    <ele>85.66000000000001</ele>
   </trkpt>
   <trkpt lat="50.795280000000005" lon="3.6421">
    <ele>85.73</ele>
   </trkpt>
   <trkpt lat="50.795285003423565" lon="3.6429949998513957">
    <ele>86.49000000000001</ele>
   </trkpt>
   <trkpt lat="50.79529" lon="3.6438900000000003">
    <ele>88.4</ele>
   </trkpt>
   <trkpt lat="50.795170000000006" lon="3.6439600000000003">
    <ele>89.06000000000002</ele>
   </trkpt>
   <trkpt lat="50.794650000000004" lon="3.6441600000000003">
    <ele>89.82000000000001</ele>
   </trkpt>
   <trkpt lat="50.794340000000005" lon="3.6443700000000003">
    <ele>90.17000000000002</ele>
   </trkpt>
   <trkpt lat="50.79383000000001" lon="3.6448600000000004">
    <ele>90.16</ele>
   </trkpt>
   <trkpt lat="50.79332" lon="3.6455500000000005">
    <ele>87.13000000000001</ele>
   </trkpt>
   <trkpt lat="50.79312" lon="3.6457800000000002">
    <ele>85.26</ele>
   </trkpt>
   <trkpt lat="50.7926500005533" lon="3.6461900042668076">
    <ele>81.73</ele>
   </trkpt>
   <trkpt lat="50.79218" lon="3.6466000000000003">
    <ele>78.06</ele>
   </trkpt>
   <trkpt lat="50.791650000000004" lon="3.6470200000000004">
    <ele>72.08</ele>
   </trkpt>
   <trkpt lat="50.791500000000006" lon="3.64718">
    <ele>69.29</ele>
   </trkpt>
   <trkpt lat="50.79095" lon="3.64813">
    <ele>61.93000000000001</ele>
   </trkpt>
   <trkpt lat="50.79036000000001" lon="3.6490700000000005">
    <ele>56.440000000000005</ele>
   </trkpt>
   <trkpt lat="50.79008" lon="3.6498800000000005">
    <ele>55.17</ele>
   </trkpt>
   <trkpt lat="50.78994" lon="3.6504900000000005">
    <ele>55.540000000000006</ele>
   </trkpt>
   <trkpt lat="50.78989000000001" lon="3.6506000000000003">
    <ele>55.63</ele>
   </trkpt>
   <trkpt lat="50.78980000000001" lon="3.6506800000000004">
    <ele>55.63</ele>
   </trkpt>
   <trkpt lat="50.78936000016223" lon="3.650830001389334">
    <ele>55.99</ele>
   </trkpt>
   <trkpt lat="50.788920000000005" lon="3.65098">
    <ele>56.940000000000005</ele>
   </trkpt>
   <trkpt lat="50.7886" lon="3.65112">
    <ele>57.49</ele>
   </trkpt>
   <trkpt lat="50.78815000032605" lon="3.6514000027008904">
    <ele>59.0</ele>
   </trkpt>
   <trkpt lat="50.7877" lon="3.6516800000000003">
    <ele>62.120000000000005</ele>
   </trkpt>
   <trkpt lat="50.787090000000006" lon="3.6521100000000004">
    <ele>63.24</ele>
   </trkpt>
   <trkpt lat="50.786410000000004" lon="3.6527100000000003">
    <ele>58.410000000000004</ele>
   </trkpt>
   <trkpt lat="50.786170000000006" lon="3.65296">
    <ele>56.63</ele>
   </trkpt>
   <trkpt lat="50.78587" lon="3.6533200000000003">
    <ele>53.82000000000001</ele>
   </trkpt>
   <trkpt lat="50.78548000000001" lon="3.6539400000000004">
    <ele>50.38</ele>
   </trkpt>
   <trkpt lat="50.7852" lon="3.65431">
    <ele>49.010000000000005</ele>
   </trkpt>
   <trkpt lat="50.78490000000001" lon="3.6545900000000002">
    <ele>46.760000000000005</ele>
   </trkpt>
   <trkpt lat="50.784740000000006" lon="3.6546800000000004">
    <ele>46.760000000000005</ele>
   </trkpt>
   <trkpt lat="50.784580000000005" lon="3.6548700000000003">
    <ele>45.62</ele>
   </trkpt>
   <trkpt lat="50.78446" lon="3.65505">
    <ele>45.12</ele>
   </trkpt>
   <trkpt lat="50.78414" lon="3.65573">
    <ele>45.50000000000001</ele>
   </trkpt>
   <trkpt lat="50.784000000000006" lon="3.6559500000000003">
    <ele>46.82</ele>
   </trkpt>
   <trkpt lat="50.783370000000005" lon="3.65681">
    <ele>53.550000000000004</ele>
   </trkpt>
   <trkpt lat="50.78327" lon="3.6568400000000003">
    <ele>59.77</ele>
   </trkpt>
   <trkpt lat="50.7832" lon="3.6568300000000002">
    <ele>59.77</ele>
   </trkpt>
   <trkpt lat="50.78305" lon="3.6567300000000005">
    <ele>59.77</ele>
   </trkpt>
   <trkpt lat="50.782740000000004" lon="3.6564300000000003">
    <ele>64.27000000000001</ele>
   </trkpt>
   <trkpt lat="50.782680000000006" lon="3.6563900000000005">
    <ele>64.27000000000001</ele>
   </trkpt>
   <trkpt lat="50.782590000000006" lon="3.6563800000000004">
    <ele>65.57000000000001</ele>
   </trkpt>
   <trkpt lat="50.782540000000004" lon="3.6563900000000005">
    <ele>67.62</ele>
   </trkpt>
   <trkpt lat="50.78248000000001" lon="3.6564900000000002">
    <ele>68.25</ele>
   </trkpt>
   <trkpt lat="50.78238" lon="3.6570700000000005">
    <ele>72.31</ele>
   </trkpt>
   <trkpt lat="50.78233" lon="3.6572100000000005">
    <ele>73.16</ele>
   </trkpt>
   <trkpt lat="50.78228000000001" lon="3.6572600000000004">
    <ele>73.95</ele>
   </trkpt>
   <trkpt lat="50.781865000740176" lon="3.6576350032025773">
    <ele>78.34</ele>
   </trkpt>
   <trkpt lat="50.78145000000001" lon="3.6580100000000004">
    <ele>83.96000000000001</ele>
   </trkpt>
   <trkpt lat="50.781270000000006" lon="3.6581400000000004">
    <ele>84.57000000000001</ele>
   </trkpt>
   <trkpt lat="50.78077500028289" lon="3.6584500033616694">
    <ele>87.69</ele>
   </trkpt>
   <trkpt lat="50.780280000000005" lon="3.6587600000000005">
    <ele>93.66000000000001</ele>
   </trkpt>
   <trkpt lat="50.77985" lon="3.65899">
    <ele>97.03</ele>
   </trkpt>
   <trkpt lat="50.77955000000001" lon="3.65918">
    <ele>98.16000000000001</ele>
   </trkpt>
   <trkpt lat="50.778810002243446" lon="3.659910011585642">
    <ele>100.37000000000002</ele>
   </trkpt>
   <trkpt lat="50.77807000000001" lon="3.6606400000000003">
    <ele>101.71000000000001</ele>
   </trkpt>
   <trkpt lat="50.777910000000006" lon="3.6608700000000005">
    <ele>101.91000000000001</ele>
   </trkpt>
   <trkpt lat="50.7775" lon="3.6617">
    <ele>103.62</ele>
   </trkpt>
   <trkpt lat="50.777330000000006" lon="3.6619900000000003">
    <ele>104.66</ele>
   </trkpt>
   <trkpt lat="50.77679500211519" lon="3.6627100083722337">
    <ele>108.98</ele>
   </trkpt>
   <trkpt lat="50.77626" lon="3.6634300000000004">
    <ele>113.16000000000001</ele>
   </trkpt>
   <trkpt lat="50.77547000106522" lon="3.6629099911569076">
    <ele>116.14</ele>
   </trkpt>
   <trkpt lat="50.774680000000004" lon="3.6623900000000003">
    <ele>117.02000000000001</ele>
   </trkpt>
   <trkpt lat="50.773936668564744" lon="3.6619233185230518">
    <ele>117.01</ele>
   </trkpt>
   <trkpt lat="50.77319333526739" lon="3.6614566518792793">
    <ele>116.51000000000002</ele>
   </trkpt>
   <trkpt lat="50.772450000000006" lon="3.6609900000000004">
    <ele>114.80000000000001</ele>
   </trkpt>
   <trkpt lat="50.7721" lon="3.6607300000000005">
    <ele>114.33000000000001</ele>
   </trkpt>
   <trkpt lat="50.772020000000005" lon="3.6606500000000004">
    <ele>113.83000000000001</ele>
   </trkpt>
   <trkpt lat="50.771910000000005" lon="3.6603900000000005">
    <ele>113.35000000000001</ele>
   </trkpt>
   <trkpt lat="50.771890000000006" lon="3.66021">
    <ele>112.94000000000001</ele>
   </trkpt>
   <trkpt lat="50.771801476414446" lon="3.658844270203691">
    <ele>110.81</ele>
   </trkpt>
   <trkpt lat="50.771712936881116" lon="3.657478545577097">
    <ele>107.36000000000001</ele>
   </trkpt>
   <trkpt lat="50.77162438140009" lon="3.6561128261211113">
    <ele>103.81000000000002</ele>
   </trkpt>
   <trkpt lat="50.77153580997148" lon="3.6547471118366297">
    <ele>104.9</ele>
   </trkpt>
   <trkpt lat="50.77144722259544" lon="3.653381402724547">
    <ele>103.8</ele>
   </trkpt>
   <trkpt lat="50.77135861927203" lon="3.6520156987857595">
    <ele>100.01</ele>
   </trkpt>
   <trkpt lat="50.77127" lon="3.65065">
    <ele>96.89</ele>
   </trkpt>
   <trkpt lat="50.77119500444623" lon="3.6496299983431495">
    <ele>94.56</ele>
   </trkpt>
   <trkpt lat="50.77112" lon="3.64861">
    <ele>94.95</ele>
   </trkpt>
   <trkpt lat="50.77111000000001" lon="3.64835">
    <ele>95.38000000000001</ele>
   </trkpt>
   <trkpt lat="50.77114" lon="3.6480300000000003">
    <ele>96.07000000000001</ele>
   </trkpt>
   <trkpt lat="50.77134334139672" lon="3.6470600083443574">
    <ele>100.19</ele>
   </trkpt>
   <trkpt lat="50.77154667474868" lon="3.646090008255671">
    <ele>103.96000000000001</ele>
   </trkpt>
   <trkpt lat="50.771750000000004" lon="3.6451200000000004">
    <ele>107.18</ele>
   </trkpt>
   <trkpt lat="50.771820000000005" lon="3.6447100000000003">
    <ele>107.54</ele>
   </trkpt>
   <trkpt lat="50.771800000000006" lon="3.6443800000000004">
    <ele>107.39000000000001</ele>
   </trkpt>
   <trkpt lat="50.77157334057041" lon="3.6434599910847942">
    <ele>103.85000000000001</ele>
   </trkpt>
   <trkpt lat="50.77134667390393" lon="3.6425399910856173">
    <ele>101.62</ele>
   </trkpt>
   <trkpt lat="50.77112" lon="3.64162">
    <ele>98.85000000000001</ele>
   </trkpt>
   <trkpt lat="50.771060000000006" lon="3.6410400000000003">
    <ele>95.94000000000001</ele>
   </trkpt>
   <trkpt lat="50.77107" lon="3.6408500000000004">
    <ele>95.94000000000001</ele>
   </trkpt>
   <trkpt lat="50.77112" lon="3.64055">
    <ele>95.52000000000001</ele>
   </trkpt>
   <trkpt lat="50.771350000000005" lon="3.63952">
    <ele>93.92</ele>
   </trkpt>
   <trkpt lat="50.77138" lon="3.6393100000000005">
    <ele>94.06</ele>
   </trkpt>
   <trkpt lat="50.77138" lon="3.6392100000000003">
    <ele>94.06</ele>
   </trkpt>
   <trkpt lat="50.77125252011857" lon="3.6379574897467575">
    <ele>92.6</ele>
   </trkpt>
   <trkpt lat="50.77112502682386" lon="3.636704986320682">
    <ele>91.96000000000001</ele>
   </trkpt>
   <trkpt lat="50.77099752011602" lon="3.635452489722422">
    <ele>91.62</ele>
   </trkpt>
   <trkpt lat="50.77087" lon="3.6342000000000003">
    <ele>91.57000000000001</ele>
   </trkpt>
   <trkpt lat="50.77074668133822" lon="3.6328899930768017">
    <ele>91.98</ele>
   </trkpt>
   <trkpt lat="50.77062334800338" lon="3.6315799930610115">
    <ele>92.31</ele>
   </trkpt>
   <trkpt lat="50.770500000000006" lon="3.6302700000000003">
    <ele>92.14000000000001</ele>
   </trkpt>
   <trkpt lat="50.770430000000005" lon="3.6299">
    <ele>91.54</ele>
   </trkpt>
   <trkpt lat="50.770165019237474" lon="3.6286749791413864">
    <ele>91.2</ele>
   </trkpt>
   <trkpt lat="50.769900025643956" lon="3.6274499721613505">
    <ele>91.79</ele>
   </trkpt>
   <trkpt lat="50.76963501921974" lon="3.6262249790602756">
    <ele>92.71</ele>
   </trkpt>
   <trkpt lat="50.76937" lon="3.6250000000000004">
    <ele>93.93</ele>
   </trkpt>
   <trkpt lat="50.7691" lon="3.62408">
    <ele>92.99</ele>
   </trkpt>
   <trkpt lat="50.769000000000005" lon="3.6238200000000003">
    <ele>92.19000000000001</ele>
   </trkpt>
   <trkpt lat="50.768745003247304" lon="3.6229499952967417">
    <ele>90.63</ele>
   </trkpt>
   <trkpt lat="50.76849000000001" lon="3.6220800000000004">
    <ele>89.63</ele>
   </trkpt>
   <trkpt lat="50.76840000000001" lon="3.6218600000000003">
    <ele>89.57000000000001</ele>
   </trkpt>
   <trkpt lat="50.76807" lon="3.6212600000000004">
    <ele>90.08000000000001</ele>
   </trkpt>
   <trkpt lat="50.76776" lon="3.6207900000000004">
    <ele>90.68</ele>
   </trkpt>
   <trkpt lat="50.76756" lon="3.62034">
    <ele>91.62</ele>
   </trkpt>
   <trkpt lat="50.76727" lon="3.6194800000000003">
    <ele>93.66000000000001</ele>
   </trkpt>
   <trkpt lat="50.76691" lon="3.61852">
    <ele>97.19000000000001</ele>
   </trkpt>
   <trkpt lat="50.76682" lon="3.6182600000000003">
    <ele>97.86</ele>
   </trkpt>
   <trkpt lat="50.766690000000004" lon="3.6176800000000005">
    <ele>98.78</ele>
   </trkpt>
   <trkpt lat="50.76666" lon="3.6169900000000004">
    <ele>100.27000000000001</ele>
   </trkpt>
   <trkpt lat="50.76667000467098" lon="3.6159449999791247">
    <ele>101.01</ele>
   </trkpt>
   <trkpt lat="50.76668" lon="3.6149000000000004">
    <ele>102.23</ele>
   </trkpt>
   <trkpt lat="50.76663667651829" lon="3.613826664706124">
    <ele>104.77</ele>
   </trkpt>
   <trkpt lat="50.766593343186045" lon="3.6127533314003193">
    <ele>106.13</ele>
   </trkpt>
   <trkpt lat="50.76655" lon="3.6116800000000002">
    <ele>110.00000000000001</ele>
   </trkpt>
   <trkpt lat="50.76652000000001" lon="3.6112900000000003">
    <ele>110.36000000000001</ele>
   </trkpt>
   <trkpt lat="50.76631000533313" lon="3.610174995091088">
    <ele>109.68</ele>
   </trkpt>
   <trkpt lat="50.7661" lon="3.6090600000000004">
    <ele>108.49</ele>
   </trkpt>
   <trkpt lat="50.766070000000006" lon="3.6086000000000005">
    <ele>108.52</ele>
   </trkpt>
   <trkpt lat="50.766090000000005" lon="3.6075600000000003">
    <ele>108.79</ele>
   </trkpt>
   <trkpt lat="50.76615500255619" lon="3.6067850012152736">
    <ele>108.47000000000001</ele>
   </trkpt>
   <trkpt lat="50.766220000000004" lon="3.6060100000000004">
    <ele>107.92</ele>
   </trkpt>
   <trkpt lat="50.766290000000005" lon="3.60544">
    <ele>106.89000000000001</ele>
   </trkpt>
   <trkpt lat="50.766485001911725" lon="3.604775002699731">
    <ele>105.61000000000001</ele>
   </trkpt>
   <trkpt lat="50.76668" lon="3.6041100000000004">
    <ele>105.08</ele>
   </trkpt>
   <trkpt lat="50.76661000000001" lon="3.6040600000000005">
    <ele>104.95000000000002</ele>
   </trkpt>
   <trkpt lat="50.76655" lon="3.6040600000000005">
    <ele>104.95000000000002</ele>
   </trkpt>
   <trkpt lat="50.76639" lon="3.60421">
    <ele>104.61</ele>
   </trkpt>
   <trkpt lat="50.766160000000006" lon="3.6043600000000002">
    <ele>104.79</ele>
   </trkpt>
   <trkpt lat="50.76603" lon="3.6044000000000005">
    <ele>104.81000000000002</ele>
   </trkpt>
   <trkpt lat="50.76586" lon="3.6043800000000004">
    <ele>104.64000000000001</ele>
   </trkpt>
   <trkpt lat="50.76567000000001" lon="3.6043100000000003">
    <ele>104.15</ele>
   </trkpt>
   <trkpt lat="50.765230000295524" lon="3.6040349973964485">
    <ele>101.16000000000001</ele>
   </trkpt>
   <trkpt lat="50.764790000000005" lon="3.6037600000000003">
    <ele>99.01000000000002</ele>
   </trkpt>
   <trkpt lat="50.76435000000001" lon="3.6034">
    <ele>95.81</ele>
   </trkpt>
   <trkpt lat="50.76422" lon="3.6033100000000005">
    <ele>95.28</ele>
   </trkpt>
   <trkpt lat="50.76393" lon="3.6031700000000004">
    <ele>93.73</ele>
   </trkpt>
   <trkpt lat="50.76366" lon="3.60312">
    <ele>92.14000000000001</ele>
   </trkpt>
   <trkpt lat="50.76341000000001" lon="3.6031000000000004">
    <ele>91.64000000000001</ele>
   </trkpt>
   <trkpt lat="50.76319" lon="3.60312">
    <ele>90.22000000000001</ele>
   </trkpt>
   <trkpt lat="50.762375000213574" lon="3.6032850028542156">
    <ele>85.81000000000002</ele>
   </trkpt>
   <trkpt lat="50.76156" lon="3.6034500000000005">
    <ele>82.03</ele>
   </trkpt>
   <trkpt lat="50.761320000000005" lon="3.60353">
    <ele>80.47</ele>
   </trkpt>
   <trkpt lat="50.76048" lon="3.6039000000000003">
    <ele>76.67</ele>
   </trkpt>
   <trkpt lat="50.759690000000006" lon="3.6041900000000004">
    <ele>70.97</ele>
   </trkpt>
   <trkpt lat="50.75939" lon="3.6043300000000005">
    <ele>68.52000000000001</ele>
   </trkpt>
   <trkpt lat="50.758615000634286" lon="3.6047300066498726">
    <ele>61.050000000000004</ele>
   </trkpt>
   <trkpt lat="50.75784" lon="3.6051300000000004">
    <ele>56.870000000000005</ele>
   </trkpt>
   <trkpt lat="50.75753" lon="3.6052700000000004">
    <ele>55.99</ele>
   </trkpt>
   <trkpt lat="50.75735" lon="3.6053100000000002">
    <ele>55.67</ele>
   </trkpt>
   <trkpt lat="50.7569" lon="3.6052500000000003">
    <ele>55.02</ele>
   </trkpt>
   <trkpt lat="50.756910000000005" lon="3.6050400000000002">
    <ele>54.03</ele>
   </trkpt>
   <trkpt lat="50.756770003894545" lon="3.604089997401667">
    <ele>52.27</ele>
   </trkpt>
   <trkpt lat="50.75663" lon="3.6031400000000002">
    <ele>44.78</ele>
   </trkpt>
   <trkpt lat="50.75659" lon="3.6023400000000003">
    <ele>40.32</ele>
   </trkpt>
   <trkpt lat="50.75661" lon="3.6018000000000003">
    <ele>39.010000000000005</ele>
   </trkpt>
   <trkpt lat="50.756640000000004" lon="3.6015500000000005">
    <ele>39.370000000000005</ele>
   </trkpt>
   <trkpt lat="50.756690000000006" lon="3.6015400000000004">
    <ele>39.370000000000005</ele>
   </trkpt>
   <trkpt lat="50.756730000000005" lon="3.60149">
    <ele>39.53</ele>
   </trkpt>
   <trkpt lat="50.75674" lon="3.60136">
    <ele>39.53</ele>
   </trkpt>
   <trkpt lat="50.7567" lon="3.6012600000000003">
    <ele>39.540000000000006</ele>
   </trkpt>
   <trkpt lat="50.75665000000001" lon="3.60123">
    <ele>39.540000000000006</ele>
   </trkpt>
   <trkpt lat="50.75661" lon="3.60124">
    <ele>39.540000000000006</ele>
   </trkpt>
   <trkpt lat="50.75657" lon="3.6011300000000004">
    <ele>39.17</ele>
   </trkpt>
   <trkpt lat="50.75620500184824" lon="3.6004749949167985">
    <ele>38.91</ele>
   </trkpt>
   <trkpt lat="50.755840000000006" lon="3.5998200000000002">
    <ele>40.03</ele>
   </trkpt>
   <trkpt lat="50.755770000000005" lon="3.5998">
    <ele>40.03</ele>
   </trkpt>
   <trkpt lat="50.755700000000004" lon="3.5998200000000002">
    <ele>40.03</ele>
   </trkpt>
   <trkpt lat="50.75555000000001" lon="3.59993">
    <ele>40.0</ele>
   </trkpt>
   <trkpt lat="50.75526000000001" lon="3.59995">
    <ele>39.82</ele>
   </trkpt>
   <trkpt lat="50.755250000000004" lon="3.6000600000000005">
    <ele>39.82</ele>
   </trkpt>
   <trkpt lat="50.755190000000006" lon="3.6001300000000005">
    <ele>39.720000000000006</ele>
   </trkpt>
   <trkpt lat="50.755050000000004" lon="3.6002500000000004">
    <ele>39.43</ele>
   </trkpt>
   <trkpt lat="50.75497000000001" lon="3.60015">
    <ele>39.31</ele>
   </trkpt>
   <trkpt lat="50.75417333551212" lon="3.6006600173901453">
    <ele>37.25000000000001</ele>
   </trkpt>
   <trkpt lat="50.7533766688" lon="3.601170017418867">
    <ele>36.160000000000004</ele>
   </trkpt>
   <trkpt lat="50.75258" lon="3.6016800000000004">
    <ele>33.910000000000004</ele>
   </trkpt>
   <trkpt lat="50.7518550009116" lon="3.6021400071202696">
    <ele>32.220000000000006</ele>
   </trkpt>
   <trkpt lat="50.75113" lon="3.6026000000000002">
    <ele>31.89</ele>
   </trkpt>
   <trkpt lat="50.751000000000005" lon="3.6027000000000005">
    <ele>31.92</ele>
   </trkpt>
   <trkpt lat="50.75065000000001" lon="3.6029500000000003">
    <ele>31.700000000000006</ele>
   </trkpt>
   <trkpt lat="50.75036000000001" lon="3.6024100000000003">
    <ele>31.160000000000004</ele>
   </trkpt>
   <trkpt lat="50.75002000183231" lon="3.6017549952387093">
    <ele>31.090000000000003</ele>
   </trkpt>
   <trkpt lat="50.749680000000005" lon="3.6011">
    <ele>31.03</ele>
   </trkpt>
   <trkpt lat="50.74924000000001" lon="3.6003600000000002">
    <ele>32.190000000000005</ele>
   </trkpt>
   <trkpt lat="50.74924000000001" lon="3.60035">
    <ele>32.190000000000005</ele>
   </trkpt>
   <trkpt lat="50.749340000000004" lon="3.5997900000000005">
    <ele>32.67</ele>
   </trkpt>
   <trkpt lat="50.749390000000005" lon="3.5989100000000005">
    <ele>32.980000000000004</ele>
   </trkpt>
   <trkpt lat="50.749550000000006" lon="3.5982300000000005">
    <ele>32.150000000000006</ele>
   </trkpt>
   <trkpt lat="50.74963" lon="3.5980800000000004">
    <ele>32.040000000000006</ele>
   </trkpt>
   <trkpt lat="50.749770000000005" lon="3.5979">
    <ele>31.87</ele>
   </trkpt>
   <trkpt lat="50.749840000000006" lon="3.59824">
    <ele>31.85</ele>
   </trkpt>
   <trkpt lat="50.75007" lon="3.5982000000000003">
    <ele>31.55</ele>
   </trkpt>
   <trkpt lat="50.750910000000005" lon="3.5979600000000005">
    <ele>32.470000000000006</ele>
   </trkpt>
   <trkpt lat="50.75075000214648" lon="3.597244997380237">
    <ele>31.95</ele>
   </trkpt>
   <trkpt lat="50.75059" lon="3.5965300000000004">
    <ele>32.21</ele>
   </trkpt>
   <trkpt lat="50.75141000000001" lon="3.59601">
    <ele>34.760000000000005</ele>
   </trkpt>
   <trkpt lat="50.751720000000006" lon="3.5957500000000002">
    <ele>36.980000000000004</ele>
   </trkpt>
   <trkpt lat="50.75221500159952" lon="3.5951250066985487">
    <ele>39.470000000000006</ele>
   </trkpt>
   <trkpt lat="50.75271000000001" lon="3.5945000000000005">
    <ele>41.84</ele>
   </trkpt>
   <trkpt lat="50.753280000000004" lon="3.59371">
    <ele>45.730000000000004</ele>
   </trkpt>
   <trkpt lat="50.75352" lon="3.5934200000000005">
    <ele>46.57000000000001</ele>
   </trkpt>
   <trkpt lat="50.753530000000005" lon="3.5934800000000005">
    <ele>46.62</ele>
   </trkpt>
   <trkpt lat="50.75358000000001" lon="3.5936000000000003">
    <ele>46.62</ele>
   </trkpt>
   <trkpt lat="50.75363" lon="3.5936500000000002">
    <ele>46.760000000000005</ele>
   </trkpt>
   <trkpt lat="50.75409500083906" lon="3.5932200042270592">
    <ele>47.85</ele>
   </trkpt>
   <trkpt lat="50.754560000000005" lon="3.5927900000000004">
    <ele>49.68</ele>
   </trkpt>
   <trkpt lat="50.75529" lon="3.5924400000000003">
    <ele>52.56</ele>
   </trkpt>
   <trkpt lat="50.75554" lon="3.59229">
    <ele>54.2</ele>
   </trkpt>
   <trkpt lat="50.75621000095833" lon="3.5918400063798384">
    <ele>57.35</ele>
   </trkpt>
   <trkpt lat="50.75688" lon="3.59139">
    <ele>61.32000000000001</ele>
   </trkpt>
   <trkpt lat="50.75706" lon="3.5912200000000003">
    <ele>62.17</ele>
   </trkpt>
   <trkpt lat="50.757360000000006" lon="3.5908700000000002">
    <ele>65.11</ele>
   </trkpt>
   <trkpt lat="50.757765001210814" lon="3.5903300047210087">
    <ele>70.96000000000001</ele>
   </trkpt>
   <trkpt lat="50.75817000000001" lon="3.5897900000000003">
    <ele>76.35</ele>
   </trkpt>
   <trkpt lat="50.758410000000005" lon="3.58929">
    <ele>78.92999999999999</ele>
   </trkpt>
   <trkpt lat="50.75853000000001" lon="3.58909">
    <ele>82.92</ele>
   </trkpt>
   <trkpt lat="50.758700000000005" lon="3.5888700000000004">
    <ele>83.82000000000001</ele>
   </trkpt>
   <trkpt lat="50.75889" lon="3.5887300000000004">
    <ele>86.27000000000001</ele>
   </trkpt>
   <trkpt lat="50.75932" lon="3.5885400000000005">
    <ele>88.63</ele>
   </trkpt>
   <trkpt lat="50.759420000000006" lon="3.5884700000000005">
    <ele>90.17000000000002</ele>
   </trkpt>
   <trkpt lat="50.75954" lon="3.58834">
    <ele>90.81</ele>
   </trkpt>
   <trkpt lat="50.760040000000004" lon="3.58754">
    <ele>95.98</ele>
   </trkpt>
   <trkpt lat="50.760130000000004" lon="3.58733">
    <ele>98.82000000000001</ele>
   </trkpt>
   <trkpt lat="50.76014000000001" lon="3.5872300000000004">
    <ele>98.82000000000001</ele>
   </trkpt>
   <trkpt lat="50.76041000000001" lon="3.5872400000000004">
    <ele>100.7</ele>
   </trkpt>
   <trkpt lat="50.761250000000004" lon="3.5873200000000005">
    <ele>106.73</ele>
   </trkpt>
   <trkpt lat="50.7616" lon="3.5873200000000005">
    <ele>110.00000000000001</ele>
   </trkpt>
   <trkpt lat="50.761770000000006" lon="3.5873000000000004">
    <ele>110.00000000000001</ele>
   </trkpt>
   <trkpt lat="50.762215000157454" lon="3.587160001308244">
    <ele>111.76</ele>
   </trkpt>
   <trkpt lat="50.762660000000004" lon="3.5870200000000003">
    <ele>113.06</ele>
   </trkpt>
   <trkpt lat="50.76314000000001" lon="3.5868900000000004">
    <ele>114.58000000000001</ele>
   </trkpt>
   <trkpt lat="50.76371" lon="3.58679">
    <ele>115.71000000000001</ele>
   </trkpt>
   <trkpt lat="50.764120000000005" lon="3.5868300000000004">
    <ele>117.74000000000001</ele>
   </trkpt>
   <trkpt lat="50.76436" lon="3.5868700000000002">
    <ele>118.10000000000001</ele>
   </trkpt>
   <trkpt lat="50.764610000000005" lon="3.5869600000000004">
    <ele>119.79</ele>
   </trkpt>
   <trkpt lat="50.764860000000006" lon="3.58712">
    <ele>120.12</ele>
   </trkpt>
   <trkpt lat="50.764860000000006" lon="3.5866200000000004">
    <ele>119.54</ele>
   </trkpt>
   <trkpt lat="50.7648" lon="3.58571">
    <ele>118.77000000000001</ele>
   </trkpt>
   <trkpt lat="50.76475000000001" lon="3.5853900000000003">
    <ele>118.12</ele>
   </trkpt>
   <trkpt lat="50.764630000000004" lon="3.58482">
    <ele>117.76</ele>
   </trkpt>
   <trkpt lat="50.764430000000004" lon="3.5841900000000004">
    <ele>116.75</ele>
   </trkpt>
   <trkpt lat="50.76397000539495" lon="3.5830699890668902">
    <ele>114.92</ele>
   </trkpt>
   <trkpt lat="50.763510000000004" lon="3.5819500000000004">
    <ele>113.01</ele>
   </trkpt>
   <trkpt lat="50.76319000191681" lon="3.5812699952217866">
    <ele>113.48</ele>
   </trkpt>
   <trkpt lat="50.76287000000001" lon="3.5805900000000004">
    <ele>114.22000000000001</ele>
   </trkpt>
   <trkpt lat="50.762416673975" lon="3.579666648813228">
    <ele>115.57000000000001</ele>
   </trkpt>
   <trkpt lat="50.76196334065999" lon="3.5787433155175132">
    <ele>117.46000000000001</ele>
   </trkpt>
   <trkpt lat="50.76151" lon="3.5778200000000004">
    <ele>119.60000000000001</ele>
   </trkpt>
   <trkpt lat="50.76135000000001" lon="3.5775900000000003">
    <ele>120.61</ele>
   </trkpt>
   <trkpt lat="50.76113" lon="3.5773500000000005">
    <ele>121.50000000000001</ele>
   </trkpt>
   <trkpt lat="50.76088000000001" lon="3.5771800000000002">
    <ele>123.06000000000002</ele>
   </trkpt>
   <trkpt lat="50.76017" lon="3.5768500000000003">
    <ele>127.03</ele>
   </trkpt>
   <trkpt lat="50.760020000000004" lon="3.5767400000000005">
    <ele>127.65</ele>
   </trkpt>
   <trkpt lat="50.75987000000001" lon="3.5765800000000003">
    <ele>128.99</ele>
   </trkpt>
   <trkpt lat="50.759800000000006" lon="3.57648">
    <ele>129.73000000000002</ele>
   </trkpt>
   <trkpt lat="50.759660000000004" lon="3.57621">
    <ele>132.09</ele>
   </trkpt>
   <trkpt lat="50.75945000273217" lon="3.575409996394375">
    <ele>136.8</ele>
   </trkpt>
   <trkpt lat="50.759240000000005" lon="3.5746100000000003">
    <ele>141.25</ele>
   </trkpt>
   <trkpt lat="50.75921" lon="3.5742100000000003">
    <ele>142.91</ele>
   </trkpt>
   <trkpt lat="50.75923" lon="3.5738200000000004">
    <ele>144.38</ele>
   </trkpt>
   <trkpt lat="50.75929000000001" lon="3.5735500000000004">
    <ele>145.86</ele>
   </trkpt>
   <trkpt lat="50.75938000000001" lon="3.57329">
    <ele>146.61</ele>
   </trkpt>
   <trkpt lat="50.75981500496739" lon="3.572210010087642">
    <ele>148.16000000000003</ele>
   </trkpt>
   <trkpt lat="50.760250000000006" lon="3.57113">
    <ele>146.67000000000002</ele>
   </trkpt>
   <trkpt lat="50.76046" lon="3.5706900000000004">
    <ele>145.8</ele>
   </trkpt>
   <trkpt lat="50.76091" lon="3.5698200000000004">
    <ele>143.86</ele>
   </trkpt>
   <trkpt lat="50.76102" lon="3.56957">
    <ele>143.01</ele>
   </trkpt>
   <trkpt lat="50.76108000000001" lon="3.5693400000000004">
    <ele>142.41</ele>
   </trkpt>
   <trkpt lat="50.76115" lon="3.5689400000000004">
    <ele>141.17000000000002</ele>
   </trkpt>
   <trkpt lat="50.761230000000005" lon="3.5677900000000005">
    <ele>137.76000000000002</ele>
   </trkpt>
   <trkpt lat="50.76126000000001" lon="3.56754">
    <ele>135.12</ele>
   </trkpt>
   <trkpt lat="50.761340000000004" lon="3.56719">
    <ele>133.98000000000002</ele>
   </trkpt>
   <trkpt lat="50.76149" lon="3.5668100000000003">
    <ele>132.58</ele>
   </trkpt>
   <trkpt lat="50.76162" lon="3.5665700000000005">
    <ele>130.99</ele>
   </trkpt>
   <trkpt lat="50.76220000000001" lon="3.5658900000000004">
    <ele>127.37</ele>
   </trkpt>
   <trkpt lat="50.7625" lon="3.5654500000000002">
    <ele>125.80000000000003</ele>
   </trkpt>
   <trkpt lat="50.76259" lon="3.5651500000000005">
    <ele>124.9</ele>
   </trkpt>
   <trkpt lat="50.76265" lon="3.56482">
    <ele>123.59</ele>
   </trkpt>
   <trkpt lat="50.76277" lon="3.56361">
    <ele>120.65</ele>
   </trkpt>
   <trkpt lat="50.76289252407369" lon="3.5622400107532703">
    <ele>118.18</ele>
   </trkpt>
   <trkpt lat="50.763015032098785" lon="3.560870014332269">
    <ele>117.29</ele>
   </trkpt>
   <trkpt lat="50.76313752407514" lon="3.559500010737867">
    <ele>116.53</ele>
   </trkpt>
   <trkpt lat="50.76326" lon="3.5581300000000002">
    <ele>114.40000000000002</ele>
   </trkpt>
   <trkpt lat="50.763180000000006" lon="3.5575500000000004">
    <ele>112.74000000000001</ele>
   </trkpt>
   <trkpt lat="50.7631" lon="3.5572200000000005">
    <ele>111.65</ele>
   </trkpt>
   <trkpt lat="50.762840000000004" lon="3.5577900000000002">
    <ele>111.54</ele>
   </trkpt>
   <trkpt lat="50.762620000000005" lon="3.5581500000000004">
    <ele>111.16000000000001</ele>
   </trkpt>
   <trkpt lat="50.762145002559556" lon="3.558925007880796">
    <ele>109.62</ele>
   </trkpt>
   <trkpt lat="50.76167" lon="3.5597000000000003">
    <ele>103.88000000000001</ele>
   </trkpt>
   <trkpt lat="50.76124" lon="3.5601800000000003">
    <ele>101.65</ele>
   </trkpt>
   <trkpt lat="50.761070000000004" lon="3.5603300000000004">
    <ele>99.82000000000001</ele>
   </trkpt>
   <trkpt lat="50.76055" lon="3.5606100000000005">
    <ele>96.5</ele>
   </trkpt>
   <trkpt lat="50.75994000000001" lon="3.5608400000000002">
    <ele>92.39000000000001</ele>
   </trkpt>
   <trkpt lat="50.75907166869333" lon="3.561146695111676">
    <ele>87.05</ele>
   </trkpt>
   <trkpt lat="50.75820333658237" lon="3.5614533788420513">
    <ele>81.19000000000001</ele>
   </trkpt>
   <trkpt lat="50.75733500366719" lon="3.5617600511918903">
    <ele>76.29</ele>
   </trkpt>
   <trkpt lat="50.75646666994782" lon="3.562066712161956">
    <ele>71.49000000000001</ele>
   </trkpt>
   <trkpt lat="50.75559833542434" lon="3.562373361753012">
    <ele>66.26</ele>
   </trkpt>
   <trkpt lat="50.75473" lon="3.5626800000000003">
    <ele>60.0</ele>
   </trkpt>
   <trkpt lat="50.75401750085938" lon="3.5629425119966087">
    <ele>57.290000000000006</ele>
   </trkpt>
   <trkpt lat="50.753305001129476" lon="3.563205016001202">
    <ele>53.6</ele>
   </trkpt>
   <trkpt lat="50.75259250081035" lon="3.5634675120142196">
    <ele>49.660000000000004</ele>
   </trkpt>
   <trkpt lat="50.75188000000001" lon="3.5637300000000005">
    <ele>46.55</ele>
   </trkpt>
   <trkpt lat="50.75106500020929" lon="3.5640000047347598">
    <ele>42.61</ele>
   </trkpt>
   <trkpt lat="50.75025" lon="3.5642700000000005">
    <ele>40.92</ele>
   </trkpt>
   <trkpt lat="50.75000000000001" lon="3.5643900000000004">
    <ele>40.510000000000005</ele>
   </trkpt>
   <trkpt lat="50.749500000000005" lon="3.5645800000000003">
    <ele>39.620000000000005</ele>
   </trkpt>
   <trkpt lat="50.749370000000006" lon="3.5646100000000005">
    <ele>39.42</ele>
   </trkpt>
   <trkpt lat="50.749190000000006" lon="3.5647400000000005">
    <ele>39.16</ele>
   </trkpt>
   <trkpt lat="50.749050000000004" lon="3.5649">
    <ele>38.940000000000005</ele>
   </trkpt>
   <trkpt lat="50.74897000000001" lon="3.56503">
    <ele>38.790000000000006</ele>
   </trkpt>
   <trkpt lat="50.74882" lon="3.56475">
    <ele>37.55</ele>
   </trkpt>
   <trkpt lat="50.74870000000001" lon="3.5643100000000003">
    <ele>36.69</ele>
   </trkpt>
   <trkpt lat="50.74864" lon="3.5639300000000005">
    <ele>35.68</ele>
   </trkpt>
   <trkpt lat="50.74864" lon="3.5636600000000005">
    <ele>35.29</ele>
   </trkpt>
   <trkpt lat="50.74866" lon="3.5632800000000002">
    <ele>34.36</ele>
   </trkpt>
   <trkpt lat="50.74879000473333" lon="3.562230002759899">
    <ele>30.950000000000003</ele>
   </trkpt>
   <trkpt lat="50.748920000000005" lon="3.5611800000000002">
    <ele>28.03</ele>
   </trkpt>
   <trkpt lat="50.74915000000001" lon="3.56009">
    <ele>27.990000000000002</ele>
   </trkpt>
   <trkpt lat="50.74918" lon="3.55968">
    <ele>28.78</ele>
   </trkpt>
   <trkpt lat="50.74918501517037" lon="3.558592500320711">
    <ele>31.26</ele>
   </trkpt>
   <trkpt lat="50.74919002022724" lon="3.5575050004086495">
    <ele>33.63</ele>
   </trkpt>
   <trkpt lat="50.74919501517063" lon="3.5564175002642857">
    <ele>35.35</ele>
   </trkpt>
   <trkpt lat="50.7492" lon="3.55533">
    <ele>37.470000000000006</ele>
   </trkpt>
   <trkpt lat="50.749230000000004" lon="3.5548200000000003">
    <ele>38.23</ele>
   </trkpt>
   <trkpt lat="50.749397180416075" lon="3.5536100259319303">
    <ele>39.28</ele>
   </trkpt>
   <trkpt lat="50.74956434831236" lon="3.5524000432220535">
    <ele>39.99</ele>
   </trkpt>
   <trkpt lat="50.74973150368868" lon="3.5511900518709045">
    <ele>40.86</ele>
   </trkpt>
   <trkpt lat="50.749898646544885" lon="3.5499800518790177">
    <ele>42.77</ele>
   </trkpt>
   <trkpt lat="50.7500657768808" lon="3.548770043246927">
    <ele>43.7</ele>
   </trkpt>
   <trkpt lat="50.75023289469627" lon="3.547560025975166">
    <ele>44.95</ele>
   </trkpt>
   <trkpt lat="50.750400000000006" lon="3.5463500000000003">
    <ele>47.86000000000001</ele>
   </trkpt>
   <trkpt lat="50.750560002294684" lon="3.545610002745295">
    <ele>48.56</ele>
   </trkpt>
   <trkpt lat="50.75072" lon="3.5448700000000004">
    <ele>49.95</ele>
   </trkpt>
   <trkpt lat="50.750750000000004" lon="3.54462">
    <ele>50.38</ele>
   </trkpt>
   <trkpt lat="50.750750000000004" lon="3.5446100000000005">
    <ele>50.38</ele>
   </trkpt>
   <trkpt lat="50.75117500088899" lon="3.5441800038044557">
    <ele>50.57</ele>
   </trkpt>
   <trkpt lat="50.7516" lon="3.54375">
    <ele>51.06</ele>
   </trkpt>
   <trkpt lat="50.752050000000004" lon="3.5433200000000005">
    <ele>52.33</ele>
   </trkpt>
   <trkpt lat="50.752140000000004" lon="3.5432500000000005">
    <ele>52.33</ele>
   </trkpt>
   <trkpt lat="50.752190000000006" lon="3.5431800000000004">
    <ele>52.45</ele>
   </trkpt>
   <trkpt lat="50.75280000000001" lon="3.5427000000000004">
    <ele>53.910000000000004</ele>
   </trkpt>
   <trkpt lat="50.753526670249194" lon="3.5420533534063017">
    <ele>55.49</ele>
   </trkpt>
   <trkpt lat="50.75425333692257" lon="3.5414066867340823">
    <ele>58.1</ele>
   </trkpt>
   <trkpt lat="50.75498" lon="3.54076">
    <ele>60.800000000000004</ele>
   </trkpt>
   <trkpt lat="50.755320000000005" lon="3.54055">
    <ele>61.85</ele>
   </trkpt>
   <trkpt lat="50.755680000000005" lon="3.5401200000000004">
    <ele>63.410000000000004</ele>
   </trkpt>
   <trkpt lat="50.75592" lon="3.53989">
    <ele>64.57000000000001</ele>
   </trkpt>
   <trkpt lat="50.756550001352956" lon="3.5393550070919457">
    <ele>67.56</ele>
   </trkpt>
   <trkpt lat="50.757180000000005" lon="3.5388200000000003">
    <ele>76.74</ele>
   </trkpt>
   <trkpt lat="50.757290000000005" lon="3.53866">
    <ele>79.98</ele>
   </trkpt>
   <trkpt lat="50.757400000000004" lon="3.5385700000000004">
    <ele>81.22</ele>
   </trkpt>
   <trkpt lat="50.757450000000006" lon="3.5385500000000003">
    <ele>81.22</ele>
   </trkpt>
   <trkpt lat="50.75784" lon="3.5385000000000004">
    <ele>85.92</ele>
   </trkpt>
   <trkpt lat="50.758070000000004" lon="3.53838">
    <ele>87.46000000000001</ele>
   </trkpt>
   <trkpt lat="50.758410000000005" lon="3.5381500000000004">
    <ele>92.29</ele>
   </trkpt>
   <trkpt lat="50.758770000000005" lon="3.53799">
    <ele>93.41000000000001</ele>
   </trkpt>
   <trkpt lat="50.75923" lon="3.5378800000000004">
    <ele>98.78</ele>
   </trkpt>
   <trkpt lat="50.75932" lon="3.5378800000000004">
    <ele>99.69000000000001</ele>
   </trkpt>
   <trkpt lat="50.75945" lon="3.53791">
    <ele>100.79</ele>
   </trkpt>
   <trkpt lat="50.75956000000001" lon="3.5379700000000005">
    <ele>101.76</ele>
   </trkpt>
   <trkpt lat="50.75995" lon="3.5382700000000002">
    <ele>104.63000000000001</ele>
   </trkpt>
   <trkpt lat="50.76042" lon="3.5386900000000003">
    <ele>108.53000000000002</ele>
   </trkpt>
   <trkpt lat="50.76081500092936" lon="3.539129996399124">
    <ele>113.07000000000001</ele>
   </trkpt>
   <trkpt lat="50.761210000000005" lon="3.5395700000000003">
    <ele>117.72</ele>
   </trkpt>
   <trkpt lat="50.76183" lon="3.53996">
    <ele>119.57000000000001</ele>
   </trkpt>
   <trkpt lat="50.7623" lon="3.5403200000000004">
    <ele>121.58</ele>
   </trkpt>
   <trkpt lat="50.7629" lon="3.5407">
    <ele>121.81000000000002</ele>
   </trkpt>
   <trkpt lat="50.762980000000006" lon="3.5406600000000004">
    <ele>121.81000000000002</ele>
   </trkpt>
   <trkpt lat="50.76308" lon="3.5406400000000002">
    <ele>121.94</ele>
   </trkpt>
   <trkpt lat="50.763740000000006" lon="3.5399000000000003">
    <ele>122.56000000000002</ele>
   </trkpt>
   <trkpt lat="50.763960000000004" lon="3.5395800000000004">
    <ele>122.57000000000001</ele>
   </trkpt>
   <trkpt lat="50.764070000000004" lon="3.53935">
    <ele>122.63000000000001</ele>
   </trkpt>
   <trkpt lat="50.764190000000006" lon="3.53901">
    <ele>122.56000000000002</ele>
   </trkpt>
   <trkpt lat="50.7644" lon="3.5382000000000002">
    <ele>122.39000000000001</ele>
   </trkpt>
   <trkpt lat="50.764540000000004" lon="3.53785">
    <ele>122.62</ele>
   </trkpt>
   <trkpt lat="50.764540000000004" lon="3.5376700000000003">
    <ele>122.62</ele>
   </trkpt>
   <trkpt lat="50.764630006529394" lon="3.5364350022572832">
    <ele>122.09</ele>
   </trkpt>
   <trkpt lat="50.764720000000004" lon="3.5352">
    <ele>121.4</ele>
   </trkpt>
   <trkpt lat="50.764790000000005" lon="3.53392">
    <ele>119.24000000000001</ele>
   </trkpt>
   <trkpt lat="50.76485" lon="3.53345">
    <ele>118.19</ele>
   </trkpt>
   <trkpt lat="50.764970000000005" lon="3.5329900000000003">
    <ele>117.87000000000002</ele>
   </trkpt>
   <trkpt lat="50.765330000000006" lon="3.5319900000000004">
    <ele>116.58</ele>
   </trkpt>
   <trkpt lat="50.765480000000004" lon="3.5316500000000004">
    <ele>114.88000000000001</ele>
   </trkpt>
   <trkpt lat="50.765750000000004" lon="3.53113">
    <ele>113.88000000000001</ele>
   </trkpt>
   <trkpt lat="50.76586" lon="3.5309800000000005">
    <ele>112.84</ele>
   </trkpt>
   <trkpt lat="50.76597" lon="3.5309000000000004">
    <ele>112.84</ele>
   </trkpt>
   <trkpt lat="50.766556667266755" lon="3.5306333400247656">
    <ele>111.60000000000001</ele>
   </trkpt>
   <trkpt lat="50.767143333925496" lon="3.5303666733618098">
    <ele>109.37</ele>
   </trkpt>
   <trkpt lat="50.76773000000001" lon="3.5301000000000005">
    <ele>107.44000000000001</ele>
   </trkpt>
   <trkpt lat="50.76819000035258" lon="3.5298250026865157">
    <ele>106.32000000000001</ele>
   </trkpt>
   <trkpt lat="50.76865" lon="3.5295500000000004">
    <ele>105.84</ele>
   </trkpt>
   <trkpt lat="50.76879" lon="3.52951">
    <ele>105.7</ele>
   </trkpt>
   <trkpt lat="50.768820000000005" lon="3.5295300000000003">
    <ele>105.3</ele>
   </trkpt>
   <trkpt lat="50.768890000000006" lon="3.52964">
    <ele>105.3</ele>
   </trkpt>
   <trkpt lat="50.769020000000005" lon="3.5294600000000003">
    <ele>105.23</ele>
   </trkpt>
   <trkpt lat="50.76963667103005" lon="3.528746685458841">
    <ele>101.95000000000002</ele>
   </trkpt>
   <trkpt lat="50.770253337709455" lon="3.5280333521111067">
    <ele>97.46000000000001</ele>
   </trkpt>
   <trkpt lat="50.77087" lon="3.5273200000000005">
    <ele>91.68</ele>
   </trkpt>
   <trkpt lat="50.771400001501625" lon="3.5267350065856853">
    <ele>89.03000000000002</ele>
   </trkpt>
   <trkpt lat="50.771930000000005" lon="3.5261500000000003">
    <ele>83.86</ele>
   </trkpt>
   <trkpt lat="50.77250250541614" lon="3.5255000238697347">
    <ele>79.36</ele>
   </trkpt>
   <trkpt lat="50.77307500722006" lon="3.5248500318285165">
    <ele>75.51</ele>
   </trkpt>
   <trkpt lat="50.77364750541156" lon="3.524200023875731">
    <ele>71.61</ele>
   </trkpt>
   <trkpt lat="50.77422000000001" lon="3.52355">
    <ele>69.24000000000001</ele>
   </trkpt>
   <trkpt lat="50.77494" lon="3.5228">
    <ele>66.27000000000001</ele>
   </trkpt>
   <trkpt lat="50.77547000144829" lon="3.522220006561423">
    <ele>61.85</ele>
   </trkpt>
   <trkpt lat="50.776" lon="3.52164">
    <ele>57.330000000000005</ele>
   </trkpt>
   <trkpt lat="50.77676" lon="3.52104">
    <ele>53.43000000000001</ele>
   </trkpt>
   <trkpt lat="50.777170000000005" lon="3.5208000000000004">
    <ele>52.89000000000001</ele>
   </trkpt>
   <trkpt lat="50.77784500228823" lon="3.5203775182952155">
    <ele>45.53</ele>
   </trkpt>
   <trkpt lat="50.77852000305037" lon="3.519955024394447">
    <ele>40.88</ele>
   </trkpt>
   <trkpt lat="50.77919500228633" lon="3.519532518297077">
    <ele>35.32</ele>
   </trkpt>
   <trkpt lat="50.77987" lon="3.5191100000000004">
    <ele>32.89</ele>
   </trkpt>
   <trkpt lat="50.780280000000005" lon="3.5188800000000002">
    <ele>27.89</ele>
   </trkpt>
   <trkpt lat="50.78100000071844" lon="3.5184300070208616">
    <ele>25.200000000000003</ele>
   </trkpt>
   <trkpt lat="50.78172000000001" lon="3.51798">
    <ele>21.2</ele>
   </trkpt>
   <trkpt lat="50.78197" lon="3.5177600000000004">
    <ele>19.76</ele>
   </trkpt>
   <trkpt lat="50.78255000000001" lon="3.51711">
    <ele>16.66</ele>
   </trkpt>
   <trkpt lat="50.78304000000001" lon="3.5163800000000003">
    <ele>15.31</ele>
   </trkpt>
   <trkpt lat="50.78338" lon="3.5158700000000005">
    <ele>14.71</ele>
   </trkpt>
   <trkpt lat="50.78380000000001" lon="3.5153000000000003">
    <ele>14.520000000000001</ele>
   </trkpt>
   <trkpt lat="50.7844200020505" lon="3.514605009232088">
    <ele>13.61</ele>
   </trkpt>
   <trkpt lat="50.78504" lon="3.51391">
    <ele>13.330000000000002</ele>
   </trkpt>
   <trkpt lat="50.78558000115278" lon="3.513405005774167">
    <ele>12.940000000000001</ele>
   </trkpt>
   <trkpt lat="50.786120000000004" lon="3.5129">
    <ele>13.02</ele>
   </trkpt>
   <trkpt lat="50.78618" lon="3.5130700000000004">
    <ele>12.8</ele>
   </trkpt>
   <trkpt lat="50.7862" lon="3.5132700000000003">
    <ele>12.100000000000001</ele>
   </trkpt>
   <trkpt lat="50.786190000000005" lon="3.51351">
    <ele>11.89</ele>
   </trkpt>
   <trkpt lat="50.78609" lon="3.5142700000000002">
    <ele>11.63</ele>
   </trkpt>
   <trkpt lat="50.78607" lon="3.51535">
    <ele>11.73</ele>
   </trkpt>
   <trkpt lat="50.78604000000001" lon="3.51548">
    <ele>11.73</ele>
   </trkpt>
   <trkpt lat="50.786" lon="3.51561">
    <ele>11.73</ele>
   </trkpt>
   <trkpt lat="50.78538" lon="3.5162700000000005">
    <ele>12.4</ele>
   </trkpt>
   <trkpt lat="50.785250000000005" lon="3.5164400000000002">
    <ele>12.74</ele>
   </trkpt>
   <trkpt lat="50.785210000000006" lon="3.5165400000000004">
    <ele>12.74</ele>
   </trkpt>
   <trkpt lat="50.78528000471252" lon="3.517589998423664">
    <ele>12.650000000000002</ele>
   </trkpt>
   <trkpt lat="50.78535" lon="3.5186400000000004">
    <ele>13.290000000000001</ele>
   </trkpt>
   <trkpt lat="50.785450000000004" lon="3.5194600000000005">
    <ele>13.55</ele>
   </trkpt>
   <trkpt lat="50.78553" lon="3.5208700000000004">
    <ele>12.74</ele>
   </trkpt>
   <trkpt lat="50.78572000428152" lon="3.521869995972347">
    <ele>12.67</ele>
   </trkpt>
   <trkpt lat="50.78591" lon="3.52287">
    <ele>12.47</ele>
   </trkpt>
   <trkpt lat="50.78602" lon="3.52321">
    <ele>12.540000000000001</ele>
   </trkpt>
   <trkpt lat="50.786410000000004" lon="3.5241800000000003">
    <ele>14.100000000000001</ele>
   </trkpt>
   <trkpt lat="50.78573" lon="3.52483">
    <ele>14.71</ele>
   </trkpt>
   <trkpt lat="50.78537000000001" lon="3.5250100000000004">
    <ele>15.65</ele>
   </trkpt>
   <trkpt lat="50.78483000000001" lon="3.5251">
    <ele>16.8</ele>
   </trkpt>
   <trkpt lat="50.78434000000001" lon="3.5252100000000004">
    <ele>18.05</ele>
   </trkpt>
   <trkpt lat="50.784040000000005" lon="3.52511">
    <ele>19.720000000000002</ele>
   </trkpt>
   <trkpt lat="50.78385" lon="3.5250800000000004">
    <ele>21.650000000000002</ele>
   </trkpt>
   <trkpt lat="50.783710000000006" lon="3.5251300000000003">
    <ele>22.19</ele>
   </trkpt>
   <trkpt lat="50.78338" lon="3.5253900000000002">
    <ele>23.94</ele>
   </trkpt>
   <trkpt lat="50.78284000000001" lon="3.5259500000000004">
    <ele>26.7</ele>
   </trkpt>
   <trkpt lat="50.782650000000004" lon="3.5262100000000003">
    <ele>27.73</ele>
   </trkpt>
   <trkpt lat="50.78249" lon="3.5262700000000002">
    <ele>28.520000000000003</ele>
   </trkpt>
   <trkpt lat="50.7824" lon="3.52625">
    <ele>28.520000000000003</ele>
   </trkpt>
   <trkpt lat="50.782140000000005" lon="3.5261500000000003">
    <ele>30.04</ele>
   </trkpt>
   <trkpt lat="50.78175" lon="3.52592">
    <ele>33.080000000000005</ele>
   </trkpt>
   <trkpt lat="50.78161000000001" lon="3.52586">
    <ele>33.080000000000005</ele>
   </trkpt>
   <trkpt lat="50.78097" lon="3.5257000000000005">
    <ele>39.900000000000006</ele>
   </trkpt>
   <trkpt lat="50.780840000000005" lon="3.5256900000000004">
    <ele>41.650000000000006</ele>
   </trkpt>
   <trkpt lat="50.78043" lon="3.52571">
    <ele>45.6</ele>
   </trkpt>
   <trkpt lat="50.78014" lon="3.52579">
    <ele>48.67</ele>
   </trkpt>
   <trkpt lat="50.77993000000001" lon="3.5258000000000003">
    <ele>51.03000000000001</ele>
   </trkpt>
   <trkpt lat="50.779140000000005" lon="3.5256300000000005">
    <ele>58.72</ele>
   </trkpt>
   <trkpt lat="50.779050000000005" lon="3.5255900000000002">
    <ele>58.72</ele>
   </trkpt>
   <trkpt lat="50.778670000000005" lon="3.52531">
    <ele>63.85</ele>
   </trkpt>
   <trkpt lat="50.77797" lon="3.5251400000000004">
    <ele>70.51</ele>
   </trkpt>
   <trkpt lat="50.777730000000005" lon="3.5251500000000004">
    <ele>72.94</ele>
   </trkpt>
   <trkpt lat="50.777010000000004" lon="3.52531">
    <ele>78.34</ele>
   </trkpt>
   <trkpt lat="50.77671" lon="3.5254100000000004">
    <ele>80.41000000000001</ele>
   </trkpt>
   <trkpt lat="50.77667" lon="3.52552">
    <ele>80.56</ele>
   </trkpt>
   <trkpt lat="50.77662" lon="3.5255500000000004">
    <ele>80.81</ele>
   </trkpt>
   <trkpt lat="50.77592500033621" lon="3.525815003924215">
    <ele>82.38000000000001</ele>
   </trkpt>
   <trkpt lat="50.77523000000001" lon="3.5260800000000003">
    <ele>82.89</ele>
   </trkpt>
   <trkpt lat="50.77478000000001" lon="3.5264200000000003">
    <ele>83.44</ele>
   </trkpt>
   <trkpt lat="50.774190000000004" lon="3.5270400000000004">
    <ele>83.98000000000002</ele>
   </trkpt>
   <trkpt lat="50.773680000000006" lon="3.52747">
    <ele>85.0</ele>
   </trkpt>
   <trkpt lat="50.77344" lon="3.5276">
    <ele>85.65</ele>
   </trkpt>
   <trkpt lat="50.772850000000005" lon="3.52774">
    <ele>86.77000000000001</ele>
   </trkpt>
   <trkpt lat="50.772690000000004" lon="3.52781">
    <ele>87.27</ele>
   </trkpt>
   <trkpt lat="50.77203" lon="3.5282500000000003">
    <ele>89.18</ele>
   </trkpt>
   <trkpt lat="50.771570000000004" lon="3.5285100000000003">
    <ele>91.4</ele>
   </trkpt>
   <trkpt lat="50.77102000000001" lon="3.5290700000000004">
    <ele>93.61000000000001</ele>
   </trkpt>
   <trkpt lat="50.77073000000001" lon="3.5293200000000002">
    <ele>96.01</ele>
   </trkpt>
   <trkpt lat="50.77029" lon="3.52977">
    <ele>99.17</ele>
   </trkpt>
   <trkpt lat="50.77009" lon="3.5298000000000003">
    <ele>100.01</ele>
   </trkpt>
   <trkpt lat="50.77008000000001" lon="3.52986">
    <ele>100.01</ele>
   </trkpt>
   <trkpt lat="50.769470000000005" lon="3.5306">
    <ele>103.20000000000002</ele>
   </trkpt>
   <trkpt lat="50.76916000000001" lon="3.5309100000000004">
    <ele>103.04</ele>
   </trkpt>
   <trkpt lat="50.76912" lon="3.53093">
    <ele>102.98</ele>
   </trkpt>
   <trkpt lat="50.768710000000006" lon="3.5307100000000005">
    <ele>103.43</ele>
   </trkpt>
   <trkpt lat="50.76856" lon="3.5306100000000002">
    <ele>103.38000000000001</ele>
   </trkpt>
   <trkpt lat="50.76841" lon="3.53046">
    <ele>103.31000000000002</ele>
   </trkpt>
   <trkpt lat="50.768190000000004" lon="3.5309600000000003">
    <ele>101.81000000000002</ele>
   </trkpt>
   <trkpt lat="50.767970000000005" lon="3.5316600000000005">
    <ele>99.59</ele>
   </trkpt>
   <trkpt lat="50.767860000000006" lon="3.53216">
    <ele>97.75</ele>
   </trkpt>
   <trkpt lat="50.767670017412925" lon="3.5333250141594186">
    <ele>94.37</ele>
   </trkpt>
   <trkpt lat="50.76748002322087" lon="3.5344900188565322">
    <ele>91.80000000000001</ele>
   </trkpt>
   <trkpt lat="50.767290017424" lon="3.535655014090902">
    <ele>92.19000000000001</ele>
   </trkpt>
   <trkpt lat="50.767100000000006" lon="3.53682">
    <ele>95.76</ele>
   </trkpt>
   <trkpt lat="50.76693000566296" lon="3.537970004117981">
    <ele>101.22</ele>
   </trkpt>
   <trkpt lat="50.766760000000005" lon="3.5391200000000005">
    <ele>105.02</ele>
   </trkpt>
   <trkpt lat="50.766596675195224" lon="3.5401200071164483">
    <ele>108.63</ele>
   </trkpt>
   <trkpt lat="50.76643334183992" lon="3.5411200072507496">
    <ele>111.33000000000001</ele>
   </trkpt>
   <trkpt lat="50.766270000000006" lon="3.54212">
    <ele>112.72000000000001</ele>
   </trkpt>
   <trkpt lat="50.76607000530702" lon="3.5432350048113364">
    <ele>113.41000000000001</ele>
   </trkpt>
   <trkpt lat="50.76587000000001" lon="3.54435">
    <ele>112.96000000000001</ele>
   </trkpt>
   <trkpt lat="50.76599" lon="3.5445100000000003">
    <ele>112.09</ele>
   </trkpt>
   <trkpt lat="50.766180000000006" lon="3.54497">
    <ele>109.97000000000001</ele>
   </trkpt>
   <trkpt lat="50.76626" lon="3.54511">
    <ele>109.44000000000001</ele>
   </trkpt>
   <trkpt lat="50.76637" lon="3.54524">
    <ele>108.04</ele>
   </trkpt>
   <trkpt lat="50.76653" lon="3.54537">
    <ele>107.38</ele>
   </trkpt>
   <trkpt lat="50.76693" lon="3.5455500000000004">
    <ele>106.3</ele>
   </trkpt>
   <trkpt lat="50.767050000000005" lon="3.5456200000000004">
    <ele>105.57000000000001</ele>
   </trkpt>
   <trkpt lat="50.767160000000004" lon="3.54572">
    <ele>104.66</ele>
   </trkpt>
   <trkpt lat="50.76726000000001" lon="3.54584">
    <ele>104.66</ele>
   </trkpt>
   <trkpt lat="50.767590000000006" lon="3.5463500000000003">
    <ele>103.66</ele>
   </trkpt>
   <trkpt lat="50.76807000114296" lon="3.546864994725705">
    <ele>101.18</ele>
   </trkpt>
   <trkpt lat="50.768550000000005" lon="3.5473800000000004">
    <ele>98.52000000000001</ele>
   </trkpt>
   <trkpt lat="50.768660000000004" lon="3.5474400000000004">
    <ele>97.41000000000001</ele>
   </trkpt>
   <trkpt lat="50.76892" lon="3.54753">
    <ele>96.41000000000001</ele>
   </trkpt>
   <trkpt lat="50.76903" lon="3.5474300000000003">
    <ele>96.38000000000001</ele>
   </trkpt>
   <trkpt lat="50.76916000000001" lon="3.54734">
    <ele>96.33000000000001</ele>
   </trkpt>
   <trkpt lat="50.76928" lon="3.5473100000000004">
    <ele>96.27000000000001</ele>
   </trkpt>
   <trkpt lat="50.769690000000004" lon="3.54727">
    <ele>94.83000000000001</ele>
   </trkpt>
   <trkpt lat="50.7702" lon="3.5471800000000004">
    <ele>92.35</ele>
   </trkpt>
   <trkpt lat="50.77071" lon="3.5470300000000003">
    <ele>89.02</ele>
   </trkpt>
   <trkpt lat="50.7708" lon="3.54694">
    <ele>89.02</ele>
   </trkpt>
   <trkpt lat="50.77105" lon="3.54652">
    <ele>87.14</ele>
   </trkpt>
   <trkpt lat="50.77127" lon="3.5462800000000003">
    <ele>86.4</ele>
   </trkpt>
   <trkpt lat="50.771770000000004" lon="3.5460200000000004">
    <ele>85.35000000000001</ele>
   </trkpt>
   <trkpt lat="50.772420000000004" lon="3.54565">
    <ele>83.63000000000001</ele>
   </trkpt>
   <trkpt lat="50.772600000000004" lon="3.5455900000000002">
    <ele>82.81</ele>
   </trkpt>
   <trkpt lat="50.77281000000001" lon="3.54557">
    <ele>82.32000000000001</ele>
   </trkpt>
   <trkpt lat="50.77310000000001" lon="3.5456000000000003">
    <ele>81.61</ele>
   </trkpt>
   <trkpt lat="50.77319000000001" lon="3.5456600000000003">
    <ele>80.89999999999999</ele>
   </trkpt>
   <trkpt lat="50.773250000000004" lon="3.5457300000000003">
    <ele>80.89999999999999</ele>
   </trkpt>
   <trkpt lat="50.773830000000004" lon="3.5454600000000003">
    <ele>78.32</ele>
   </trkpt>
   <trkpt lat="50.773920000000004" lon="3.54543">
    <ele>78.14</ele>
   </trkpt>
   <trkpt lat="50.77438" lon="3.5454200000000005">
    <ele>77.37</ele>
   </trkpt>
   <trkpt lat="50.774854999863614" lon="3.5453750004707536">
    <ele>76.55000000000001</ele>
   </trkpt>
   <trkpt lat="50.775330000000004" lon="3.5453300000000003">
    <ele>74.27</ele>
   </trkpt>
   <trkpt lat="50.77608000000001" lon="3.5453">
    <ele>68.26</ele>
   </trkpt>
   <trkpt lat="50.776210000000006" lon="3.5453300000000003">
    <ele>67.54</ele>
   </trkpt>
   <trkpt lat="50.776270000000004" lon="3.54537">
    <ele>67.54</ele>
   </trkpt>
   <trkpt lat="50.7764" lon="3.5455400000000004">
    <ele>64.78</ele>
   </trkpt>
   <trkpt lat="50.776740000000004" lon="3.5461700000000005">
    <ele>60.800000000000004</ele>
   </trkpt>
   <trkpt lat="50.77682" lon="3.54626">
    <ele>60.800000000000004</ele>
   </trkpt>
   <trkpt lat="50.77687" lon="3.5462900000000004">
    <ele>60.800000000000004</ele>
   </trkpt>
   <trkpt lat="50.777" lon="3.5463000000000005">
    <ele>56.52</ele>
   </trkpt>
   <trkpt lat="50.777150000000006" lon="3.5462700000000003">
    <ele>55.720000000000006</ele>
   </trkpt>
   <trkpt lat="50.77732" lon="3.5462000000000002">
    <ele>54.62</ele>
   </trkpt>
   <trkpt lat="50.77760000000001" lon="3.5460200000000004">
    <ele>52.39000000000001</ele>
   </trkpt>
   <trkpt lat="50.778060000706425" lon="3.54558000444387">
    <ele>48.220000000000006</ele>
   </trkpt>
   <trkpt lat="50.77852000000001" lon="3.5451400000000004">
    <ele>43.39</ele>
   </trkpt>
   <trkpt lat="50.77891" lon="3.5447900000000003">
    <ele>40.42</ele>
   </trkpt>
   <trkpt lat="50.77926" lon="3.5445300000000004">
    <ele>40.42</ele>
   </trkpt>
   <trkpt lat="50.77962" lon="3.5443400000000005">
    <ele>36.32000000000001</ele>
   </trkpt>
   <trkpt lat="50.78016500003" lon="3.5441800018880705">
    <ele>34.080000000000005</ele>
   </trkpt>
   <trkpt lat="50.780710000000006" lon="3.54402">
    <ele>31.92</ele>
   </trkpt>
   <trkpt lat="50.781110000000005" lon="3.5438400000000003">
    <ele>30.36</ele>
   </trkpt>
   <trkpt lat="50.78144" lon="3.54389">
    <ele>28.57</ele>
   </trkpt>
   <trkpt lat="50.78166" lon="3.54388">
    <ele>27.580000000000002</ele>
   </trkpt>
   <trkpt lat="50.78175" lon="3.54389">
    <ele>27.580000000000002</ele>
   </trkpt>
   <trkpt lat="50.78186" lon="3.5439200000000004">
    <ele>27.340000000000003</ele>
   </trkpt>
   <trkpt lat="50.78215" lon="3.5440600000000004">
    <ele>26.840000000000003</ele>
   </trkpt>
   <trkpt lat="50.78224" lon="3.5440600000000004">
    <ele>26.930000000000003</ele>
   </trkpt>
   <trkpt lat="50.782650000000004" lon="3.5439900000000004">
    <ele>28.270000000000003</ele>
   </trkpt>
   <trkpt lat="50.782720000000005" lon="3.5445400000000005">
    <ele>31.12</ele>
   </trkpt>
   <trkpt lat="50.78271" lon="3.54484">
    <ele>34.550000000000004</ele>
   </trkpt>
   <trkpt lat="50.78253500375307" lon="3.5457700031838493">
    <ele>41.6</ele>
   </trkpt>
   <trkpt lat="50.782360000000004" lon="3.5467000000000004">
    <ele>50.09</ele>
   </trkpt>
   <trkpt lat="50.78224" lon="3.54721">
    <ele>56.6</ele>
   </trkpt>
   <trkpt lat="50.78211" lon="3.5479900000000004">
    <ele>66.13000000000001</ele>
   </trkpt>
   <trkpt lat="50.782090000000004" lon="3.54816">
    <ele>67.45</ele>
   </trkpt>
   <trkpt lat="50.78208000000001" lon="3.5487">
    <ele>71.5</ele>
   </trkpt>
   <trkpt lat="50.782050000000005" lon="3.5489300000000004">
    <ele>74.79</ele>
   </trkpt>
   <trkpt lat="50.78206" lon="3.5490200000000005">
    <ele>74.79</ele>
   </trkpt>
   <trkpt lat="50.782180000000004" lon="3.5489400000000004">
    <ele>75.05</ele>
   </trkpt>
   <trkpt lat="50.782340000000005" lon="3.5489">
    <ele>75.42</ele>
   </trkpt>
   <trkpt lat="50.782770000000006" lon="3.5488700000000004">
    <ele>75.43</ele>
   </trkpt>
   <trkpt lat="50.78302000000001" lon="3.5487800000000003">
    <ele>74.2</ele>
   </trkpt>
   <trkpt lat="50.78325" lon="3.5485400000000005">
    <ele>71.25</ele>
   </trkpt>
   <trkpt lat="50.783440000000006" lon="3.5484000000000004">
    <ele>71.25</ele>
   </trkpt>
   <trkpt lat="50.78356" lon="3.5483400000000005">
    <ele>69.89</ele>
   </trkpt>
   <trkpt lat="50.78369000000001" lon="3.5483000000000002">
    <ele>69.89</ele>
   </trkpt>
   <trkpt lat="50.78392" lon="3.54829">
    <ele>68.38000000000001</ele>
   </trkpt>
   <trkpt lat="50.784090000000006" lon="3.5483300000000004">
    <ele>67.04</ele>
   </trkpt>
   <trkpt lat="50.78463000000001" lon="3.54856">
    <ele>64.93</ele>
   </trkpt>
   <trkpt lat="50.784850000000006" lon="3.54869">
    <ele>64.19000000000001</ele>
   </trkpt>
   <trkpt lat="50.785030000000006" lon="3.54875">
    <ele>62.01</ele>
   </trkpt>
   <trkpt lat="50.78584000000001" lon="3.5487300000000004">
    <ele>57.290000000000006</ele>
   </trkpt>
   <trkpt lat="50.78591" lon="3.5487200000000003">
    <ele>55.910000000000004</ele>
   </trkpt>
   <trkpt lat="50.78632" lon="3.5485400000000005">
    <ele>50.830000000000005</ele>
   </trkpt>
   <trkpt lat="50.78642000000001" lon="3.5485300000000004">
    <ele>50.830000000000005</ele>
   </trkpt>
   <trkpt lat="50.786750000000005" lon="3.54856">
    <ele>45.89000000000001</ele>
   </trkpt>
   <trkpt lat="50.78689000000001" lon="3.54849">
    <ele>44.89000000000001</ele>
   </trkpt>
   <trkpt lat="50.787060000000004" lon="3.5483300000000004">
    <ele>43.18</ele>
   </trkpt>
   <trkpt lat="50.78723" lon="3.5480600000000004">
    <ele>39.970000000000006</ele>
   </trkpt>
   <trkpt lat="50.787670000000006" lon="3.5470200000000003">
    <ele>34.14</ele>
   </trkpt>
   <trkpt lat="50.787985001935986" lon="3.546355004384436">
    <ele>31.91</ele>
   </trkpt>
   <trkpt lat="50.78830000000001" lon="3.5456900000000005">
    <ele>29.94</ele>
   </trkpt>
   <trkpt lat="50.788610000000006" lon="3.5448800000000005">
    <ele>25.87</ele>
   </trkpt>
   <trkpt lat="50.78898" lon="3.5449300000000004">
    <ele>22.18</ele>
   </trkpt>
   <trkpt lat="50.78895000000001" lon="3.54477">
    <ele>21.67</ele>
   </trkpt>
   <trkpt lat="50.78895000000001" lon="3.5443900000000004">
    <ele>20.85</ele>
   </trkpt>
   <trkpt lat="50.78898" lon="3.5441800000000003">
    <ele>20.85</ele>
   </trkpt>
   <trkpt lat="50.78934" lon="3.54293">
    <ele>18.3</ele>
   </trkpt>
   <trkpt lat="50.78942000000001" lon="3.54252">
    <ele>17.6</ele>
   </trkpt>
   <trkpt lat="50.789440000000006" lon="3.5420800000000003">
    <ele>17.36</ele>
   </trkpt>
   <trkpt lat="50.78942000000001" lon="3.54185">
    <ele>17.130000000000003</ele>
   </trkpt>
   <trkpt lat="50.789295002931674" lon="3.541024997941295">
    <ele>16.970000000000002</ele>
   </trkpt>
   <trkpt lat="50.789170000000006" lon="3.5402000000000005">
    <ele>16.46</ele>
   </trkpt>
   <trkpt lat="50.78911" lon="3.5399300000000005">
    <ele>16.39</ele>
   </trkpt>
   <trkpt lat="50.789" lon="3.53954">
    <ele>16.43</ele>
   </trkpt>
   <trkpt lat="50.78856500481123" lon="3.5384899904674194">
    <ele>16.470000000000002</ele>
   </trkpt>
   <trkpt lat="50.78813" lon="3.53744">
    <ele>16.75</ele>
   </trkpt>
   <trkpt lat="50.788070000000005" lon="3.5370000000000004">
    <ele>16.630000000000003</ele>
   </trkpt>
   <trkpt lat="50.78811" lon="3.5365800000000003">
    <ele>16.52</ele>
   </trkpt>
   <trkpt lat="50.78821000000001" lon="3.53628">
    <ele>16.3</ele>
   </trkpt>
   <trkpt lat="50.78833" lon="3.53608">
    <ele>15.93</ele>
   </trkpt>
   <trkpt lat="50.788850000000004" lon="3.5354300000000003">
    <ele>15.360000000000001</ele>
   </trkpt>
   <trkpt lat="50.789080000000006" lon="3.5350300000000003">
    <ele>15.360000000000001</ele>
   </trkpt>
   <trkpt lat="50.789190000000005" lon="3.5347500000000003">
    <ele>15.3</ele>
   </trkpt>
   <trkpt lat="50.789260000000006" lon="3.5345100000000005">
    <ele>15.3</ele>
   </trkpt>
   <trkpt lat="50.789473340911975" lon="3.5335700084705945">
    <ele>14.780000000000001</ele>
   </trkpt>
   <trkpt lat="50.7896866742701" lon="3.5326300083615263">
    <ele>14.530000000000001</ele>
   </trkpt>
   <trkpt lat="50.7899" lon="3.53169">
    <ele>14.270000000000001</ele>
   </trkpt>
   <trkpt lat="50.789950000000005" lon="3.53141">
    <ele>14.270000000000001</ele>
   </trkpt>
   <trkpt lat="50.78996" lon="3.5312">
    <ele>14.190000000000001</ele>
   </trkpt>
   <trkpt lat="50.78994" lon="3.53086">
    <ele>14.190000000000001</ele>
   </trkpt>
   <trkpt lat="50.789770000000004" lon="3.5300700000000003">
    <ele>14.040000000000001</ele>
   </trkpt>
   <trkpt lat="50.789770000000004" lon="3.5296200000000004">
    <ele>14.030000000000001</ele>
   </trkpt>
   <trkpt lat="50.790000003008345" lon="3.5287900038541116">
    <ele>13.790000000000001</ele>
   </trkpt>
   <trkpt lat="50.79023" lon="3.52796">
    <ele>13.760000000000002</ele>
   </trkpt>
   <trkpt lat="50.79039" lon="3.5266900000000003">
    <ele>13.83</ele>
   </trkpt>
   <trkpt lat="50.790380000000006" lon="3.5264300000000004">
    <ele>13.44</ele>
   </trkpt>
   <trkpt lat="50.79032" lon="3.5260700000000003">
    <ele>13.19</ele>
   </trkpt>
   <trkpt lat="50.79026" lon="3.5249400000000004">
    <ele>13.330000000000002</ele>
   </trkpt>
   <trkpt lat="50.79028" lon="3.52463">
    <ele>13.39</ele>
   </trkpt>
   <trkpt lat="50.79034000000001" lon="3.52455">
    <ele>13.22</ele>
   </trkpt>
   <trkpt lat="50.79101666895712" lon="3.52403334828546">
    <ele>12.55</ele>
   </trkpt>
   <trkpt lat="50.79169333563219" lon="3.5235166816126493">
    <ele>12.520000000000001</ele>
   </trkpt>
   <trkpt lat="50.792370000000005" lon="3.523">
    <ele>13.240000000000002</ele>
   </trkpt>
   <trkpt lat="50.79258" lon="3.5228200000000003">
    <ele>13.55</ele>
   </trkpt>
   <trkpt lat="50.793000000000006" lon="3.5223600000000004">
    <ele>13.96</ele>
   </trkpt>
   <trkpt lat="50.793350000000004" lon="3.5218900000000004">
    <ele>14.13</ele>
   </trkpt>
   <trkpt lat="50.79348" lon="3.52159">
    <ele>14.15</ele>
   </trkpt>
   <trkpt lat="50.79382000359726" lon="3.5206700067480905">
    <ele>14.360000000000001</ele>
   </trkpt>
   <trkpt lat="50.794160000000005" lon="3.51975">
    <ele>14.75</ele>
   </trkpt>
   <trkpt lat="50.79473" lon="3.5189200000000005">
    <ele>14.84</ele>
   </trkpt>
   <trkpt lat="50.79462" lon="3.5184">
    <ele>14.360000000000001</ele>
   </trkpt>
   <trkpt lat="50.794490002514884" lon="3.517639998154978">
    <ele>13.260000000000002</ele>
   </trkpt>
   <trkpt lat="50.794360000000005" lon="3.5168800000000005">
    <ele>13.070000000000002</ele>
   </trkpt>
   <trkpt lat="50.79416251594154" lon="3.5157649858621363">
    <ele>12.290000000000001</ele>
   </trkpt>
   <trkpt lat="50.79396502125485" lon="3.5146499811469147">
    <ele>11.63</ele>
   </trkpt>
   <trkpt lat="50.793767515940125" lon="3.513534985854695">
    <ele>11.56</ele>
   </trkpt>
   <trkpt lat="50.79357" lon="3.51242">
    <ele>11.53</ele>
   </trkpt>
   <trkpt lat="50.79335000530379" lon="3.5113099949635487">
    <ele>11.56</ele>
   </trkpt>
   <trkpt lat="50.793130000000005" lon="3.5102">
    <ele>11.580000000000002</ele>
   </trkpt>
   <trkpt lat="50.79280000000001" lon="3.5090200000000005">
    <ele>11.63</ele>
   </trkpt>
   <trkpt lat="50.79261" lon="3.50843">
    <ele>11.770000000000001</ele>
   </trkpt>
   <trkpt lat="50.79261" lon="3.50836">
    <ele>11.770000000000001</ele>
   </trkpt>
   <trkpt lat="50.79245" lon="3.5079200000000004">
    <ele>11.83</ele>
   </trkpt>
   <trkpt lat="50.792460000000005" lon="3.50782">
    <ele>11.98</ele>
   </trkpt>
   <trkpt lat="50.79238" lon="3.50761">
    <ele>11.98</ele>
   </trkpt>
   <trkpt lat="50.792300000000004" lon="3.50727">
    <ele>12.32</ele>
   </trkpt>
   <trkpt lat="50.79231000000001" lon="3.5071600000000003">
    <ele>12.33</ele>
   </trkpt>
   <trkpt lat="50.79238" lon="3.5070400000000004">
    <ele>12.33</ele>
   </trkpt>
   <trkpt lat="50.79242000000001" lon="3.5069200000000005">
    <ele>12.360000000000001</ele>
   </trkpt>
   <trkpt lat="50.79243" lon="3.5065500000000003">
    <ele>12.5</ele>
   </trkpt>
   <trkpt lat="50.792500000000004" lon="3.5063700000000004">
    <ele>12.63</ele>
   </trkpt>
   <trkpt lat="50.792660000000005" lon="3.5061000000000004">
    <ele>13.070000000000002</ele>
   </trkpt>
   <trkpt lat="50.792790000000004" lon="3.5059600000000004">
    <ele>13.48</ele>
   </trkpt>
   <trkpt lat="50.79280000000001" lon="3.50586">
    <ele>13.48</ele>
   </trkpt>
   <trkpt lat="50.79340666925994" lon="3.5053100142709432">
    <ele>16.96</ele>
   </trkpt>
   <trkpt lat="50.79401333593389" lon="3.5047600142645616">
    <ele>19.8</ele>
   </trkpt>
   <trkpt lat="50.79462" lon="3.5042100000000005">
    <ele>19.540000000000003</ele>
   </trkpt>
   <trkpt lat="50.795255001433034" lon="3.503605008345182">
    <ele>16.57</ele>
   </trkpt>
   <trkpt lat="50.79589000000001" lon="3.503">
    <ele>14.860000000000001</ele>
   </trkpt>
   <trkpt lat="50.79639500099931" lon="3.5025400048841364">
    <ele>14.100000000000001</ele>
   </trkpt>
   <trkpt lat="50.7969" lon="3.5020800000000003">
    <ele>14.4</ele>
   </trkpt>
   <trkpt lat="50.79746000140748" lon="3.5015100068111007">
    <ele>14.350000000000001</ele>
   </trkpt>
   <trkpt lat="50.79802" lon="3.5009400000000004">
    <ele>14.66</ele>
   </trkpt>
   <trkpt lat="50.79811" lon="3.50084">
    <ele>14.650000000000002</ele>
   </trkpt>
   <trkpt lat="50.79822000000001" lon="3.5007800000000002">
    <ele>14.650000000000002</ele>
   </trkpt>
   <trkpt lat="50.79829" lon="3.5008600000000003">
    <ele>14.67</ele>
   </trkpt>
   <trkpt lat="50.798390000000005" lon="3.5008600000000003">
    <ele>14.67</ele>
   </trkpt>
   <trkpt lat="50.79872" lon="3.50137">
    <ele>14.600000000000001</ele>
   </trkpt>
   <trkpt lat="50.7991" lon="3.5021000000000004">
    <ele>14.450000000000001</ele>
   </trkpt>
   <trkpt lat="50.799380000000006" lon="3.5027700000000004">
    <ele>14.520000000000001</ele>
   </trkpt>
   <trkpt lat="50.79972334120007" lon="3.5037299858613054">
    <ele>14.39</ele>
   </trkpt>
   <trkpt lat="50.80006667452205" lon="3.5046899858293097">
    <ele>14.14</ele>
   </trkpt>
   <trkpt lat="50.80041000000001" lon="3.50565">
    <ele>14.110000000000001</ele>
   </trkpt>
   <trkpt lat="50.80071" lon="3.50654">
    <ele>13.82</ele>
   </trkpt>
   <trkpt lat="50.800960006544074" lon="3.50741665719596">
    <ele>13.750000000000002</ele>
   </trkpt>
   <trkpt lat="50.80121000651844" lon="3.5082933237725804">
    <ele>13.600000000000001</ele>
   </trkpt>
   <trkpt lat="50.801460000000006" lon="3.50917">
    <ele>13.510000000000002</ele>
   </trkpt>
   <trkpt lat="50.80154" lon="3.5094000000000003">
    <ele>13.340000000000002</ele>
   </trkpt>
   <trkpt lat="50.801950000000005" lon="3.5102100000000003">
    <ele>13.160000000000002</ele>
   </trkpt>
   <trkpt lat="50.802130000000005" lon="3.5105000000000004">
    <ele>13.09</ele>
   </trkpt>
   <trkpt lat="50.80272" lon="3.5111000000000003">
    <ele>12.92</ele>
   </trkpt>
   <trkpt lat="50.80288" lon="3.5113100000000004">
    <ele>12.950000000000001</ele>
   </trkpt>
   <trkpt lat="50.80343877643082" lon="3.5122499213033986">
    <ele>13.620000000000001</ele>
   </trkpt>
   <trkpt lat="50.803997545309535" lon="3.5131898650883233">
    <ele>14.090000000000002</ele>
   </trkpt>
   <trkpt lat="50.804556306635824" lon="3.514129831355456">
    <ele>15.160000000000002</ele>
   </trkpt>
   <trkpt lat="50.80511506040934" lon="3.515069820105478">
    <ele>16.03</ele>
   </trkpt>
   <trkpt lat="50.80567380662976" lon="3.5160098313390717">
    <ele>16.720000000000002</ele>
   </trkpt>
   <trkpt lat="50.806232545296766" lon="3.516949865056917">
    <ele>16.61</ele>
   </trkpt>
   <trkpt lat="50.80679127641001" lon="3.5178899212596964">
    <ele>16.61</ele>
   </trkpt>
   <trkpt lat="50.80735000000001" lon="3.5188300000000003">
    <ele>16.560000000000002</ele>
   </trkpt>
   <trkpt lat="50.80774000177486" lon="3.519469994696896">
    <ele>16.540000000000003</ele>
   </trkpt>
   <trkpt lat="50.808130000000006" lon="3.5201100000000003">
    <ele>16.630000000000003</ele>
   </trkpt>
   <trkpt lat="50.808440000000004" lon="3.5206600000000003">
    <ele>16.630000000000003</ele>
   </trkpt>
   <trkpt lat="50.80898000348271" lon="3.521559989631046">
    <ele>16.540000000000003</ele>
   </trkpt>
   <trkpt lat="50.809520000000006" lon="3.52246">
    <ele>16.220000000000002</ele>
   </trkpt>
   <trkpt lat="50.81006000513043" lon="3.5232333154802054">
    <ele>15.250000000000002</ele>
   </trkpt>
   <trkpt lat="50.81060000514901" lon="3.5240066488398534">
    <ele>14.51</ele>
   </trkpt>
   <trkpt lat="50.81114" lon="3.5247800000000002">
    <ele>14.200000000000001</ele>
   </trkpt>
   <trkpt lat="50.81174000348044" lon="3.5256749885884546">
    <ele>14.71</ele>
   </trkpt>
   <trkpt lat="50.812340000000006" lon="3.5265700000000004">
    <ele>15.47</ele>
   </trkpt>
   <trkpt lat="50.81272500221899" lon="3.527279994266752">
    <ele>15.65</ele>
   </trkpt>
   <trkpt lat="50.81311" lon="3.5279900000000004">
    <ele>15.65</ele>
   </trkpt>
   <trkpt lat="50.813570000000006" lon="3.5289300000000003">
    <ele>15.430000000000001</ele>
   </trkpt>
   <trkpt lat="50.81384000164282" lon="3.529539996592428">
    <ele>15.250000000000002</ele>
   </trkpt>
   <trkpt lat="50.81411000000001" lon="3.5301500000000003">
    <ele>14.83</ele>
   </trkpt>
   <trkpt lat="50.814530000000005" lon="3.5312">
    <ele>14.23</ele>
   </trkpt>
   <trkpt lat="50.8148250015816" lon="3.531809996129147">
    <ele>14.030000000000001</ele>
   </trkpt>
   <trkpt lat="50.81512000000001" lon="3.53242">
    <ele>13.8</ele>
   </trkpt>
   <trkpt lat="50.81559000925404" lon="3.5334599790880854">
    <ele>13.65</ele>
   </trkpt>
   <trkpt lat="50.81606000926333" lon="3.5344999791082876">
    <ele>14.4</ele>
   </trkpt>
   <trkpt lat="50.81653000000001" lon="3.53554">
    <ele>14.88</ele>
   </trkpt>
   <trkpt lat="50.816880000000005" lon="3.53628">
    <ele>15.14</ele>
   </trkpt>
   <trkpt lat="50.817240000000005" lon="3.53696">
    <ele>15.580000000000002</ele>
   </trkpt>
   <trkpt lat="50.81747000000001" lon="3.5373200000000002">
    <ele>15.64</ele>
   </trkpt>
   <trkpt lat="50.81797000911551" lon="3.5381624729641046">
    <ele>15.370000000000001</ele>
   </trkpt>
   <trkpt lat="50.818470012164354" lon="3.539004963968967">
    <ele>15.430000000000001</ele>
   </trkpt>
   <trkpt lat="50.81897000914629" lon="3.539847473015076">
    <ele>15.64</ele>
   </trkpt>
   <trkpt lat="50.81947" lon="3.54069">
    <ele>15.92</ele>
   </trkpt>
   <trkpt lat="50.81954" lon="3.54076">
    <ele>15.92</ele>
   </trkpt>
   <trkpt lat="50.81964000000001" lon="3.54082">
    <ele>16.099999999999998</ele>
   </trkpt>
   <trkpt lat="50.819790000000005" lon="3.5408700000000004">
    <ele>16.099999999999998</ele>
   </trkpt>
   <trkpt lat="50.820130000000006" lon="3.5409200000000003">
    <ele>16.34</ele>
   </trkpt>
   <trkpt lat="50.8205" lon="3.5409300000000004">
    <ele>16.560000000000002</ele>
   </trkpt>
   <trkpt lat="50.82129000016351" lon="3.540830001676585">
    <ele>16.89</ele>
   </trkpt>
   <trkpt lat="50.82208000000001" lon="3.5407300000000004">
    <ele>16.51</ele>
   </trkpt>
   <trkpt lat="50.82283" lon="3.5404400000000003">
    <ele>15.620000000000001</ele>
   </trkpt>
   <trkpt lat="50.82309000000001" lon="3.5403900000000004">
    <ele>15.500000000000002</ele>
   </trkpt>
   <trkpt lat="50.82320000000001" lon="3.5404400000000003">
    <ele>15.56</ele>
   </trkpt>
   <trkpt lat="50.823620000000005" lon="3.5407300000000004">
    <ele>15.520000000000001</ele>
   </trkpt>
   <trkpt lat="50.824380000000005" lon="3.5413900000000003">
    <ele>16.26</ele>
   </trkpt>
   <trkpt lat="50.824510000000004" lon="3.5415600000000005">
    <ele>16.34</ele>
   </trkpt>
   <trkpt lat="50.82468" lon="3.5418600000000002">
    <ele>16.41</ele>
   </trkpt>
   <trkpt lat="50.825060002445134" lon="3.5426299935532994">
    <ele>16.19</ele>
   </trkpt>
   <trkpt lat="50.82544000000001" lon="3.5434">
    <ele>16.17</ele>
   </trkpt>
   <trkpt lat="50.82574" lon="3.5441000000000003">
    <ele>15.97</ele>
   </trkpt>
   <trkpt lat="50.826055003185616" lon="3.544964994131098">
    <ele>15.27</ele>
   </trkpt>
   <trkpt lat="50.826370000000004" lon="3.5458300000000005">
    <ele>15.64</ele>
   </trkpt>
   <trkpt lat="50.826440000000005" lon="3.5459400000000003">
    <ele>15.64</ele>
   </trkpt>
   <trkpt lat="50.82688" lon="3.5464100000000003">
    <ele>15.97</ele>
   </trkpt>
   <trkpt lat="50.82694000000001" lon="3.5464900000000004">
    <ele>16.080000000000002</ele>
   </trkpt>
   <trkpt lat="50.826980000000006" lon="3.54659">
    <ele>16.23</ele>
   </trkpt>
   <trkpt lat="50.827040000000004" lon="3.5468300000000004">
    <ele>16.41</ele>
   </trkpt>
   <trkpt lat="50.82706" lon="3.54726">
    <ele>16.580000000000002</ele>
   </trkpt>
   <trkpt lat="50.827310000000004" lon="3.5485800000000003">
    <ele>16.400000000000002</ele>
   </trkpt>
   <trkpt lat="50.827380000000005" lon="3.5490700000000004">
    <ele>16.330000000000002</ele>
   </trkpt>
   <trkpt lat="50.82747000381543" lon="3.550014998169797">
    <ele>15.63</ele>
   </trkpt>
   <trkpt lat="50.827560000000005" lon="3.5509600000000003">
    <ele>14.860000000000001</ele>
   </trkpt>
   <trkpt lat="50.82768" lon="3.55195">
    <ele>15.240000000000002</ele>
   </trkpt>
   <trkpt lat="50.82777" lon="3.5524100000000005">
    <ele>15.57</ele>
   </trkpt>
   <trkpt lat="50.827890000000004" lon="3.5528600000000004">
    <ele>15.690000000000003</ele>
   </trkpt>
   <trkpt lat="50.82806" lon="3.55337">
    <ele>16.27</ele>
   </trkpt>
   <trkpt lat="50.828340000000004" lon="3.5540100000000003">
    <ele>16.92</ele>
   </trkpt>
   <trkpt lat="50.82855000000001" lon="3.5544000000000002">
    <ele>18.17</ele>
   </trkpt>
   <trkpt lat="50.828970000000005" lon="3.5550100000000002">
    <ele>18.860000000000003</ele>
   </trkpt>
   <trkpt lat="50.829652507398684" lon="3.5557699666576106">
    <ele>19.000000000000004</ele>
   </trkpt>
   <trkpt lat="50.83033500986116" lon="3.55652995553841">
    <ele>19.000000000000004</ele>
   </trkpt>
   <trkpt lat="50.831017507387145" lon="3.557289966643427">
    <ele>20.540000000000003</ele>
   </trkpt>
   <trkpt lat="50.831700000000005" lon="3.55805">
    <ele>20.540000000000003</ele>
   </trkpt>
   <trkpt lat="50.83196" lon="3.5584700000000002">
    <ele>19.900000000000002</ele>
   </trkpt>
   <trkpt lat="50.83236" lon="3.55933">
    <ele>19.53</ele>
   </trkpt>
   <trkpt lat="50.83283" lon="3.5604700000000005">
    <ele>19.630000000000003</ele>
   </trkpt>
   <trkpt lat="50.83307000319072" lon="3.561339995368172">
    <ele>19.55</ele>
   </trkpt>
   <trkpt lat="50.833310000000004" lon="3.5622100000000003">
    <ele>19.14</ele>
   </trkpt>
   <trkpt lat="50.833380000000005" lon="3.5627400000000002">
    <ele>18.89</ele>
   </trkpt>
   <trkpt lat="50.83346" lon="3.5639100000000004">
    <ele>18.76</ele>
   </trkpt>
   <trkpt lat="50.833400000000005" lon="3.5640400000000003">
    <ele>18.830000000000002</ele>
   </trkpt>
   <trkpt lat="50.83343000000001" lon="3.5642500000000004">
    <ele>18.830000000000002</ele>
   </trkpt>
   <trkpt lat="50.833540000000006" lon="3.5646700000000004">
    <ele>18.830000000000002</ele>
   </trkpt>
   <trkpt lat="50.83366" lon="3.5649900000000003">
    <ele>18.71</ele>
   </trkpt>
   <trkpt lat="50.834160007875234" lon="3.5659499794291247">
    <ele>18.340000000000003</ele>
   </trkpt>
   <trkpt lat="50.83466000787437" lon="3.5669099794270727">
    <ele>17.720000000000002</ele>
   </trkpt>
   <trkpt lat="50.83516" lon="3.56787">
    <ele>17.210000000000004</ele>
   </trkpt>
   <trkpt lat="50.83557500308217" lon="3.568719992431058">
    <ele>16.82</ele>
   </trkpt>
   <trkpt lat="50.83599" lon="3.56957">
    <ele>16.84</ele>
   </trkpt>
   <trkpt lat="50.836315002801015" lon="3.570379994352797">
    <ele>16.310000000000002</ele>
   </trkpt>
   <trkpt lat="50.83664" lon="3.57119">
    <ele>15.770000000000003</ele>
   </trkpt>
   <trkpt lat="50.83706" lon="3.57242">
    <ele>14.76</ele>
   </trkpt>
   <trkpt lat="50.83733" lon="3.57336">
    <ele>13.88</ele>
   </trkpt>
   <trkpt lat="50.837540000000004" lon="3.5741700000000005">
    <ele>13.71</ele>
   </trkpt>
   <trkpt lat="50.83773000000001" lon="3.5750100000000002">
    <ele>13.66</ele>
   </trkpt>
   <trkpt lat="50.83789500340604" lon="3.5759049967445926">
    <ele>13.63</ele>
   </trkpt>
   <trkpt lat="50.838060000000006" lon="3.5768000000000004">
    <ele>13.500000000000002</ele>
   </trkpt>
   <trkpt lat="50.83825502092031" lon="3.5780774839824003">
    <ele>13.36</ele>
   </trkpt>
   <trkpt lat="50.83845002789364" lon="3.5793549786419616">
    <ele>13.330000000000002</ele>
   </trkpt>
   <trkpt lat="50.83864502091978" lon="3.580632483978084">
    <ele>13.410000000000002</ele>
   </trkpt>
   <trkpt lat="50.838840000000005" lon="3.58191">
    <ele>13.56</ele>
   </trkpt>
   <trkpt lat="50.838986675498056" lon="3.5829266602630967">
    <ele>13.600000000000001</ele>
   </trkpt>
   <trkpt lat="50.83913334216294" lon="3.5839433269171512">
    <ele>13.56</ele>
   </trkpt>
   <trkpt lat="50.83928" lon="3.58496">
    <ele>13.430000000000001</ele>
   </trkpt>
   <trkpt lat="50.83935" lon="3.5853300000000004">
    <ele>13.430000000000001</ele>
   </trkpt>
   <trkpt lat="50.83953802627804" lon="3.5865699800009567">
    <ele>13.340000000000002</ele>
   </trkpt>
   <trkpt lat="50.8397260394161" lon="3.5878099699943746">
    <ele>13.420000000000002</ele>
   </trkpt>
   <trkpt lat="50.839914039413976" lon="3.5890499699797043">
    <ele>13.32</ele>
   </trkpt>
   <trkpt lat="50.8401020262715" lon="3.590289979956395">
    <ele>13.35</ele>
   </trkpt>
   <trkpt lat="50.84029" lon="3.59153">
    <ele>13.7</ele>
   </trkpt>
   <trkpt lat="50.840360000000004" lon="3.5914800000000002">
    <ele>13.81</ele>
   </trkpt>
  </trkseg>
 </trk>
</gpx>
