<?xml version="1.0" encoding="UTF-8"?>
<gpx creator="StravaGPX" version="1.1" xmlns="http://www.topografix.com/GPX/1/1" xmlns:xsi="http://www.w3.org/2001/XMLSchema-instance" xsi:schemaLocation="http://www.topografix.com/GPX/1/1 http://www.topografix.com/GPX/1/1/gpx.xsd">
 <metadata>
  <name>Tour De Adolf and Maria</name>
  <author>
   <name>Kev Mayfield (Garforth Velo)</name>
   <link href="https://www.strava.com/athletes/8751805"/>
  </author>
  <copyright author="OpenStreetMap contributors">
   <year>2020</year>
   <license>https://www.openstreetmap.org/copyright</license>
  </copyright>
  <link href="https://www.strava.com/routes/3526503312402220404"/>
 </metadata>
 <trk>
  <name>Tour De Adolf and Maria</name>
  <link href="https://www.strava.com/routes/3526503312402220404"/>
  <type>cycling</type>
  <trkseg>
   <trkpt lat="47.629760000000005" lon="13.004890000000001">
    <ele>539.49</ele>
   </trkpt>
   <trkpt lat="47.629870000000004" lon="13.0051">
    <ele>539.46</ele>
   </trkpt>
   <trkpt lat="47.63018" lon="13.00557">
    <ele>539.42</ele>
   </trkpt>
   <trkpt lat="47.630590000000005" lon="13.006100000000002">
    <ele>539.3100000000001</ele>
   </trkpt>
   <trkpt lat="47.63100000000001" lon="13.006570000000002">
    <ele>537.98</ele>
   </trkpt>
   <trkpt lat="47.631280000000004" lon="13.006810000000002">
    <ele>537.58</ele>
   </trkpt>
   <trkpt lat="47.63168" lon="13.00702">
    <ele>537.2900000000001</ele>
   </trkpt>
   <trkpt lat="47.63208" lon="13.00708">
    <ele>537.0600000000001</ele>
   </trkpt>
   <trkpt lat="47.632669999937654" lon="13.007194998678294">
    <ele>536.6</ele>
   </trkpt>
   <trkpt lat="47.63326000000001" lon="13.00731">
    <ele>535.63</ele>
   </trkpt>
   <trkpt lat="47.63376" lon="13.00754">
    <ele>535.19</ele>
   </trkpt>
   <trkpt lat="47.63414" lon="13.007750000000001">
    <ele>534.91</ele>
   </trkpt>
   <trkpt lat="47.63448" lon="13.008040000000001">
    <ele>534.9200000000001</ele>
   </trkpt>
   <trkpt lat="47.634915000697106" lon="13.008474996253703">
    <ele>534.86</ele>
   </trkpt>
   <trkpt lat="47.63535" lon="13.00891">
    <ele>534.87</ele>
   </trkpt>
   <trkpt lat="47.63570000000001" lon="13.009290000000002">
    <ele>534.64</ele>
   </trkpt>
   <trkpt lat="47.635960000000004" lon="13.00961">
    <ele>534.49</ele>
   </trkpt>
   <trkpt lat="47.636300000000006" lon="13.010150000000001">
    <ele>534.2</ele>
   </trkpt>
   <trkpt lat="47.63651" lon="13.010600000000002">
    <ele>534.2</ele>
   </trkpt>
   <trkpt lat="47.636660000000006" lon="13.011040000000001">
    <ele>534.1700000000001</ele>
   </trkpt>
   <trkpt lat="47.63673000000001" lon="13.011360000000002">
    <ele>534.0400000000001</ele>
   </trkpt>
   <trkpt lat="47.63682000000001" lon="13.01191">
    <ele>533.94</ele>
   </trkpt>
   <trkpt lat="47.63681500383959" lon="13.012850000003075">
    <ele>533.6899999999999</ele>
   </trkpt>
   <trkpt lat="47.636810000000004" lon="13.01379">
    <ele>533.52</ele>
   </trkpt>
   <trkpt lat="47.63684000000001" lon="13.014240000000001">
    <ele>533.44</ele>
   </trkpt>
   <trkpt lat="47.636880000000005" lon="13.01462">
    <ele>533.3100000000001</ele>
   </trkpt>
   <trkpt lat="47.636970000000005" lon="13.01496">
    <ele>533.3100000000001</ele>
   </trkpt>
   <trkpt lat="47.63705" lon="13.01518">
    <ele>533.2600000000001</ele>
   </trkpt>
   <trkpt lat="47.63716" lon="13.015400000000001">
    <ele>533.1800000000001</ele>
   </trkpt>
   <trkpt lat="47.637350000000005" lon="13.015690000000001">
    <ele>533.07</ele>
   </trkpt>
   <trkpt lat="47.63763" lon="13.015960000000002">
    <ele>533.0</ele>
   </trkpt>
   <trkpt lat="47.63778000000001" lon="13.016060000000001">
    <ele>532.91</ele>
   </trkpt>
   <trkpt lat="47.63803" lon="13.016190000000002">
    <ele>532.73</ele>
   </trkpt>
   <trkpt lat="47.63832000000001" lon="13.01626">
    <ele>532.7</ele>
   </trkpt>
   <trkpt lat="47.63875" lon="13.01627">
    <ele>532.51</ele>
   </trkpt>
   <trkpt lat="47.63934500008679" lon="13.016155001303998">
    <ele>532.1</ele>
   </trkpt>
   <trkpt lat="47.63994" lon="13.01604">
    <ele>531.61</ele>
   </trkpt>
   <trkpt lat="47.64034" lon="13.01603">
    <ele>530.99</ele>
   </trkpt>
   <trkpt lat="47.64059" lon="13.016060000000001">
    <ele>530.5000000000001</ele>
   </trkpt>
   <trkpt lat="47.64078000000001" lon="13.01612">
    <ele>530.12</ele>
   </trkpt>
   <trkpt lat="47.64096000000001" lon="13.016210000000001">
    <ele>529.94</ele>
   </trkpt>
   <trkpt lat="47.64112" lon="13.016330000000002">
    <ele>529.8000000000001</ele>
   </trkpt>
   <trkpt lat="47.64137" lon="13.016610000000002">
    <ele>529.6500000000001</ele>
   </trkpt>
   <trkpt lat="47.641650000000006" lon="13.01716">
    <ele>529.1800000000001</ele>
   </trkpt>
   <trkpt lat="47.64177" lon="13.01749">
    <ele>529.0</ele>
   </trkpt>
   <trkpt lat="47.642010000000006" lon="13.018390000000002">
    <ele>528.81</ele>
   </trkpt>
   <trkpt lat="47.64226001008349" lon="13.0194666564069">
    <ele>528.37</ele>
   </trkpt>
   <trkpt lat="47.642510010094036" lon="13.020543323118808">
    <ele>528.19</ele>
   </trkpt>
   <trkpt lat="47.64276" lon="13.02162">
    <ele>527.7700000000001</ele>
   </trkpt>
   <trkpt lat="47.642950000000006" lon="13.022240000000002">
    <ele>527.45</ele>
   </trkpt>
   <trkpt lat="47.64309" lon="13.022580000000001">
    <ele>527.3</ele>
   </trkpt>
   <trkpt lat="47.64340000000001" lon="13.023150000000001">
    <ele>526.93</ele>
   </trkpt>
   <trkpt lat="47.64385" lon="13.023890000000002">
    <ele>526.07</ele>
   </trkpt>
   <trkpt lat="47.64403" lon="13.024230000000001">
    <ele>525.73</ele>
   </trkpt>
   <trkpt lat="47.64419" lon="13.024590000000002">
    <ele>525.45</ele>
   </trkpt>
   <trkpt lat="47.644290000000005" lon="13.024880000000001">
    <ele>525.15</ele>
   </trkpt>
   <trkpt lat="47.64439" lon="13.025200000000002">
    <ele>524.63</ele>
   </trkpt>
   <trkpt lat="47.64448" lon="13.0256">
    <ele>524.63</ele>
   </trkpt>
   <trkpt lat="47.64462000351687" lon="13.02649999757264">
    <ele>523.7400000000001</ele>
   </trkpt>
   <trkpt lat="47.644760000000005" lon="13.027400000000002">
    <ele>523.07</ele>
   </trkpt>
   <trkpt lat="47.64491" lon="13.028">
    <ele>523.03</ele>
   </trkpt>
   <trkpt lat="47.64511" lon="13.028550000000001">
    <ele>523.07</ele>
   </trkpt>
   <trkpt lat="47.645270000000004" lon="13.028920000000001">
    <ele>523.32</ele>
   </trkpt>
   <trkpt lat="47.64547" lon="13.02926">
    <ele>523.42</ele>
   </trkpt>
   <trkpt lat="47.645680000000006" lon="13.029560000000002">
    <ele>523.5300000000001</ele>
   </trkpt>
   <trkpt lat="47.646010000000004" lon="13.02993">
    <ele>524.19</ele>
   </trkpt>
   <trkpt lat="47.64640000058825" lon="13.03032499695993">
    <ele>524.2800000000001</ele>
   </trkpt>
   <trkpt lat="47.64679" lon="13.03072">
    <ele>524.3100000000001</ele>
   </trkpt>
   <trkpt lat="47.64714000000001" lon="13.031130000000001">
    <ele>524.1300000000001</ele>
   </trkpt>
   <trkpt lat="47.64744" lon="13.03151">
    <ele>523.81</ele>
   </trkpt>
   <trkpt lat="47.64788" lon="13.032140000000002">
    <ele>523.2800000000001</ele>
   </trkpt>
   <trkpt lat="47.64824" lon="13.03273">
    <ele>522.95</ele>
   </trkpt>
   <trkpt lat="47.64865000509624" lon="13.03349665460906">
    <ele>522.59</ele>
   </trkpt>
   <trkpt lat="47.64906000508515" lon="13.034263321254816">
    <ele>522.49</ele>
   </trkpt>
   <trkpt lat="47.64947" lon="13.03503">
    <ele>522.2900000000001</ele>
   </trkpt>
   <trkpt lat="47.649750000000004" lon="13.03542">
    <ele>522.25</ele>
   </trkpt>
   <trkpt lat="47.64996000000001" lon="13.035670000000001">
    <ele>522.12</ele>
   </trkpt>
   <trkpt lat="47.650200000000005" lon="13.035910000000001">
    <ele>522.1600000000001</ele>
   </trkpt>
   <trkpt lat="47.650600000000004" lon="13.036270000000002">
    <ele>522.1600000000001</ele>
   </trkpt>
   <trkpt lat="47.651250000000005" lon="13.036810000000001">
    <ele>521.69</ele>
   </trkpt>
   <trkpt lat="47.651450000000004" lon="13.036990000000001">
    <ele>521.61</ele>
   </trkpt>
   <trkpt lat="47.651790000000005" lon="13.03733">
    <ele>521.6</ele>
   </trkpt>
   <trkpt lat="47.652280000000005" lon="13.037880000000001">
    <ele>519.97</ele>
   </trkpt>
   <trkpt lat="47.652680000000004" lon="13.03842">
    <ele>518.49</ele>
   </trkpt>
   <trkpt lat="47.65314" lon="13.039100000000001">
    <ele>517.94</ele>
   </trkpt>
   <trkpt lat="47.653380000000006" lon="13.039470000000001">
    <ele>517.5600000000001</ele>
   </trkpt>
   <trkpt lat="47.653785002325456" lon="13.04019499445198">
    <ele>516.46</ele>
   </trkpt>
   <trkpt lat="47.65419000000001" lon="13.040920000000002">
    <ele>515.82</ele>
   </trkpt>
   <trkpt lat="47.654540000000004" lon="13.04137">
    <ele>515.69</ele>
   </trkpt>
   <trkpt lat="47.65471" lon="13.041540000000001">
    <ele>515.84</ele>
   </trkpt>
   <trkpt lat="47.65495000000001" lon="13.0417">
    <ele>515.85</ele>
   </trkpt>
   <trkpt lat="47.65513000000001" lon="13.04179">
    <ele>515.85</ele>
   </trkpt>
   <trkpt lat="47.65536" lon="13.041860000000002">
    <ele>515.6200000000001</ele>
   </trkpt>
   <trkpt lat="47.65563" lon="13.04189">
    <ele>517.0400000000001</ele>
   </trkpt>
   <trkpt lat="47.65556" lon="13.042340000000001">
    <ele>521.27</ele>
   </trkpt>
   <trkpt lat="47.655550000000005" lon="13.04263">
    <ele>523.75</ele>
   </trkpt>
   <trkpt lat="47.65556" lon="13.043370000000001">
    <ele>528.6500000000001</ele>
   </trkpt>
   <trkpt lat="47.655620000000006" lon="13.04358">
    <ele>536.51</ele>
   </trkpt>
   <trkpt lat="47.65572" lon="13.043830000000002">
    <ele>536.51</ele>
   </trkpt>
   <trkpt lat="47.656040001736564" lon="13.044464996078103">
    <ele>546.4</ele>
   </trkpt>
   <trkpt lat="47.65636000000001" lon="13.045100000000001">
    <ele>557.9200000000001</ele>
   </trkpt>
   <trkpt lat="47.656470000000006" lon="13.04536">
    <ele>564.61</ele>
   </trkpt>
   <trkpt lat="47.656710000000004" lon="13.046100000000001">
    <ele>573.58</ele>
   </trkpt>
   <trkpt lat="47.65702" lon="13.04677">
    <ele>584.2400000000001</ele>
   </trkpt>
   <trkpt lat="47.657210000000006" lon="13.047440000000002">
    <ele>593.37</ele>
   </trkpt>
   <trkpt lat="47.65726" lon="13.048020000000001">
    <ele>605.1700000000001</ele>
   </trkpt>
   <trkpt lat="47.657300000000006" lon="13.048160000000001">
    <ele>605.1700000000001</ele>
   </trkpt>
   <trkpt lat="47.657340000000005" lon="13.048210000000001">
    <ele>607.1200000000001</ele>
   </trkpt>
   <trkpt lat="47.6574" lon="13.048240000000002">
    <ele>608.04</ele>
   </trkpt>
   <trkpt lat="47.65755" lon="13.048250000000001">
    <ele>610.44</ele>
   </trkpt>
   <trkpt lat="47.65802" lon="13.04822">
    <ele>616.3900000000001</ele>
   </trkpt>
   <trkpt lat="47.65832" lon="13.048330000000002">
    <ele>618.77</ele>
   </trkpt>
   <trkpt lat="47.65876" lon="13.048380000000002">
    <ele>620.33</ele>
   </trkpt>
   <trkpt lat="47.65896" lon="13.048480000000001">
    <ele>622.0400000000001</ele>
   </trkpt>
   <trkpt lat="47.659130000000005" lon="13.048620000000001">
    <ele>622.9100000000001</ele>
   </trkpt>
   <trkpt lat="47.659780000000005" lon="13.04945">
    <ele>627.97</ele>
   </trkpt>
   <trkpt lat="47.660050000000005" lon="13.04973">
    <ele>629.3700000000001</ele>
   </trkpt>
   <trkpt lat="47.660720000000005" lon="13.050360000000001">
    <ele>634.07</ele>
   </trkpt>
   <trkpt lat="47.660880000000006" lon="13.05057">
    <ele>634.51</ele>
   </trkpt>
   <trkpt lat="47.661100000000005" lon="13.051000000000002">
    <ele>635.6</ele>
   </trkpt>
   <trkpt lat="47.66157000223103" lon="13.051699993850194">
    <ele>638.1800000000001</ele>
   </trkpt>
   <trkpt lat="47.662040000000005" lon="13.0524">
    <ele>640.4300000000001</ele>
   </trkpt>
   <trkpt lat="47.66228" lon="13.05267">
    <ele>641.5600000000001</ele>
   </trkpt>
   <trkpt lat="47.66241" lon="13.052790000000002">
    <ele>643.02</ele>
   </trkpt>
   <trkpt lat="47.66292000000001" lon="13.05314">
    <ele>645.45</ele>
   </trkpt>
   <trkpt lat="47.66337000070537" lon="13.053509996901425">
    <ele>647.93</ele>
   </trkpt>
   <trkpt lat="47.66382" lon="13.053880000000001">
    <ele>649.58</ele>
   </trkpt>
   <trkpt lat="47.66405" lon="13.05404">
    <ele>651.6200000000001</ele>
   </trkpt>
   <trkpt lat="47.66414" lon="13.054070000000001">
    <ele>651.6200000000001</ele>
   </trkpt>
   <trkpt lat="47.66480000012456" lon="13.054179998621184">
    <ele>653.5300000000001</ele>
   </trkpt>
   <trkpt lat="47.66546" lon="13.054290000000002">
    <ele>654.5000000000001</ele>
   </trkpt>
   <trkpt lat="47.665710000000004" lon="13.054380000000002">
    <ele>654.5000000000001</ele>
   </trkpt>
   <trkpt lat="47.66648000000001" lon="13.05484">
    <ele>655.4000000000001</ele>
   </trkpt>
   <trkpt lat="47.66673" lon="13.055010000000001">
    <ele>655.6500000000001</ele>
   </trkpt>
   <trkpt lat="47.66711" lon="13.055330000000001">
    <ele>656.59</ele>
   </trkpt>
   <trkpt lat="47.667480000000005" lon="13.055510000000002">
    <ele>656.97</ele>
   </trkpt>
   <trkpt lat="47.66771000000001" lon="13.05569">
    <ele>657.2600000000001</ele>
   </trkpt>
   <trkpt lat="47.667840000000005" lon="13.055860000000001">
    <ele>657.81</ele>
   </trkpt>
   <trkpt lat="47.66830500236106" lon="13.05658999356836">
    <ele>659.2300000000001</ele>
   </trkpt>
   <trkpt lat="47.66877" lon="13.05732">
    <ele>661.1100000000001</ele>
   </trkpt>
   <trkpt lat="47.66886" lon="13.05741">
    <ele>661.37</ele>
   </trkpt>
   <trkpt lat="47.669230000000006" lon="13.057830000000001">
    <ele>662.51</ele>
   </trkpt>
   <trkpt lat="47.669540000000005" lon="13.058320000000002">
    <ele>664.08</ele>
   </trkpt>
   <trkpt lat="47.670020005241604" lon="13.059409990156823">
    <ele>666.81</ele>
   </trkpt>
   <trkpt lat="47.670500000000004" lon="13.060500000000001">
    <ele>669.0</ele>
   </trkpt>
   <trkpt lat="47.67096" lon="13.061370000000002">
    <ele>672.7900000000001</ele>
   </trkpt>
   <trkpt lat="47.67116" lon="13.06182">
    <ele>675.39</ele>
   </trkpt>
   <trkpt lat="47.671290000000006" lon="13.062220000000002">
    <ele>677.0600000000001</ele>
   </trkpt>
   <trkpt lat="47.67156000000001" lon="13.063360000000001">
    <ele>679.7800000000001</ele>
   </trkpt>
   <trkpt lat="47.671760000000006" lon="13.0638">
    <ele>679.64</ele>
   </trkpt>
   <trkpt lat="47.67224" lon="13.0647">
    <ele>677.18</ele>
   </trkpt>
   <trkpt lat="47.672450000000005" lon="13.06502">
    <ele>676.7700000000001</ele>
   </trkpt>
   <trkpt lat="47.67259000000001" lon="13.065170000000002">
    <ele>675.3100000000001</ele>
   </trkpt>
   <trkpt lat="47.672810000000005" lon="13.06535">
    <ele>675.3100000000001</ele>
   </trkpt>
   <trkpt lat="47.67306000000001" lon="13.065510000000002">
    <ele>674.4300000000001</ele>
   </trkpt>
   <trkpt lat="47.673230000000004" lon="13.065750000000001">
    <ele>673.94</ele>
   </trkpt>
   <trkpt lat="47.67363" lon="13.06685">
    <ele>673.2300000000001</ele>
   </trkpt>
   <trkpt lat="47.67390000169955" lon="13.067464996946443">
    <ele>673.82</ele>
   </trkpt>
   <trkpt lat="47.674170000000004" lon="13.068080000000002">
    <ele>675.58</ele>
   </trkpt>
   <trkpt lat="47.67445000000001" lon="13.069120000000002">
    <ele>678.3100000000001</ele>
   </trkpt>
   <trkpt lat="47.67455" lon="13.069350000000002">
    <ele>678.3800000000001</ele>
   </trkpt>
   <trkpt lat="47.674640000000004" lon="13.069500000000001">
    <ele>678.35</ele>
   </trkpt>
   <trkpt lat="47.674800000000005" lon="13.069680000000002">
    <ele>677.3800000000001</ele>
   </trkpt>
   <trkpt lat="47.675110000000004" lon="13.07027">
    <ele>676.25</ele>
   </trkpt>
   <trkpt lat="47.675290000000004" lon="13.07056">
    <ele>674.98</ele>
   </trkpt>
   <trkpt lat="47.67573" lon="13.071470000000001">
    <ele>666.71</ele>
   </trkpt>
   <trkpt lat="47.6758" lon="13.071650000000002">
    <ele>665.76</ele>
   </trkpt>
   <trkpt lat="47.67587" lon="13.07192">
    <ele>663.36</ele>
   </trkpt>
   <trkpt lat="47.67597000000001" lon="13.072640000000002">
    <ele>660.6800000000001</ele>
   </trkpt>
   <trkpt lat="47.67602" lon="13.073200000000002">
    <ele>659.12</ele>
   </trkpt>
   <trkpt lat="47.676050000000004" lon="13.073910000000001">
    <ele>657.87</ele>
   </trkpt>
   <trkpt lat="47.67611" lon="13.074380000000001">
    <ele>657.02</ele>
   </trkpt>
   <trkpt lat="47.6762" lon="13.074720000000001">
    <ele>656.97</ele>
   </trkpt>
   <trkpt lat="47.67622" lon="13.07492">
    <ele>657.33</ele>
   </trkpt>
   <trkpt lat="47.676210000000005" lon="13.075260000000002">
    <ele>658.5300000000001</ele>
   </trkpt>
   <trkpt lat="47.67608500453483" lon="13.076280002320944">
    <ele>658.75</ele>
   </trkpt>
   <trkpt lat="47.67596" lon="13.077300000000001">
    <ele>656.0600000000001</ele>
   </trkpt>
   <trkpt lat="47.67597000000001" lon="13.077840000000002">
    <ele>653.44</ele>
   </trkpt>
   <trkpt lat="47.676050000000004" lon="13.078790000000001">
    <ele>644.78</ele>
   </trkpt>
   <trkpt lat="47.67606000000001" lon="13.07914">
    <ele>640.94</ele>
   </trkpt>
   <trkpt lat="47.675990000000006" lon="13.080060000000001">
    <ele>630.41</ele>
   </trkpt>
   <trkpt lat="47.67597000000001" lon="13.08111">
    <ele>615.5</ele>
   </trkpt>
   <trkpt lat="47.676010000000005" lon="13.081320000000002">
    <ele>612.2500000000001</ele>
   </trkpt>
   <trkpt lat="47.676170000000006" lon="13.081640000000002">
    <ele>609.32</ele>
   </trkpt>
   <trkpt lat="47.67658" lon="13.082320000000001">
    <ele>600.3000000000001</ele>
   </trkpt>
   <trkpt lat="47.676680000000005" lon="13.082460000000001">
    <ele>598.22</ele>
   </trkpt>
   <trkpt lat="47.67671000000001" lon="13.082880000000001">
    <ele>593.75</ele>
   </trkpt>
   <trkpt lat="47.677080000000004" lon="13.08303">
    <ele>591.2</ele>
   </trkpt>
   <trkpt lat="47.67732" lon="13.083200000000001">
    <ele>589.9000000000001</ele>
   </trkpt>
   <trkpt lat="47.67745000000001" lon="13.083340000000002">
    <ele>587.1800000000001</ele>
   </trkpt>
   <trkpt lat="47.67752" lon="13.083450000000001">
    <ele>587.1800000000001</ele>
   </trkpt>
   <trkpt lat="47.67761" lon="13.083730000000001">
    <ele>586.13</ele>
   </trkpt>
   <trkpt lat="47.677640000000004" lon="13.083900000000002">
    <ele>586.13</ele>
   </trkpt>
   <trkpt lat="47.677640000000004" lon="13.08421">
    <ele>584.73</ele>
   </trkpt>
   <trkpt lat="47.677580000000006" lon="13.08444">
    <ele>583.6</ele>
   </trkpt>
   <trkpt lat="47.67748" lon="13.084660000000001">
    <ele>583.6</ele>
   </trkpt>
   <trkpt lat="47.67700000000001" lon="13.085310000000002">
    <ele>580.3900000000001</ele>
   </trkpt>
   <trkpt lat="47.6769" lon="13.085550000000001">
    <ele>577.2900000000001</ele>
   </trkpt>
   <trkpt lat="47.67689000000001" lon="13.085960000000002">
    <ele>576.04</ele>
   </trkpt>
   <trkpt lat="47.67692" lon="13.08608">
    <ele>576.04</ele>
   </trkpt>
   <trkpt lat="47.67707" lon="13.086430000000002">
    <ele>573.2700000000001</ele>
   </trkpt>
   <trkpt lat="47.67716" lon="13.086540000000001">
    <ele>572.1700000000001</ele>
   </trkpt>
   <trkpt lat="47.67772" lon="13.087090000000002">
    <ele>565.25</ele>
   </trkpt>
   <trkpt lat="47.67817" lon="13.087700000000002">
    <ele>558.3299999999999</ele>
   </trkpt>
   <trkpt lat="47.67835" lon="13.087890000000002">
    <ele>556.83</ele>
   </trkpt>
   <trkpt lat="47.678540000000005" lon="13.08806">
    <ele>554.21</ele>
   </trkpt>
   <trkpt lat="47.6788" lon="13.088210000000002">
    <ele>547.71</ele>
   </trkpt>
   <trkpt lat="47.67897000000001" lon="13.088280000000001">
    <ele>547.71</ele>
   </trkpt>
   <trkpt lat="47.6792" lon="13.0883">
    <ele>544.1</ele>
   </trkpt>
   <trkpt lat="47.67953000000001" lon="13.088220000000002">
    <ele>542.1</ele>
   </trkpt>
   <trkpt lat="47.67965" lon="13.088210000000002">
    <ele>540.1400000000001</ele>
   </trkpt>
   <trkpt lat="47.68007" lon="13.088230000000001">
    <ele>535.7</ele>
   </trkpt>
   <trkpt lat="47.68018000000001" lon="13.0882">
    <ele>534.71</ele>
   </trkpt>
   <trkpt lat="47.680310000000006" lon="13.0881">
    <ele>533.98</ele>
   </trkpt>
   <trkpt lat="47.68045" lon="13.087900000000001">
    <ele>532.99</ele>
   </trkpt>
   <trkpt lat="47.68057" lon="13.08778">
    <ele>532.5600000000001</ele>
   </trkpt>
   <trkpt lat="47.680690000000006" lon="13.08773">
    <ele>531.54</ele>
   </trkpt>
   <trkpt lat="47.68076000000001" lon="13.087740000000002">
    <ele>531.54</ele>
   </trkpt>
   <trkpt lat="47.680820000000004" lon="13.08778">
    <ele>530.8900000000001</ele>
   </trkpt>
   <trkpt lat="47.68092" lon="13.087900000000001">
    <ele>529.46</ele>
   </trkpt>
   <trkpt lat="47.680960000000006" lon="13.08801">
    <ele>529.07</ele>
   </trkpt>
   <trkpt lat="47.68099" lon="13.088360000000002">
    <ele>526.0600000000001</ele>
   </trkpt>
   <trkpt lat="47.68092" lon="13.08872">
    <ele>524.4300000000001</ele>
   </trkpt>
   <trkpt lat="47.680930000000004" lon="13.08937">
    <ele>522.33</ele>
   </trkpt>
   <trkpt lat="47.68092" lon="13.08951">
    <ele>522.1300000000001</ele>
   </trkpt>
   <trkpt lat="47.68081" lon="13.09007">
    <ele>521.63</ele>
   </trkpt>
   <trkpt lat="47.68081" lon="13.090160000000001">
    <ele>521.63</ele>
   </trkpt>
   <trkpt lat="47.68084" lon="13.09026">
    <ele>521.3000000000001</ele>
   </trkpt>
   <trkpt lat="47.680930000000004" lon="13.09045">
    <ele>519.59</ele>
   </trkpt>
   <trkpt lat="47.681050000000006" lon="13.09055">
    <ele>517.37</ele>
   </trkpt>
   <trkpt lat="47.681180000000005" lon="13.090560000000002">
    <ele>515.61</ele>
   </trkpt>
   <trkpt lat="47.68130000000001" lon="13.090530000000001">
    <ele>513.4300000000001</ele>
   </trkpt>
   <trkpt lat="47.681720000000006" lon="13.090390000000001">
    <ele>510.28000000000003</ele>
   </trkpt>
   <trkpt lat="47.68207" lon="13.09021">
    <ele>504.7900000000001</ele>
   </trkpt>
   <trkpt lat="47.682660000000006" lon="13.089760000000002">
    <ele>499.43</ele>
   </trkpt>
   <trkpt lat="47.68321" lon="13.08941">
    <ele>490.82000000000005</ele>
   </trkpt>
   <trkpt lat="47.684000000000005" lon="13.088790000000001">
    <ele>483.19000000000005</ele>
   </trkpt>
   <trkpt lat="47.684290000000004" lon="13.088610000000001">
    <ele>477.52000000000004</ele>
   </trkpt>
   <trkpt lat="47.68459000000001" lon="13.088500000000002">
    <ele>477.52000000000004</ele>
   </trkpt>
   <trkpt lat="47.68473" lon="13.08843">
    <ele>475.29</ele>
   </trkpt>
   <trkpt lat="47.68498" lon="13.08824">
    <ele>473.61</ele>
   </trkpt>
   <trkpt lat="47.68526000000001" lon="13.08792">
    <ele>468.04</ele>
   </trkpt>
   <trkpt lat="47.685370000000006" lon="13.08783">
    <ele>468.04</ele>
   </trkpt>
   <trkpt lat="47.685550000000006" lon="13.08773">
    <ele>465.81000000000006</ele>
   </trkpt>
   <trkpt lat="47.68573000000001" lon="13.087670000000001">
    <ele>465.81000000000006</ele>
   </trkpt>
   <trkpt lat="47.685880000000004" lon="13.087660000000001">
    <ele>462.79</ele>
   </trkpt>
   <trkpt lat="47.686150000000005" lon="13.087700000000002">
    <ele>462.14000000000004</ele>
   </trkpt>
   <trkpt lat="47.686280000000004" lon="13.08769">
    <ele>460.92</ele>
   </trkpt>
   <trkpt lat="47.68645" lon="13.08763">
    <ele>459.84000000000003</ele>
   </trkpt>
   <trkpt lat="47.68661" lon="13.087530000000001">
    <ele>459.17</ele>
   </trkpt>
   <trkpt lat="47.686690000000006" lon="13.08744">
    <ele>458.89</ele>
   </trkpt>
   <trkpt lat="47.686780000000006" lon="13.087240000000001">
    <ele>458.83</ele>
   </trkpt>
   <trkpt lat="47.686780000000006" lon="13.087150000000001">
    <ele>458.06</ele>
   </trkpt>
   <trkpt lat="47.68677" lon="13.087050000000001">
    <ele>458.06</ele>
   </trkpt>
   <trkpt lat="47.686710000000005" lon="13.086910000000001">
    <ele>458.06</ele>
   </trkpt>
   <trkpt lat="47.68612" lon="13.087620000000001">
    <ele>457.21000000000004</ele>
   </trkpt>
   <trkpt lat="47.685570000000006" lon="13.08815">
    <ele>455.51</ele>
   </trkpt>
   <trkpt lat="47.68515000000001" lon="13.08877">
    <ele>451.21000000000004</ele>
   </trkpt>
   <trkpt lat="47.68493" lon="13.089020000000001">
    <ele>449.22</ele>
   </trkpt>
   <trkpt lat="47.68479000000001" lon="13.08923">
    <ele>448.38000000000005</ele>
   </trkpt>
   <trkpt lat="47.684720000000006" lon="13.089390000000002">
    <ele>447.39</ele>
   </trkpt>
   <trkpt lat="47.68493" lon="13.089620000000002">
    <ele>445.05000000000007</ele>
   </trkpt>
   <trkpt lat="47.684580000000004" lon="13.090160000000001">
    <ele>443.29</ele>
   </trkpt>
   <trkpt lat="47.68428" lon="13.090750000000002">
    <ele>444.09000000000003</ele>
   </trkpt>
   <trkpt lat="47.68404" lon="13.090650000000002">
    <ele>444.73</ele>
   </trkpt>
   <trkpt lat="47.68395" lon="13.09064">
    <ele>444.81</ele>
   </trkpt>
   <trkpt lat="47.683890000000005" lon="13.09097">
    <ele>444.8</ele>
   </trkpt>
   <trkpt lat="47.683670000000006" lon="13.09172">
    <ele>444.83000000000004</ele>
   </trkpt>
   <trkpt lat="47.6835" lon="13.09261">
    <ele>444.98</ele>
   </trkpt>
   <trkpt lat="47.68329000000001" lon="13.09243">
    <ele>445.52000000000004</ele>
   </trkpt>
   <trkpt lat="47.683060000000005" lon="13.09233">
    <ele>445.84000000000003</ele>
   </trkpt>
   <trkpt lat="47.68280000000001" lon="13.09218">
    <ele>445.84000000000003</ele>
   </trkpt>
   <trkpt lat="47.682700000000004" lon="13.092400000000001">
    <ele>445.84000000000003</ele>
   </trkpt>
   <trkpt lat="47.68253000000001" lon="13.092810000000002">
    <ele>445.96000000000004</ele>
   </trkpt>
   <trkpt lat="47.68244000000001" lon="13.093090000000002">
    <ele>446.19</ele>
   </trkpt>
   <trkpt lat="47.68242" lon="13.093230000000002">
    <ele>446.19</ele>
   </trkpt>
   <trkpt lat="47.68229" lon="13.09379">
    <ele>446.86</ele>
   </trkpt>
   <trkpt lat="47.682210000000005" lon="13.093980000000002">
    <ele>446.86</ele>
   </trkpt>
   <trkpt lat="47.68236" lon="13.094080000000002">
    <ele>446.3</ele>
   </trkpt>
   <trkpt lat="47.682480000000005" lon="13.094140000000001">
    <ele>446.3</ele>
   </trkpt>
   <trkpt lat="47.682550000000006" lon="13.09411">
    <ele>446.3</ele>
   </trkpt>
   <trkpt lat="47.68265" lon="13.094000000000001">
    <ele>445.96000000000004</ele>
   </trkpt>
   <trkpt lat="47.68294" lon="13.093660000000002">
    <ele>445.47</ele>
   </trkpt>
   <trkpt lat="47.683040000000005" lon="13.09364">
    <ele>445.20000000000005</ele>
   </trkpt>
   <trkpt lat="47.68325" lon="13.093470000000002">
    <ele>445.20000000000005</ele>
   </trkpt>
   <trkpt lat="47.68328" lon="13.093420000000002">
    <ele>445.18</ele>
   </trkpt>
   <trkpt lat="47.68334" lon="13.09322">
    <ele>445.18</ele>
   </trkpt>
   <trkpt lat="47.683550000000004" lon="13.092410000000001">
    <ele>444.96000000000004</ele>
   </trkpt>
   <trkpt lat="47.683580000000006" lon="13.092130000000001">
    <ele>444.83000000000004</ele>
   </trkpt>
   <trkpt lat="47.683670000000006" lon="13.09172">
    <ele>444.86</ele>
   </trkpt>
   <trkpt lat="47.683890000000005" lon="13.09097">
    <ele>444.8</ele>
   </trkpt>
   <trkpt lat="47.68395" lon="13.09064">
    <ele>444.73</ele>
   </trkpt>
   <trkpt lat="47.68404" lon="13.090650000000002">
    <ele>444.28000000000003</ele>
   </trkpt>
   <trkpt lat="47.68428" lon="13.090750000000002">
    <ele>444.09000000000003</ele>
   </trkpt>
   <trkpt lat="47.684580000000004" lon="13.090160000000001">
    <ele>443.34</ele>
   </trkpt>
   <trkpt lat="47.68493" lon="13.089620000000002">
    <ele>445.25</ele>
   </trkpt>
   <trkpt lat="47.684720000000006" lon="13.089390000000002">
    <ele>448.38000000000005</ele>
   </trkpt>
   <trkpt lat="47.68479000000001" lon="13.08923">
    <ele>449.22</ele>
   </trkpt>
   <trkpt lat="47.68493" lon="13.089020000000001">
    <ele>450.18</ele>
   </trkpt>
   <trkpt lat="47.68515000000001" lon="13.08877">
    <ele>452.68</ele>
   </trkpt>
   <trkpt lat="47.685570000000006" lon="13.08815">
    <ele>456.04</ele>
   </trkpt>
   <trkpt lat="47.68612" lon="13.087620000000001">
    <ele>457.33</ele>
   </trkpt>
   <trkpt lat="47.686710000000005" lon="13.086910000000001">
    <ele>458.06</ele>
   </trkpt>
   <trkpt lat="47.68677" lon="13.087050000000001">
    <ele>458.83</ele>
   </trkpt>
   <trkpt lat="47.686780000000006" lon="13.087150000000001">
    <ele>458.83</ele>
   </trkpt>
   <trkpt lat="47.686780000000006" lon="13.087240000000001">
    <ele>458.89</ele>
   </trkpt>
   <trkpt lat="47.686690000000006" lon="13.08744">
    <ele>459.17</ele>
   </trkpt>
   <trkpt lat="47.68661" lon="13.087530000000001">
    <ele>459.39</ele>
   </trkpt>
   <trkpt lat="47.68645" lon="13.08763">
    <ele>460.92</ele>
   </trkpt>
   <trkpt lat="47.686280000000004" lon="13.08769">
    <ele>462.14000000000004</ele>
   </trkpt>
   <trkpt lat="47.686150000000005" lon="13.087700000000002">
    <ele>462.79</ele>
   </trkpt>
   <trkpt lat="47.685880000000004" lon="13.087660000000001">
    <ele>465.81000000000006</ele>
   </trkpt>
   <trkpt lat="47.68573000000001" lon="13.087670000000001">
    <ele>465.81000000000006</ele>
   </trkpt>
   <trkpt lat="47.685550000000006" lon="13.08773">
    <ele>468.04</ele>
   </trkpt>
   <trkpt lat="47.685370000000006" lon="13.08783">
    <ele>468.04</ele>
   </trkpt>
   <trkpt lat="47.68526000000001" lon="13.08792">
    <ele>470.84000000000003</ele>
   </trkpt>
   <trkpt lat="47.68498" lon="13.08824">
    <ele>473.61</ele>
   </trkpt>
   <trkpt lat="47.68473" lon="13.08843">
    <ele>477.52000000000004</ele>
   </trkpt>
   <trkpt lat="47.68459000000001" lon="13.088500000000002">
    <ele>477.52000000000004</ele>
   </trkpt>
   <trkpt lat="47.684290000000004" lon="13.088610000000001">
    <ele>482.28000000000003</ele>
   </trkpt>
   <trkpt lat="47.684000000000005" lon="13.088790000000001">
    <ele>485.38</ele>
   </trkpt>
   <trkpt lat="47.68321" lon="13.08941">
    <ele>494.57000000000005</ele>
   </trkpt>
   <trkpt lat="47.682660000000006" lon="13.089760000000002">
    <ele>499.43</ele>
   </trkpt>
   <trkpt lat="47.68207" lon="13.09021">
    <ele>504.7900000000001</ele>
   </trkpt>
   <trkpt lat="47.681720000000006" lon="13.090390000000001">
    <ele>510.28000000000003</ele>
   </trkpt>
   <trkpt lat="47.68130000000001" lon="13.090530000000001">
    <ele>515.61</ele>
   </trkpt>
   <trkpt lat="47.681180000000005" lon="13.090560000000002">
    <ele>517.37</ele>
   </trkpt>
   <trkpt lat="47.681050000000006" lon="13.09055">
    <ele>519.59</ele>
   </trkpt>
   <trkpt lat="47.680930000000004" lon="13.09045">
    <ele>520.93</ele>
   </trkpt>
   <trkpt lat="47.68084" lon="13.09026">
    <ele>521.63</ele>
   </trkpt>
   <trkpt lat="47.68081" lon="13.090160000000001">
    <ele>523.76</ele>
   </trkpt>
   <trkpt lat="47.68081" lon="13.09007">
    <ele>523.76</ele>
   </trkpt>
   <trkpt lat="47.68092" lon="13.08951">
    <ele>522.57</ele>
   </trkpt>
   <trkpt lat="47.680930000000004" lon="13.08937">
    <ele>522.57</ele>
   </trkpt>
   <trkpt lat="47.68092" lon="13.08872">
    <ele>526.0600000000001</ele>
   </trkpt>
   <trkpt lat="47.68099" lon="13.088360000000002">
    <ele>528.2300000000001</ele>
   </trkpt>
   <trkpt lat="47.680980000000005" lon="13.088130000000001">
    <ele>529.46</ele>
   </trkpt>
   <trkpt lat="47.680960000000006" lon="13.08801">
    <ele>530.2</ele>
   </trkpt>
   <trkpt lat="47.68092" lon="13.087900000000001">
    <ele>530.8900000000001</ele>
   </trkpt>
   <trkpt lat="47.680820000000004" lon="13.08778">
    <ele>532.07</ele>
   </trkpt>
   <trkpt lat="47.68076000000001" lon="13.087740000000002">
    <ele>532.07</ele>
   </trkpt>
   <trkpt lat="47.680690000000006" lon="13.08773">
    <ele>532.5600000000001</ele>
   </trkpt>
   <trkpt lat="47.68057" lon="13.08778">
    <ele>532.99</ele>
   </trkpt>
   <trkpt lat="47.68045" lon="13.087900000000001">
    <ele>533.98</ele>
   </trkpt>
   <trkpt lat="47.680310000000006" lon="13.0881">
    <ele>534.71</ele>
   </trkpt>
   <trkpt lat="47.68018000000001" lon="13.0882">
    <ele>535.7</ele>
   </trkpt>
   <trkpt lat="47.68007" lon="13.088230000000001">
    <ele>537.35</ele>
   </trkpt>
   <trkpt lat="47.67965" lon="13.088210000000002">
    <ele>542.1</ele>
   </trkpt>
   <trkpt lat="47.67953000000001" lon="13.088220000000002">
    <ele>542.1</ele>
   </trkpt>
   <trkpt lat="47.6792" lon="13.0883">
    <ele>546.13</ele>
   </trkpt>
   <trkpt lat="47.67897000000001" lon="13.088280000000001">
    <ele>547.71</ele>
   </trkpt>
   <trkpt lat="47.6788" lon="13.088210000000002">
    <ele>554.21</ele>
   </trkpt>
   <trkpt lat="47.678540000000005" lon="13.08806">
    <ele>554.21</ele>
   </trkpt>
   <trkpt lat="47.67835" lon="13.087890000000002">
    <ele>556.83</ele>
   </trkpt>
   <trkpt lat="47.67817" lon="13.087700000000002">
    <ele>560.4</ele>
   </trkpt>
   <trkpt lat="47.67772" lon="13.087090000000002">
    <ele>567.8100000000001</ele>
   </trkpt>
   <trkpt lat="47.67716" lon="13.086540000000001">
    <ele>573.2700000000001</ele>
   </trkpt>
   <trkpt lat="47.67707" lon="13.086430000000002">
    <ele>575.01</ele>
   </trkpt>
   <trkpt lat="47.67692" lon="13.08608">
    <ele>576.04</ele>
   </trkpt>
   <trkpt lat="47.67689000000001" lon="13.085960000000002">
    <ele>577.2900000000001</ele>
   </trkpt>
   <trkpt lat="47.6769" lon="13.085550000000001">
    <ele>578.62</ele>
   </trkpt>
   <trkpt lat="47.67700000000001" lon="13.085310000000002">
    <ele>580.3900000000001</ele>
   </trkpt>
   <trkpt lat="47.67748" lon="13.084660000000001">
    <ele>583.6</ele>
   </trkpt>
   <trkpt lat="47.677580000000006" lon="13.08444">
    <ele>584.73</ele>
   </trkpt>
   <trkpt lat="47.677640000000004" lon="13.08421">
    <ele>586.13</ele>
   </trkpt>
   <trkpt lat="47.677640000000004" lon="13.083900000000002">
    <ele>586.13</ele>
   </trkpt>
   <trkpt lat="47.67761" lon="13.083730000000001">
    <ele>587.1800000000001</ele>
   </trkpt>
   <trkpt lat="47.67752" lon="13.083450000000001">
    <ele>589.9000000000001</ele>
   </trkpt>
   <trkpt lat="47.67745000000001" lon="13.083340000000002">
    <ele>589.9000000000001</ele>
   </trkpt>
   <trkpt lat="47.67732" lon="13.083200000000001">
    <ele>589.9000000000001</ele>
   </trkpt>
   <trkpt lat="47.677080000000004" lon="13.08303">
    <ele>592.61</ele>
   </trkpt>
   <trkpt lat="47.67671000000001" lon="13.082880000000001">
    <ele>596.08</ele>
   </trkpt>
   <trkpt lat="47.676370000000006" lon="13.08281">
    <ele>599.24</ele>
   </trkpt>
   <trkpt lat="47.676170000000006" lon="13.0828">
    <ele>599.24</ele>
   </trkpt>
   <trkpt lat="47.67586000000001" lon="13.082830000000001">
    <ele>602.97</ele>
   </trkpt>
   <trkpt lat="47.67548000000001" lon="13.08294">
    <ele>606.7300000000001</ele>
   </trkpt>
   <trkpt lat="47.67530000000001" lon="13.083010000000002">
    <ele>611.2700000000001</ele>
   </trkpt>
   <trkpt lat="47.67487500038975" lon="13.083295002296513">
    <ele>614.2</ele>
   </trkpt>
   <trkpt lat="47.67445000000001" lon="13.083580000000001">
    <ele>619.71</ele>
   </trkpt>
   <trkpt lat="47.674170000000004" lon="13.083680000000001">
    <ele>624.59</ele>
   </trkpt>
   <trkpt lat="47.673860000000005" lon="13.083720000000001">
    <ele>625.75</ele>
   </trkpt>
   <trkpt lat="47.673640000000006" lon="13.083730000000001">
    <ele>628.08</ele>
   </trkpt>
   <trkpt lat="47.67342000000001" lon="13.083760000000002">
    <ele>628.08</ele>
   </trkpt>
   <trkpt lat="47.673230000000004" lon="13.083810000000001">
    <ele>634.45</ele>
   </trkpt>
   <trkpt lat="47.672920000000005" lon="13.08398">
    <ele>634.45</ele>
   </trkpt>
   <trkpt lat="47.672700000000006" lon="13.084140000000001">
    <ele>638.1600000000001</ele>
   </trkpt>
   <trkpt lat="47.67253" lon="13.084330000000001">
    <ele>640.36</ele>
   </trkpt>
   <trkpt lat="47.67237" lon="13.08454">
    <ele>643.05</ele>
   </trkpt>
   <trkpt lat="47.67219" lon="13.08486">
    <ele>643.05</ele>
   </trkpt>
   <trkpt lat="47.6721" lon="13.085070000000002">
    <ele>649.21</ele>
   </trkpt>
   <trkpt lat="47.671870000000006" lon="13.085770000000002">
    <ele>651.37</ele>
   </trkpt>
   <trkpt lat="47.67177" lon="13.086060000000002">
    <ele>652.6500000000001</ele>
   </trkpt>
   <trkpt lat="47.67157" lon="13.086500000000001">
    <ele>657.94</ele>
   </trkpt>
   <trkpt lat="47.671330000000005" lon="13.08689">
    <ele>661.0500000000001</ele>
   </trkpt>
   <trkpt lat="47.6711" lon="13.087180000000002">
    <ele>663.81</ele>
   </trkpt>
   <trkpt lat="47.670790000000004" lon="13.087510000000002">
    <ele>665.7700000000001</ele>
   </trkpt>
   <trkpt lat="47.67022" lon="13.08792">
    <ele>675.5000000000001</ele>
   </trkpt>
   <trkpt lat="47.66957000000001" lon="13.0883">
    <ele>682.85</ele>
   </trkpt>
   <trkpt lat="47.66875" lon="13.088740000000001">
    <ele>691.9200000000001</ele>
   </trkpt>
   <trkpt lat="47.668380000000006" lon="13.089020000000001">
    <ele>696.62</ele>
   </trkpt>
   <trkpt lat="47.66799" lon="13.089390000000002">
    <ele>701.19</ele>
   </trkpt>
   <trkpt lat="47.667770000000004" lon="13.089690000000001">
    <ele>702.97</ele>
   </trkpt>
   <trkpt lat="47.66769000000001" lon="13.08984">
    <ele>703.4200000000001</ele>
   </trkpt>
   <trkpt lat="47.66763" lon="13.090060000000001">
    <ele>704.61</ele>
   </trkpt>
   <trkpt lat="47.66760000000001" lon="13.090440000000001">
    <ele>707.21</ele>
   </trkpt>
   <trkpt lat="47.66762000000001" lon="13.09064">
    <ele>707.21</ele>
   </trkpt>
   <trkpt lat="47.667660000000005" lon="13.090810000000001">
    <ele>707.21</ele>
   </trkpt>
   <trkpt lat="47.667880000000004" lon="13.091310000000002">
    <ele>712.11</ele>
   </trkpt>
   <trkpt lat="47.667910000000006" lon="13.09143">
    <ele>712.11</ele>
   </trkpt>
   <trkpt lat="47.66796" lon="13.091800000000001">
    <ele>714.45</ele>
   </trkpt>
   <trkpt lat="47.667880000000004" lon="13.092080000000001">
    <ele>714.45</ele>
   </trkpt>
   <trkpt lat="47.66781" lon="13.09218">
    <ele>714.45</ele>
   </trkpt>
   <trkpt lat="47.66765" lon="13.09233">
    <ele>718.0300000000001</ele>
   </trkpt>
   <trkpt lat="47.667210000000004" lon="13.09246">
    <ele>719.9100000000001</ele>
   </trkpt>
   <trkpt lat="47.666990000000006" lon="13.092600000000001">
    <ele>720.6300000000001</ele>
   </trkpt>
   <trkpt lat="47.666470000000004" lon="13.09313">
    <ele>724.8500000000001</ele>
   </trkpt>
   <trkpt lat="47.66630000000001" lon="13.09326">
    <ele>726.98</ele>
   </trkpt>
   <trkpt lat="47.66571666753275" lon="13.09356667349519">
    <ele>732.01</ele>
   </trkpt>
   <trkpt lat="47.665133334248324" lon="13.09387334013604">
    <ele>739.4000000000001</ele>
   </trkpt>
   <trkpt lat="47.664550000000006" lon="13.094180000000001">
    <ele>744.26</ele>
   </trkpt>
   <trkpt lat="47.664280000000005" lon="13.09425">
    <ele>747.29</ele>
   </trkpt>
   <trkpt lat="47.663970000000006" lon="13.094230000000001">
    <ele>749.0000000000001</ele>
   </trkpt>
   <trkpt lat="47.66349" lon="13.09406">
    <ele>754.69</ele>
   </trkpt>
   <trkpt lat="47.66329" lon="13.094030000000002">
    <ele>756.07</ele>
   </trkpt>
   <trkpt lat="47.66311" lon="13.094030000000002">
    <ele>756.07</ele>
   </trkpt>
   <trkpt lat="47.66288" lon="13.094090000000001">
    <ele>762.1000000000001</ele>
   </trkpt>
   <trkpt lat="47.66268" lon="13.094180000000001">
    <ele>763.75</ele>
   </trkpt>
   <trkpt lat="47.66239" lon="13.09439">
    <ele>765.9200000000001</ele>
   </trkpt>
   <trkpt lat="47.66212" lon="13.09467">
    <ele>769.07</ele>
   </trkpt>
   <trkpt lat="47.66194" lon="13.094890000000001">
    <ele>772.41</ele>
   </trkpt>
   <trkpt lat="47.661480000000005" lon="13.095650000000001">
    <ele>778.72</ele>
   </trkpt>
   <trkpt lat="47.66127" lon="13.09594">
    <ele>781.15</ele>
   </trkpt>
   <trkpt lat="47.66086000000001" lon="13.09641">
    <ele>788.0100000000001</ele>
   </trkpt>
   <trkpt lat="47.660520000000005" lon="13.0967">
    <ele>791.0600000000001</ele>
   </trkpt>
   <trkpt lat="47.66024" lon="13.09683">
    <ele>793.34</ele>
   </trkpt>
   <trkpt lat="47.660090000000004" lon="13.096850000000002">
    <ele>795.73</ele>
   </trkpt>
   <trkpt lat="47.65984" lon="13.096810000000001">
    <ele>801.7400000000001</ele>
   </trkpt>
   <trkpt lat="47.65972000000001" lon="13.096760000000002">
    <ele>801.7400000000001</ele>
   </trkpt>
   <trkpt lat="47.659600000000005" lon="13.096680000000001">
    <ele>801.7400000000001</ele>
   </trkpt>
   <trkpt lat="47.65941" lon="13.09646">
    <ele>803.19</ele>
   </trkpt>
   <trkpt lat="47.65934000000001" lon="13.09632">
    <ele>805.5600000000001</ele>
   </trkpt>
   <trkpt lat="47.65923" lon="13.095960000000002">
    <ele>808.9900000000001</ele>
   </trkpt>
   <trkpt lat="47.65921" lon="13.095580000000002">
    <ele>810.4100000000001</ele>
   </trkpt>
   <trkpt lat="47.659220000000005" lon="13.095300000000002">
    <ele>814.1400000000001</ele>
   </trkpt>
   <trkpt lat="47.65928" lon="13.094790000000001">
    <ele>815.94</ele>
   </trkpt>
   <trkpt lat="47.659380000000006" lon="13.09426">
    <ele>821.1100000000001</ele>
   </trkpt>
   <trkpt lat="47.659580000000005" lon="13.093570000000001">
    <ele>824.34</ele>
   </trkpt>
   <trkpt lat="47.659690000000005" lon="13.09327">
    <ele>825.1600000000001</ele>
   </trkpt>
   <trkpt lat="47.65995500145084" lon="13.092695002887297">
    <ele>825.4200000000001</ele>
   </trkpt>
   <trkpt lat="47.66022" lon="13.092120000000001">
    <ele>824.9200000000001</ele>
   </trkpt>
   <trkpt lat="47.66055" lon="13.091310000000002">
    <ele>824.2700000000001</ele>
   </trkpt>
   <trkpt lat="47.66078" lon="13.090930000000002">
    <ele>824.9200000000001</ele>
   </trkpt>
   <trkpt lat="47.66091" lon="13.090700000000002">
    <ele>825.1700000000001</ele>
   </trkpt>
   <trkpt lat="47.66104000000001" lon="13.090150000000001">
    <ele>824.7</ele>
   </trkpt>
   <trkpt lat="47.661120000000004" lon="13.090000000000002">
    <ele>824.7</ele>
   </trkpt>
   <trkpt lat="47.6612" lon="13.089900000000002">
    <ele>824.0</ele>
   </trkpt>
   <trkpt lat="47.66151000000001" lon="13.089680000000001">
    <ele>823.0200000000001</ele>
   </trkpt>
   <trkpt lat="47.66172" lon="13.08951">
    <ele>822.86</ele>
   </trkpt>
   <trkpt lat="47.66187" lon="13.089300000000001">
    <ele>823.07</ele>
   </trkpt>
   <trkpt lat="47.66225000000001" lon="13.088470000000001">
    <ele>825.21</ele>
   </trkpt>
   <trkpt lat="47.66248" lon="13.087810000000001">
    <ele>829.3800000000001</ele>
   </trkpt>
   <trkpt lat="47.662560000000006" lon="13.087670000000001">
    <ele>831.84</ele>
   </trkpt>
   <trkpt lat="47.662870000000005" lon="13.0873">
    <ele>835.1700000000001</ele>
   </trkpt>
   <trkpt lat="47.66302" lon="13.086990000000002">
    <ele>835.84</ele>
   </trkpt>
   <trkpt lat="47.66325500344661" lon="13.086100003986271">
    <ele>835.98</ele>
   </trkpt>
   <trkpt lat="47.66349" lon="13.085210000000002">
    <ele>835.25</ele>
   </trkpt>
   <trkpt lat="47.66386000000001" lon="13.084230000000002">
    <ele>830.58</ele>
   </trkpt>
   <trkpt lat="47.66393" lon="13.08397">
    <ele>830.4</ele>
   </trkpt>
   <trkpt lat="47.66406000306528" lon="13.083130002093052">
    <ele>831.64</ele>
   </trkpt>
   <trkpt lat="47.664190000000005" lon="13.08229">
    <ele>834.37</ele>
   </trkpt>
   <trkpt lat="47.66418" lon="13.08167">
    <ele>835.23</ele>
   </trkpt>
   <trkpt lat="47.66422000000001" lon="13.081240000000001">
    <ele>835.2400000000001</ele>
   </trkpt>
   <trkpt lat="47.66433000000001" lon="13.08083">
    <ele>834.89</ele>
   </trkpt>
   <trkpt lat="47.664460000000005" lon="13.080570000000002">
    <ele>834.4800000000001</ele>
   </trkpt>
   <trkpt lat="47.66471000000001" lon="13.080160000000001">
    <ele>833.3100000000001</ele>
   </trkpt>
   <trkpt lat="47.66479" lon="13.07998">
    <ele>832.98</ele>
   </trkpt>
   <trkpt lat="47.664840000000005" lon="13.079770000000002">
    <ele>832.98</ele>
   </trkpt>
   <trkpt lat="47.66483" lon="13.079390000000002">
    <ele>833.32</ele>
   </trkpt>
   <trkpt lat="47.66479" lon="13.079200000000002">
    <ele>833.9000000000001</ele>
   </trkpt>
   <trkpt lat="47.66453000258353" lon="13.07843499631044">
    <ele>835.9700000000001</ele>
   </trkpt>
   <trkpt lat="47.66427" lon="13.077670000000001">
    <ele>840.0300000000001</ele>
   </trkpt>
   <trkpt lat="47.66405" lon="13.07731">
    <ele>842.1800000000001</ele>
   </trkpt>
   <trkpt lat="47.663850000000004" lon="13.07713">
    <ele>842.98</ele>
   </trkpt>
   <trkpt lat="47.663560000000004" lon="13.07694">
    <ele>843.5600000000001</ele>
   </trkpt>
   <trkpt lat="47.663360000000004" lon="13.076870000000001">
    <ele>843.5400000000001</ele>
   </trkpt>
   <trkpt lat="47.66286" lon="13.07679">
    <ele>843.0200000000001</ele>
   </trkpt>
   <trkpt lat="47.66283000000001" lon="13.076770000000002">
    <ele>843.0200000000001</ele>
   </trkpt>
   <trkpt lat="47.662150000000004" lon="13.07661">
    <ele>843.0300000000001</ele>
   </trkpt>
   <trkpt lat="47.661880000000004" lon="13.07651">
    <ele>843.89</ele>
   </trkpt>
   <trkpt lat="47.6614" lon="13.07623">
    <ele>846.58</ele>
   </trkpt>
   <trkpt lat="47.66075500112992" lon="13.075759994317341">
    <ele>851.59</ele>
   </trkpt>
   <trkpt lat="47.66011" lon="13.07529">
    <ele>856.87</ele>
   </trkpt>
   <trkpt lat="47.65952" lon="13.074770000000001">
    <ele>851.1800000000001</ele>
   </trkpt>
   <trkpt lat="47.65941" lon="13.074700000000002">
    <ele>851.72</ele>
   </trkpt>
   <trkpt lat="47.658910000000006" lon="13.074510000000002">
    <ele>855.2900000000001</ele>
   </trkpt>
   <trkpt lat="47.65887000000001" lon="13.074520000000001">
    <ele>853.95</ele>
   </trkpt>
   <trkpt lat="47.658730000000006" lon="13.074380000000001">
    <ele>853.95</ele>
   </trkpt>
   <trkpt lat="47.658240000000006" lon="13.07407">
    <ele>847.1200000000001</ele>
   </trkpt>
   <trkpt lat="47.657610000000005" lon="13.073710000000002">
    <ele>845.61</ele>
   </trkpt>
   <trkpt lat="47.656870000000005" lon="13.073310000000001">
    <ele>839.38</ele>
   </trkpt>
   <trkpt lat="47.65625000000001" lon="13.072920000000002">
    <ele>833.5600000000001</ele>
   </trkpt>
   <trkpt lat="47.655610002724686" lon="13.07246498328845">
    <ele>821.9200000000001</ele>
   </trkpt>
   <trkpt lat="47.6549700036504" lon="13.072009977730731">
    <ele>812.61</ele>
   </trkpt>
   <trkpt lat="47.65433000277723" lon="13.071554983326354">
    <ele>804.8700000000001</ele>
   </trkpt>
   <trkpt lat="47.653690000000005" lon="13.071100000000001">
    <ele>796.63</ele>
   </trkpt>
   <trkpt lat="47.653560000000006" lon="13.07097">
    <ele>796.63</ele>
   </trkpt>
   <trkpt lat="47.65321" lon="13.070500000000001">
    <ele>790.1100000000001</ele>
   </trkpt>
   <trkpt lat="47.65301" lon="13.07014">
    <ele>784.7</ele>
   </trkpt>
   <trkpt lat="47.65285" lon="13.069780000000002">
    <ele>783.6700000000001</ele>
   </trkpt>
   <trkpt lat="47.652730000000005" lon="13.069440000000002">
    <ele>779.3700000000001</ele>
   </trkpt>
   <trkpt lat="47.65261" lon="13.068950000000001">
    <ele>772.63</ele>
   </trkpt>
   <trkpt lat="47.65252" lon="13.068220000000002">
    <ele>770.3000000000001</ele>
   </trkpt>
   <trkpt lat="47.652530000000006" lon="13.067300000000001">
    <ele>760.75</ele>
   </trkpt>
   <trkpt lat="47.65251500344019" lon="13.06640999967377">
    <ele>756.21</ele>
   </trkpt>
   <trkpt lat="47.6525" lon="13.065520000000001">
    <ele>751.95</ele>
   </trkpt>
   <trkpt lat="47.652480000000004" lon="13.064820000000001">
    <ele>748.87</ele>
   </trkpt>
   <trkpt lat="47.652280000000005" lon="13.063590000000001">
    <ele>741.8800000000001</ele>
   </trkpt>
   <trkpt lat="47.652120000000004" lon="13.063030000000001">
    <ele>739.0600000000001</ele>
   </trkpt>
   <trkpt lat="47.65190500194912" lon="13.06236999745656">
    <ele>735.57</ele>
   </trkpt>
   <trkpt lat="47.65169" lon="13.061710000000001">
    <ele>732.28</ele>
   </trkpt>
   <trkpt lat="47.65151" lon="13.060950000000002">
    <ele>729.6700000000001</ele>
   </trkpt>
   <trkpt lat="47.6514" lon="13.060400000000001">
    <ele>728.21</ele>
   </trkpt>
   <trkpt lat="47.651300000000006" lon="13.05957">
    <ele>723.0300000000001</ele>
   </trkpt>
   <trkpt lat="47.651300000000006" lon="13.05897">
    <ele>721.35</ele>
   </trkpt>
   <trkpt lat="47.6512" lon="13.05888">
    <ele>721.35</ele>
   </trkpt>
   <trkpt lat="47.651160000000004" lon="13.05888">
    <ele>723.07</ele>
   </trkpt>
   <trkpt lat="47.65102" lon="13.059080000000002">
    <ele>723.1800000000001</ele>
   </trkpt>
   <trkpt lat="47.65088" lon="13.0592">
    <ele>723.3600000000001</ele>
   </trkpt>
   <trkpt lat="47.650740000000006" lon="13.059280000000001">
    <ele>723.3600000000001</ele>
   </trkpt>
   <trkpt lat="47.650560000000006" lon="13.05934">
    <ele>723.5</ele>
   </trkpt>
   <trkpt lat="47.650360000000006" lon="13.059370000000001">
    <ele>723.44</ele>
   </trkpt>
   <trkpt lat="47.65014" lon="13.059330000000001">
    <ele>723.1</ele>
   </trkpt>
   <trkpt lat="47.64978000000001" lon="13.05911">
    <ele>722.0300000000001</ele>
   </trkpt>
   <trkpt lat="47.64906000209011" lon="13.058434990798354">
    <ele>721.37</ele>
   </trkpt>
   <trkpt lat="47.648340000000005" lon="13.057760000000002">
    <ele>724.0000000000001</ele>
   </trkpt>
   <trkpt lat="47.647600000000004" lon="13.057200000000002">
    <ele>729.44</ele>
   </trkpt>
   <trkpt lat="47.64744" lon="13.05714">
    <ele>731.1899999999999</ele>
   </trkpt>
   <trkpt lat="47.647270000000006" lon="13.057150000000002">
    <ele>732.35</ele>
   </trkpt>
   <trkpt lat="47.64675500024264" lon="13.057360002049736">
    <ele>736.11</ele>
   </trkpt>
   <trkpt lat="47.646240000000006" lon="13.057570000000002">
    <ele>743.35</ele>
   </trkpt>
   <trkpt lat="47.64585" lon="13.057830000000001">
    <ele>745.41</ele>
   </trkpt>
   <trkpt lat="47.645340000000004" lon="13.05827">
    <ele>752.69</ele>
   </trkpt>
   <trkpt lat="47.644770001268604" lon="13.058825006124005">
    <ele>756.8600000000001</ele>
   </trkpt>
   <trkpt lat="47.644200000000005" lon="13.05938">
    <ele>764.7</ele>
   </trkpt>
   <trkpt lat="47.64396000000001" lon="13.05957">
    <ele>767.34</ele>
   </trkpt>
   <trkpt lat="47.64383" lon="13.05963">
    <ele>768.26</ele>
   </trkpt>
   <trkpt lat="47.64368" lon="13.059650000000001">
    <ele>770.7</ele>
   </trkpt>
   <trkpt lat="47.64329" lon="13.05963">
    <ele>774.7700000000001</ele>
   </trkpt>
   <trkpt lat="47.64312" lon="13.059700000000001">
    <ele>776.83</ele>
   </trkpt>
   <trkpt lat="47.643060000000006" lon="13.059750000000001">
    <ele>776.83</ele>
   </trkpt>
   <trkpt lat="47.64293000000001" lon="13.059930000000001">
    <ele>779.95</ele>
   </trkpt>
   <trkpt lat="47.64285" lon="13.06009">
    <ele>779.95</ele>
   </trkpt>
   <trkpt lat="47.64257000364317" lon="13.06100000473038">
    <ele>784.5200000000001</ele>
   </trkpt>
   <trkpt lat="47.64229" lon="13.061910000000001">
    <ele>793.1600000000001</ele>
   </trkpt>
   <trkpt lat="47.6422" lon="13.062130000000002">
    <ele>794.7700000000001</ele>
   </trkpt>
   <trkpt lat="47.642100000000006" lon="13.062270000000002">
    <ele>795.15</ele>
   </trkpt>
   <trkpt lat="47.642030000000005" lon="13.06234">
    <ele>795.15</ele>
   </trkpt>
   <trkpt lat="47.64190000000001" lon="13.06239">
    <ele>795.15</ele>
   </trkpt>
   <trkpt lat="47.6415" lon="13.062330000000001">
    <ele>798.9600000000002</ele>
   </trkpt>
   <trkpt lat="47.64141" lon="13.06229">
    <ele>798.9600000000002</ele>
   </trkpt>
   <trkpt lat="47.6413" lon="13.0622">
    <ele>802.61</ele>
   </trkpt>
   <trkpt lat="47.64117" lon="13.062030000000002">
    <ele>802.61</ele>
   </trkpt>
   <trkpt lat="47.64077" lon="13.06146">
    <ele>806.25</ele>
   </trkpt>
   <trkpt lat="47.640550000000005" lon="13.06104">
    <ele>808.08</ele>
   </trkpt>
   <trkpt lat="47.64029000000001" lon="13.06043">
    <ele>810.0100000000001</ele>
   </trkpt>
   <trkpt lat="47.64012000182063" lon="13.059774997701433">
    <ele>812.46</ele>
   </trkpt>
   <trkpt lat="47.639950000000006" lon="13.059120000000002">
    <ele>814.5000000000001</ele>
   </trkpt>
   <trkpt lat="47.639720000000004" lon="13.058380000000001">
    <ele>816.69</ele>
   </trkpt>
   <trkpt lat="47.63939500274706" lon="13.057579994940774">
    <ele>821.49</ele>
   </trkpt>
   <trkpt lat="47.639070000000004" lon="13.056780000000002">
    <ele>825.7500000000001</ele>
   </trkpt>
   <trkpt lat="47.63879000000001" lon="13.056180000000001">
    <ele>828.3000000000001</ele>
   </trkpt>
   <trkpt lat="47.638475001262506" lon="13.05564499680661">
    <ele>832.13</ele>
   </trkpt>
   <trkpt lat="47.638160000000006" lon="13.05511">
    <ele>835.3800000000001</ele>
   </trkpt>
   <trkpt lat="47.637910000000005" lon="13.054780000000001">
    <ele>838.1400000000001</ele>
   </trkpt>
   <trkpt lat="47.6377" lon="13.05455">
    <ele>839.4300000000001</ele>
   </trkpt>
   <trkpt lat="47.63761" lon="13.054490000000001">
    <ele>839.4300000000001</ele>
   </trkpt>
   <trkpt lat="47.637460000000004" lon="13.05442">
    <ele>842.6</ele>
   </trkpt>
   <trkpt lat="47.63732" lon="13.054390000000001">
    <ele>842.6</ele>
   </trkpt>
   <trkpt lat="47.63718" lon="13.054390000000001">
    <ele>844.3000000000001</ele>
   </trkpt>
   <trkpt lat="47.636950000000006" lon="13.054440000000001">
    <ele>846.45</ele>
   </trkpt>
   <trkpt lat="47.63656" lon="13.05461">
    <ele>848.19</ele>
   </trkpt>
   <trkpt lat="47.636300000000006" lon="13.054770000000001">
    <ele>851.69</ele>
   </trkpt>
   <trkpt lat="47.63615" lon="13.054910000000001">
    <ele>851.69</ele>
   </trkpt>
   <trkpt lat="47.635680001224564" lon="13.055410004350202">
    <ele>853.5600000000001</ele>
   </trkpt>
   <trkpt lat="47.63521" lon="13.05591">
    <ele>859.7</ele>
   </trkpt>
   <trkpt lat="47.63494000000001" lon="13.056270000000001">
    <ele>863.1200000000001</ele>
   </trkpt>
   <trkpt lat="47.634530000000005" lon="13.056930000000001">
    <ele>867.0500000000001</ele>
   </trkpt>
   <trkpt lat="47.63445" lon="13.05709">
    <ele>868.23</ele>
   </trkpt>
   <trkpt lat="47.63441" lon="13.057210000000001">
    <ele>868.23</ele>
   </trkpt>
   <trkpt lat="47.63439" lon="13.05746">
    <ele>870.23</ele>
   </trkpt>
   <trkpt lat="47.63441" lon="13.05789">
    <ele>870.23</ele>
   </trkpt>
   <trkpt lat="47.63438000000001" lon="13.058100000000001">
    <ele>872.7600000000001</ele>
   </trkpt>
   <trkpt lat="47.634310000000006" lon="13.05827">
    <ele>873.38</ele>
   </trkpt>
   <trkpt lat="47.63405" lon="13.05869">
    <ele>875.7</ele>
   </trkpt>
   <trkpt lat="47.63401" lon="13.058860000000001">
    <ele>876.5100000000001</ele>
   </trkpt>
   <trkpt lat="47.633990000000004" lon="13.059260000000002">
    <ele>877.7800000000001</ele>
   </trkpt>
   <trkpt lat="47.63401" lon="13.05944">
    <ele>879.4200000000001</ele>
   </trkpt>
   <trkpt lat="47.63411000000001" lon="13.05982">
    <ele>880.33</ele>
   </trkpt>
   <trkpt lat="47.634100000000004" lon="13.05999">
    <ele>880.53</ele>
   </trkpt>
   <trkpt lat="47.634080000000004" lon="13.060060000000002">
    <ele>880.53</ele>
   </trkpt>
   <trkpt lat="47.63401" lon="13.060160000000002">
    <ele>880.53</ele>
   </trkpt>
   <trkpt lat="47.63393000000001" lon="13.060210000000001">
    <ele>880.53</ele>
   </trkpt>
   <trkpt lat="47.633880000000005" lon="13.060220000000001">
    <ele>880.7600000000001</ele>
   </trkpt>
   <trkpt lat="47.633770000000005" lon="13.060170000000001">
    <ele>880.7600000000001</ele>
   </trkpt>
   <trkpt lat="47.633700000000005" lon="13.060070000000001">
    <ele>880.86</ele>
   </trkpt>
   <trkpt lat="47.63354" lon="13.05972">
    <ele>882.1000000000001</ele>
   </trkpt>
   <trkpt lat="47.63347" lon="13.059650000000001">
    <ele>882.58</ele>
   </trkpt>
   <trkpt lat="47.633340000000004" lon="13.05957">
    <ele>883.3900000000001</ele>
   </trkpt>
   <trkpt lat="47.632470000000005" lon="13.05953">
    <ele>893.11</ele>
   </trkpt>
   <trkpt lat="47.63232000000001" lon="13.059500000000002">
    <ele>894.75</ele>
   </trkpt>
   <trkpt lat="47.63224" lon="13.059410000000002">
    <ele>894.75</ele>
   </trkpt>
   <trkpt lat="47.632200000000005" lon="13.0593">
    <ele>894.8900000000001</ele>
   </trkpt>
   <trkpt lat="47.632200000000005" lon="13.059070000000002">
    <ele>894.8900000000001</ele>
   </trkpt>
   <trkpt lat="47.632250000000006" lon="13.058950000000001">
    <ele>899.6700000000001</ele>
   </trkpt>
   <trkpt lat="47.632340000000006" lon="13.05887">
    <ele>899.6700000000001</ele>
   </trkpt>
   <trkpt lat="47.632670000000005" lon="13.058710000000001">
    <ele>903.1600000000001</ele>
   </trkpt>
   <trkpt lat="47.63275" lon="13.058580000000001">
    <ele>904.5200000000001</ele>
   </trkpt>
   <trkpt lat="47.63277" lon="13.058420000000002">
    <ele>904.5200000000001</ele>
   </trkpt>
   <trkpt lat="47.63271" lon="13.058230000000002">
    <ele>907.5000000000001</ele>
   </trkpt>
   <trkpt lat="47.632600000000004" lon="13.058140000000002">
    <ele>907.5000000000001</ele>
   </trkpt>
   <trkpt lat="47.632380000000005" lon="13.05803">
    <ele>910.1800000000001</ele>
   </trkpt>
   <trkpt lat="47.63233" lon="13.05799">
    <ele>910.1800000000001</ele>
   </trkpt>
   <trkpt lat="47.63226" lon="13.057820000000001">
    <ele>912.05</ele>
   </trkpt>
   <trkpt lat="47.63221" lon="13.05751">
    <ele>914.1600000000001</ele>
   </trkpt>
   <trkpt lat="47.63204" lon="13.057160000000001">
    <ele>917.0</ele>
   </trkpt>
   <trkpt lat="47.63199" lon="13.057010000000002">
    <ele>917.0</ele>
   </trkpt>
   <trkpt lat="47.63194000000001" lon="13.05666">
    <ele>917.99</ele>
   </trkpt>
   <trkpt lat="47.63195" lon="13.05652">
    <ele>920.57</ele>
   </trkpt>
   <trkpt lat="47.63205000000001" lon="13.056090000000001">
    <ele>921.5000000000001</ele>
   </trkpt>
   <trkpt lat="47.63203000000001" lon="13.055950000000001">
    <ele>921.9300000000001</ele>
   </trkpt>
   <trkpt lat="47.63196000000001" lon="13.05587">
    <ele>922.4000000000001</ele>
   </trkpt>
   <trkpt lat="47.631890000000006" lon="13.055880000000002">
    <ele>922.4000000000001</ele>
   </trkpt>
   <trkpt lat="47.63185000000001" lon="13.05592">
    <ele>922.9000000000001</ele>
   </trkpt>
   <trkpt lat="47.63181" lon="13.055990000000001">
    <ele>923.46</ele>
   </trkpt>
   <trkpt lat="47.631800000000005" lon="13.05611">
    <ele>924.0800000000002</ele>
   </trkpt>
   <trkpt lat="47.631780000000006" lon="13.056880000000001">
    <ele>928.27</ele>
   </trkpt>
   <trkpt lat="47.63176000000001" lon="13.05705">
    <ele>931.2800000000001</ele>
   </trkpt>
   <trkpt lat="47.63168" lon="13.05733">
    <ele>931.2800000000001</ele>
   </trkpt>
   <trkpt lat="47.631510000000006" lon="13.05765">
    <ele>937.4100000000001</ele>
   </trkpt>
   <trkpt lat="47.63105" lon="13.05827">
    <ele>941.8100000000001</ele>
   </trkpt>
   <trkpt lat="47.63098" lon="13.058340000000001">
    <ele>945.5300000000001</ele>
   </trkpt>
   <trkpt lat="47.63092" lon="13.058370000000002">
    <ele>945.5300000000001</ele>
   </trkpt>
   <trkpt lat="47.630840000000006" lon="13.058370000000002">
    <ele>945.5300000000001</ele>
   </trkpt>
   <trkpt lat="47.630720000000004" lon="13.05831">
    <ele>947.32</ele>
   </trkpt>
   <trkpt lat="47.630680000000005" lon="13.05826">
    <ele>949.0500000000001</ele>
   </trkpt>
   <trkpt lat="47.63062" lon="13.05812">
    <ele>950.1400000000001</ele>
   </trkpt>
   <trkpt lat="47.630610000000004" lon="13.057950000000002">
    <ele>951.6700000000001</ele>
   </trkpt>
   <trkpt lat="47.630630000000004" lon="13.0578">
    <ele>953.12</ele>
   </trkpt>
   <trkpt lat="47.63096" lon="13.05658">
    <ele>961.1100000000001</ele>
   </trkpt>
   <trkpt lat="47.63094" lon="13.056070000000002">
    <ele>964.5</ele>
   </trkpt>
   <trkpt lat="47.63085" lon="13.05573">
    <ele>968.01</ele>
   </trkpt>
   <trkpt lat="47.63059000175794" lon="13.055104997036594">
    <ele>973.64</ele>
   </trkpt>
   <trkpt lat="47.63033" lon="13.054480000000002">
    <ele>979.0600000000001</ele>
   </trkpt>
   <trkpt lat="47.630300000000005" lon="13.054200000000002">
    <ele>982.3600000000001</ele>
   </trkpt>
   <trkpt lat="47.630300000000005" lon="13.053970000000001">
    <ele>983.4200000000001</ele>
   </trkpt>
   <trkpt lat="47.630370000000006" lon="13.053080000000001">
    <ele>989.59</ele>
   </trkpt>
   <trkpt lat="47.63031" lon="13.052890000000001">
    <ele>989.8100000000001</ele>
   </trkpt>
   <trkpt lat="47.630250000000004" lon="13.052840000000002">
    <ele>989.7800000000001</ele>
   </trkpt>
   <trkpt lat="47.63017000000001" lon="13.052840000000002">
    <ele>989.7800000000001</ele>
   </trkpt>
   <trkpt lat="47.63011" lon="13.05287">
    <ele>990.1700000000001</ele>
   </trkpt>
   <trkpt lat="47.63002" lon="13.053030000000001">
    <ele>990.62</ele>
   </trkpt>
   <trkpt lat="47.62995" lon="13.053320000000001">
    <ele>991.71</ele>
   </trkpt>
   <trkpt lat="47.629740000000005" lon="13.054170000000001">
    <ele>998.0000000000001</ele>
   </trkpt>
   <trkpt lat="47.629580000000004" lon="13.054520000000002">
    <ele>1001.19</ele>
   </trkpt>
   <trkpt lat="47.62898500420554" lon="13.055510011358553">
    <ele>1009.26</ele>
   </trkpt>
   <trkpt lat="47.62839" lon="13.056500000000002">
    <ele>1021.4500000000002</ele>
   </trkpt>
   <trkpt lat="47.62820000000001" lon="13.05658">
    <ele>1021.4500000000002</ele>
   </trkpt>
   <trkpt lat="47.62807" lon="13.056510000000001">
    <ele>1025.16</ele>
   </trkpt>
   <trkpt lat="47.627990000000004" lon="13.056420000000001">
    <ele>1026.63</ele>
   </trkpt>
   <trkpt lat="47.62796" lon="13.056320000000001">
    <ele>1026.63</ele>
   </trkpt>
   <trkpt lat="47.62796" lon="13.056070000000002">
    <ele>1028.41</ele>
   </trkpt>
   <trkpt lat="47.628150000000005" lon="13.055390000000001">
    <ele>1033.47</ele>
   </trkpt>
   <trkpt lat="47.628170000000004" lon="13.055140000000002">
    <ele>1035.93</ele>
   </trkpt>
   <trkpt lat="47.628150000000005" lon="13.054780000000001">
    <ele>1035.93</ele>
   </trkpt>
   <trkpt lat="47.627950000000006" lon="13.053740000000001">
    <ele>1045.01</ele>
   </trkpt>
   <trkpt lat="47.62792" lon="13.05329">
    <ele>1049.9</ele>
   </trkpt>
   <trkpt lat="47.627955003097156" lon="13.052445000693288">
    <ele>1056.04</ele>
   </trkpt>
   <trkpt lat="47.627990000000004" lon="13.0516">
    <ele>1064.1900000000003</ele>
   </trkpt>
   <trkpt lat="47.627970000000005" lon="13.05142">
    <ele>1065.28</ele>
   </trkpt>
   <trkpt lat="47.62792" lon="13.05128">
    <ele>1066.7900000000002</ele>
   </trkpt>
   <trkpt lat="47.627840000000006" lon="13.05118">
    <ele>1067.75</ele>
   </trkpt>
   <trkpt lat="47.627790000000005" lon="13.051150000000002">
    <ele>1067.75</ele>
   </trkpt>
   <trkpt lat="47.62767" lon="13.051150000000002">
    <ele>1068.87</ele>
   </trkpt>
   <trkpt lat="47.627570000000006" lon="13.051210000000001">
    <ele>1069.55</ele>
   </trkpt>
   <trkpt lat="47.62751" lon="13.05131">
    <ele>1070.16</ele>
   </trkpt>
   <trkpt lat="47.627050000000004" lon="13.0524">
    <ele>1077.42</ele>
   </trkpt>
   <trkpt lat="47.62679000000001" lon="13.05272">
    <ele>1079.7</ele>
   </trkpt>
   <trkpt lat="47.6263" lon="13.053130000000001">
    <ele>1084.6</ele>
   </trkpt>
   <trkpt lat="47.625875000403106" lon="13.053450002633316">
    <ele>1087.44</ele>
   </trkpt>
   <trkpt lat="47.62545" lon="13.053770000000002">
    <ele>1089.48</ele>
   </trkpt>
   <trkpt lat="47.625310000000006" lon="13.0539">
    <ele>1092.0700000000002</ele>
   </trkpt>
   <trkpt lat="47.625150000000005" lon="13.054150000000002">
    <ele>1093.39</ele>
   </trkpt>
   <trkpt lat="47.624680000000005" lon="13.055180000000002">
    <ele>1100.24</ele>
   </trkpt>
   <trkpt lat="47.62458" lon="13.055430000000001">
    <ele>1100.93</ele>
   </trkpt>
   <trkpt lat="47.624550000000006" lon="13.055610000000001">
    <ele>1102.36</ele>
   </trkpt>
   <trkpt lat="47.624570000000006" lon="13.056750000000001">
    <ele>1109.2900000000002</ele>
   </trkpt>
   <trkpt lat="47.62451" lon="13.057020000000001">
    <ele>1109.2900000000002</ele>
   </trkpt>
   <trkpt lat="47.624430000000004" lon="13.05718">
    <ele>1109.2900000000002</ele>
   </trkpt>
   <trkpt lat="47.62431" lon="13.057340000000002">
    <ele>1112.95</ele>
   </trkpt>
   <trkpt lat="47.623900000000006" lon="13.057680000000001">
    <ele>1115.18</ele>
   </trkpt>
   <trkpt lat="47.62373" lon="13.057910000000001">
    <ele>1117.95</ele>
   </trkpt>
   <trkpt lat="47.62344000181906" lon="13.05855000346364">
    <ele>1122.74</ele>
   </trkpt>
   <trkpt lat="47.62315" lon="13.059190000000001">
    <ele>1125.38</ele>
   </trkpt>
   <trkpt lat="47.623090000000005" lon="13.059360000000002">
    <ele>1125.38</ele>
   </trkpt>
   <trkpt lat="47.623090000000005" lon="13.059610000000001">
    <ele>1127.07</ele>
   </trkpt>
   <trkpt lat="47.623310000000004" lon="13.060860000000002">
    <ele>1134.13</ele>
   </trkpt>
   <trkpt lat="47.62333" lon="13.061240000000002">
    <ele>1134.13</ele>
   </trkpt>
   <trkpt lat="47.623310000000004" lon="13.06164">
    <ele>1138.8200000000002</ele>
   </trkpt>
   <trkpt lat="47.623140002934875" lon="13.062460002602633">
    <ele>1142.7200000000003</ele>
   </trkpt>
   <trkpt lat="47.62297" lon="13.06328">
    <ele>1146.63</ele>
   </trkpt>
   <trkpt lat="47.62288" lon="13.063540000000001">
    <ele>1148.7</ele>
   </trkpt>
   <trkpt lat="47.62274000000001" lon="13.063740000000001">
    <ele>1150.05</ele>
   </trkpt>
   <trkpt lat="47.622600000000006" lon="13.06385">
    <ele>1151.0200000000002</ele>
   </trkpt>
   <trkpt lat="47.62247000000001" lon="13.063910000000002">
    <ele>1151.93</ele>
   </trkpt>
   <trkpt lat="47.62232" lon="13.063910000000002">
    <ele>1151.93</ele>
   </trkpt>
   <trkpt lat="47.62220000000001" lon="13.063860000000002">
    <ele>1154.9</ele>
   </trkpt>
   <trkpt lat="47.62153000000001" lon="13.063390000000002">
    <ele>1158.2700000000002</ele>
   </trkpt>
   <trkpt lat="47.62127" lon="13.063260000000001">
    <ele>1158.2700000000002</ele>
   </trkpt>
   <trkpt lat="47.621080000000006" lon="13.063200000000002">
    <ele>1161.22</ele>
   </trkpt>
   <trkpt lat="47.620870000000004" lon="13.063170000000001">
    <ele>1161.22</ele>
   </trkpt>
   <trkpt lat="47.62011999990754" lon="13.063215000651624">
    <ele>1165.65</ele>
   </trkpt>
   <trkpt lat="47.61937" lon="13.063260000000001">
    <ele>1169.9700000000003</ele>
   </trkpt>
   <trkpt lat="47.6191" lon="13.06254">
    <ele>1173.42</ele>
   </trkpt>
   <trkpt lat="47.619080000000004" lon="13.062370000000001">
    <ele>1173.89</ele>
   </trkpt>
   <trkpt lat="47.6191" lon="13.062190000000001">
    <ele>1175.17</ele>
   </trkpt>
   <trkpt lat="47.61918000000001" lon="13.062090000000001">
    <ele>1175.17</ele>
   </trkpt>
   <trkpt lat="47.619240000000005" lon="13.06207">
    <ele>1175.66</ele>
   </trkpt>
   <trkpt lat="47.62008" lon="13.06211">
    <ele>1183.42</ele>
   </trkpt>
   <trkpt lat="47.62024" lon="13.062090000000001">
    <ele>1183.1299999999999</ele>
   </trkpt>
   <trkpt lat="47.62044" lon="13.062000000000001">
    <ele>1181.66</ele>
   </trkpt>
   <trkpt lat="47.62078" lon="13.061760000000001">
    <ele>1181.1200000000001</ele>
   </trkpt>
   <trkpt lat="47.62082" lon="13.061710000000001">
    <ele>1181.45</ele>
   </trkpt>
   <trkpt lat="47.620900000000006" lon="13.061430000000001">
    <ele>1182.49</ele>
   </trkpt>
   <trkpt lat="47.62089" lon="13.061190000000002">
    <ele>1184.96</ele>
   </trkpt>
   <trkpt lat="47.62086" lon="13.061090000000002">
    <ele>1186.88</ele>
   </trkpt>
   <trkpt lat="47.62075" lon="13.060950000000002">
    <ele>1188.25</ele>
   </trkpt>
   <trkpt lat="47.62064" lon="13.060870000000001">
    <ele>1188.25</ele>
   </trkpt>
   <trkpt lat="47.620450000000005" lon="13.0608">
    <ele>1192.44</ele>
   </trkpt>
   <trkpt lat="47.62033" lon="13.060730000000001">
    <ele>1195.03</ele>
   </trkpt>
   <trkpt lat="47.61968" lon="13.06019">
    <ele>1205.26</ele>
   </trkpt>
   <trkpt lat="47.619310000000006" lon="13.06">
    <ele>1211.3700000000001</ele>
   </trkpt>
   <trkpt lat="47.619220000000006" lon="13.059920000000002">
    <ele>1213.63</ele>
   </trkpt>
   <trkpt lat="47.619040000000005" lon="13.059700000000001">
    <ele>1216.43</ele>
   </trkpt>
   <trkpt lat="47.618900000000004" lon="13.05958">
    <ele>1221.95</ele>
   </trkpt>
   <trkpt lat="47.61878" lon="13.059520000000001">
    <ele>1221.95</ele>
   </trkpt>
   <trkpt lat="47.61854" lon="13.05949">
    <ele>1225.24</ele>
   </trkpt>
   <trkpt lat="47.618410000000004" lon="13.05943">
    <ele>1226.5100000000002</ele>
   </trkpt>
   <trkpt lat="47.6182" lon="13.05921">
    <ele>1230.05</ele>
   </trkpt>
   <trkpt lat="47.617760000000004" lon="13.058900000000001">
    <ele>1235.94</ele>
   </trkpt>
   <trkpt lat="47.61773" lon="13.058710000000001">
    <ele>1237.0700000000002</ele>
   </trkpt>
   <trkpt lat="47.617760000000004" lon="13.058510000000002">
    <ele>1237.53</ele>
   </trkpt>
   <trkpt lat="47.61788000000001" lon="13.0584">
    <ele>1238.49</ele>
   </trkpt>
   <trkpt lat="47.618140000000004" lon="13.058300000000001">
    <ele>1238.89</ele>
   </trkpt>
   <trkpt lat="47.61835000000001" lon="13.058110000000001">
    <ele>1238.99</ele>
   </trkpt>
   <trkpt lat="47.618660000000006" lon="13.05774">
    <ele>1239.26</ele>
   </trkpt>
   <trkpt lat="47.618700000000004" lon="13.0576">
    <ele>1239.13</ele>
   </trkpt>
   <trkpt lat="47.61869" lon="13.057150000000002">
    <ele>1239.0400000000002</ele>
   </trkpt>
   <trkpt lat="47.618700000000004" lon="13.05662">
    <ele>1238.67</ele>
   </trkpt>
   <trkpt lat="47.61862000000001" lon="13.05629">
    <ele>1238.68</ele>
   </trkpt>
   <trkpt lat="47.61849" lon="13.05591">
    <ele>1239.0400000000002</ele>
   </trkpt>
   <trkpt lat="47.618480000000005" lon="13.05582">
    <ele>1239.0400000000002</ele>
   </trkpt>
   <trkpt lat="47.61851" lon="13.055420000000002">
    <ele>1239.6</ele>
   </trkpt>
   <trkpt lat="47.61847" lon="13.055040000000002">
    <ele>1239.68</ele>
   </trkpt>
   <trkpt lat="47.618500000000004" lon="13.05488">
    <ele>1239.6</ele>
   </trkpt>
   <trkpt lat="47.61869" lon="13.054520000000002">
    <ele>1240.3200000000002</ele>
   </trkpt>
   <trkpt lat="47.61867" lon="13.05446">
    <ele>1241.03</ele>
   </trkpt>
   <trkpt lat="47.618680000000005" lon="13.054340000000002">
    <ele>1241.03</ele>
   </trkpt>
   <trkpt lat="47.61889" lon="13.054">
    <ele>1243.16</ele>
   </trkpt>
   <trkpt lat="47.61901" lon="13.05372">
    <ele>1245.16</ele>
   </trkpt>
   <trkpt lat="47.619150000000005" lon="13.05334">
    <ele>1248.7</ele>
   </trkpt>
   <trkpt lat="47.619260000000004" lon="13.05291">
    <ele>1253.68</ele>
   </trkpt>
   <trkpt lat="47.619260000000004" lon="13.05277">
    <ele>1253.68</ele>
   </trkpt>
   <trkpt lat="47.61912" lon="13.052200000000001">
    <ele>1259.63</ele>
   </trkpt>
   <trkpt lat="47.619150000000005" lon="13.052010000000001">
    <ele>1262.15</ele>
   </trkpt>
   <trkpt lat="47.619130000000006" lon="13.051760000000002">
    <ele>1262.8600000000001</ele>
   </trkpt>
   <trkpt lat="47.61871000000001" lon="13.050930000000001">
    <ele>1277.8200000000002</ele>
   </trkpt>
   <trkpt lat="47.61867" lon="13.0509">
    <ele>1277.8200000000002</ele>
   </trkpt>
   <trkpt lat="47.6186" lon="13.050910000000002">
    <ele>1277.8200000000002</ele>
   </trkpt>
   <trkpt lat="47.61847" lon="13.051150000000002">
    <ele>1281.1000000000001</ele>
   </trkpt>
   <trkpt lat="47.6184" lon="13.05123">
    <ele>1281.1000000000001</ele>
   </trkpt>
   <trkpt lat="47.618300000000005" lon="13.05123">
    <ele>1281.1000000000001</ele>
   </trkpt>
   <trkpt lat="47.61824000000001" lon="13.051200000000001">
    <ele>1286.69</ele>
   </trkpt>
   <trkpt lat="47.61816" lon="13.05109">
    <ele>1286.69</ele>
   </trkpt>
   <trkpt lat="47.61813" lon="13.050980000000001">
    <ele>1286.69</ele>
   </trkpt>
   <trkpt lat="47.61813" lon="13.050870000000002">
    <ele>1286.69</ele>
   </trkpt>
   <trkpt lat="47.61827" lon="13.050390000000002">
    <ele>1290.54</ele>
   </trkpt>
   <trkpt lat="47.618300000000005" lon="13.050220000000001">
    <ele>1296.42</ele>
   </trkpt>
   <trkpt lat="47.618320000000004" lon="13.05">
    <ele>1296.42</ele>
   </trkpt>
   <trkpt lat="47.61831" lon="13.049660000000001">
    <ele>1302.5600000000002</ele>
   </trkpt>
   <trkpt lat="47.618320000000004" lon="13.04958">
    <ele>1302.5600000000002</ele>
   </trkpt>
   <trkpt lat="47.618410000000004" lon="13.049430000000001">
    <ele>1305.8</ele>
   </trkpt>
   <trkpt lat="47.61845" lon="13.049190000000001">
    <ele>1309.08</ele>
   </trkpt>
   <trkpt lat="47.618300000000005" lon="13.04831">
    <ele>1316.8200000000002</ele>
   </trkpt>
   <trkpt lat="47.61825" lon="13.04809">
    <ele>1319.2100000000003</ele>
   </trkpt>
   <trkpt lat="47.618140000000004" lon="13.04776">
    <ele>1322.14</ele>
   </trkpt>
   <trkpt lat="47.61778" lon="13.047200000000002">
    <ele>1330.27</ele>
   </trkpt>
   <trkpt lat="47.61773" lon="13.04715">
    <ele>1330.8600000000001</ele>
   </trkpt>
   <trkpt lat="47.617670000000004" lon="13.04714">
    <ele>1331.97</ele>
   </trkpt>
   <trkpt lat="47.61759000000001" lon="13.04718">
    <ele>1331.97</ele>
   </trkpt>
   <trkpt lat="47.617230000000006" lon="13.047540000000001">
    <ele>1337.44</ele>
   </trkpt>
   <trkpt lat="47.617070000000005" lon="13.047820000000002">
    <ele>1341.88</ele>
   </trkpt>
   <trkpt lat="47.617020000000004" lon="13.047960000000002">
    <ele>1341.88</ele>
   </trkpt>
   <trkpt lat="47.61692" lon="13.04836">
    <ele>1348.3</ele>
   </trkpt>
   <trkpt lat="47.616800000000005" lon="13.049410000000002">
    <ele>1355.5900000000001</ele>
   </trkpt>
   <trkpt lat="47.61684" lon="13.049890000000001">
    <ele>1360.6200000000001</ele>
   </trkpt>
   <trkpt lat="47.616820000000004" lon="13.049980000000001">
    <ele>1360.6200000000001</ele>
   </trkpt>
   <trkpt lat="47.61674000000001" lon="13.05001">
    <ele>1361.93</ele>
   </trkpt>
   <trkpt lat="47.61668" lon="13.049990000000001">
    <ele>1363.28</ele>
   </trkpt>
   <trkpt lat="47.616550000000004" lon="13.049640000000002">
    <ele>1367.15</ele>
   </trkpt>
   <trkpt lat="47.616310003403385" lon="13.048754995938529">
    <ele>1378.8200000000002</ele>
   </trkpt>
   <trkpt lat="47.61607" lon="13.047870000000001">
    <ele>1388.8600000000001</ele>
   </trkpt>
   <trkpt lat="47.615970000000004" lon="13.04765">
    <ele>1390.63</ele>
   </trkpt>
   <trkpt lat="47.6159" lon="13.04718">
    <ele>1393.85</ele>
   </trkpt>
   <trkpt lat="47.61591000000001" lon="13.04691">
    <ele>1396.3400000000001</ele>
   </trkpt>
   <trkpt lat="47.615970000000004" lon="13.04667">
    <ele>1398.5900000000001</ele>
   </trkpt>
   <trkpt lat="47.615970000000004" lon="13.04654">
    <ele>1400.4500000000003</ele>
   </trkpt>
   <trkpt lat="47.615880000000004" lon="13.04635">
    <ele>1404.32</ele>
   </trkpt>
   <trkpt lat="47.61569" lon="13.046100000000001">
    <ele>1407.6000000000001</ele>
   </trkpt>
   <trkpt lat="47.615590000000005" lon="13.045890000000002">
    <ele>1408.8700000000001</ele>
   </trkpt>
   <trkpt lat="47.61535000000001" lon="13.045090000000002">
    <ele>1416.3600000000001</ele>
   </trkpt>
   <trkpt lat="47.615320000000004" lon="13.04507">
    <ele>1416.3600000000001</ele>
   </trkpt>
   <trkpt lat="47.615280000000006" lon="13.045090000000002">
    <ele>1416.8700000000001</ele>
   </trkpt>
   <trkpt lat="47.615260000000006" lon="13.04513">
    <ele>1416.8700000000001</ele>
   </trkpt>
   <trkpt lat="47.61525" lon="13.04564">
    <ele>1422.02</ele>
   </trkpt>
   <trkpt lat="47.615230000000004" lon="13.04582">
    <ele>1423.28</ele>
   </trkpt>
   <trkpt lat="47.615190000000005" lon="13.045990000000002">
    <ele>1425.41</ele>
   </trkpt>
   <trkpt lat="47.61516" lon="13.046080000000002">
    <ele>1425.41</ele>
   </trkpt>
   <trkpt lat="47.615100000000005" lon="13.04616">
    <ele>1429.27</ele>
   </trkpt>
   <trkpt lat="47.614790000000006" lon="13.046930000000001">
    <ele>1435.89</ele>
   </trkpt>
   <trkpt lat="47.614760000000004" lon="13.04705">
    <ele>1440.7200000000003</ele>
   </trkpt>
   <trkpt lat="47.61471" lon="13.04771">
    <ele>1445.17</ele>
   </trkpt>
   <trkpt lat="47.61459000000001" lon="13.048100000000002">
    <ele>1452.25</ele>
   </trkpt>
   <trkpt lat="47.614520000000006" lon="13.048430000000002">
    <ele>1457.3200000000002</ele>
   </trkpt>
   <trkpt lat="47.61449" lon="13.048470000000002">
    <ele>1457.3200000000002</ele>
   </trkpt>
   <trkpt lat="47.61439000000001" lon="13.048470000000002">
    <ele>1458.92</ele>
   </trkpt>
   <trkpt lat="47.614270000000005" lon="13.048380000000002">
    <ele>1460.3600000000001</ele>
   </trkpt>
   <trkpt lat="47.614200000000004" lon="13.04827">
    <ele>1462.9800000000002</ele>
   </trkpt>
   <trkpt lat="47.614180000000005" lon="13.04812">
    <ele>1462.9800000000002</ele>
   </trkpt>
   <trkpt lat="47.61424" lon="13.04789">
    <ele>1466.6000000000001</ele>
   </trkpt>
   <trkpt lat="47.61426" lon="13.047740000000001">
    <ele>1468.22</ele>
   </trkpt>
   <trkpt lat="47.61424" lon="13.04761">
    <ele>1470.73</ele>
   </trkpt>
   <trkpt lat="47.61412000000001" lon="13.047360000000001">
    <ele>1474.23</ele>
   </trkpt>
   <trkpt lat="47.61404" lon="13.04691">
    <ele>1479.65</ele>
   </trkpt>
   <trkpt lat="47.61394000000001" lon="13.04681">
    <ele>1480.3300000000002</ele>
   </trkpt>
   <trkpt lat="47.61386" lon="13.04668">
    <ele>1482.26</ele>
   </trkpt>
   <trkpt lat="47.613800000000005" lon="13.04653">
    <ele>1485.89</ele>
   </trkpt>
   <trkpt lat="47.613760000000006" lon="13.04606">
    <ele>1488.79</ele>
   </trkpt>
   <trkpt lat="47.61374000000001" lon="13.04597">
    <ele>1489.4</ele>
   </trkpt>
   <trkpt lat="47.61372" lon="13.045950000000001">
    <ele>1489.4</ele>
   </trkpt>
   <trkpt lat="47.613690000000005" lon="13.045950000000001">
    <ele>1490.7</ele>
   </trkpt>
   <trkpt lat="47.613670000000006" lon="13.04597">
    <ele>1490.7</ele>
   </trkpt>
   <trkpt lat="47.61365000000001" lon="13.046040000000001">
    <ele>1490.7</ele>
   </trkpt>
   <trkpt lat="47.61359" lon="13.04681">
    <ele>1499.6299999999999</ele>
   </trkpt>
   <trkpt lat="47.61359" lon="13.04723">
    <ele>1507.2500000000002</ele>
   </trkpt>
   <trkpt lat="47.61357" lon="13.047450000000001">
    <ele>1507.2500000000002</ele>
   </trkpt>
   <trkpt lat="47.61347000000001" lon="13.047880000000001">
    <ele>1510.1100000000001</ele>
   </trkpt>
   <trkpt lat="47.6135" lon="13.04823">
    <ele>1515.3100000000002</ele>
   </trkpt>
   <trkpt lat="47.61345000000001" lon="13.048290000000001">
    <ele>1515.3100000000002</ele>
   </trkpt>
   <trkpt lat="47.613420000000005" lon="13.048280000000002">
    <ele>1515.3100000000002</ele>
   </trkpt>
   <trkpt lat="47.61339" lon="13.048240000000002">
    <ele>1518.41</ele>
   </trkpt>
   <trkpt lat="47.61332" lon="13.04766">
    <ele>1525.3200000000002</ele>
   </trkpt>
   <trkpt lat="47.61312" lon="13.047030000000001">
    <ele>1533.5700000000002</ele>
   </trkpt>
   <trkpt lat="47.61303" lon="13.046610000000001">
    <ele>1536.54</ele>
   </trkpt>
   <trkpt lat="47.61300000000001" lon="13.046570000000001">
    <ele>1538.4</ele>
   </trkpt>
   <trkpt lat="47.61296" lon="13.046560000000001">
    <ele>1538.4</ele>
   </trkpt>
   <trkpt lat="47.612930000000006" lon="13.04663">
    <ele>1539.67</ele>
   </trkpt>
   <trkpt lat="47.61298000000001" lon="13.04714">
    <ele>1544.4700000000003</ele>
   </trkpt>
   <trkpt lat="47.612970000000004" lon="13.04742">
    <ele>1546.65</ele>
   </trkpt>
   <trkpt lat="47.612950000000005" lon="13.047740000000001">
    <ele>1550.37</ele>
   </trkpt>
   <trkpt lat="47.612880000000004" lon="13.048210000000001">
    <ele>1556.27</ele>
   </trkpt>
   <trkpt lat="47.61291000000001" lon="13.048530000000001">
    <ele>1560.2</ele>
   </trkpt>
   <trkpt lat="47.61289000000001" lon="13.04859">
    <ele>1560.2</ele>
   </trkpt>
   <trkpt lat="47.612820000000006" lon="13.048610000000002">
    <ele>1562.0</ele>
   </trkpt>
   <trkpt lat="47.612790000000004" lon="13.048580000000001">
    <ele>1562.0</ele>
   </trkpt>
   <trkpt lat="47.612770000000005" lon="13.048520000000002">
    <ele>1562.0</ele>
   </trkpt>
   <trkpt lat="47.61276" lon="13.04813">
    <ele>1564.68</ele>
   </trkpt>
   <trkpt lat="47.61267" lon="13.04775">
    <ele>1571.0900000000001</ele>
   </trkpt>
   <trkpt lat="47.61265" lon="13.047440000000002">
    <ele>1574.98</ele>
   </trkpt>
   <trkpt lat="47.61249" lon="13.046980000000001">
    <ele>1580.21</ele>
   </trkpt>
   <trkpt lat="47.612410000000004" lon="13.046700000000001">
    <ele>1585.67</ele>
   </trkpt>
   <trkpt lat="47.612390000000005" lon="13.046660000000001">
    <ele>1585.67</ele>
   </trkpt>
   <trkpt lat="47.61236" lon="13.046650000000001">
    <ele>1585.67</ele>
   </trkpt>
   <trkpt lat="47.61233000000001" lon="13.04668">
    <ele>1585.67</ele>
   </trkpt>
   <trkpt lat="47.612320000000004" lon="13.04672">
    <ele>1585.67</ele>
   </trkpt>
   <trkpt lat="47.612350000000006" lon="13.04695">
    <ele>1589.5800000000002</ele>
   </trkpt>
   <trkpt lat="47.61236" lon="13.047200000000002">
    <ele>1592.0</ele>
   </trkpt>
   <trkpt lat="47.612350000000006" lon="13.047580000000002">
    <ele>1596.9</ele>
   </trkpt>
   <trkpt lat="47.61224000000001" lon="13.048050000000002">
    <ele>1602.63</ele>
   </trkpt>
   <trkpt lat="47.61225" lon="13.04823">
    <ele>1602.63</ele>
   </trkpt>
   <trkpt lat="47.61229" lon="13.04846">
    <ele>1609.4700000000003</ele>
   </trkpt>
   <trkpt lat="47.612260000000006" lon="13.048530000000001">
    <ele>1609.4700000000003</ele>
   </trkpt>
   <trkpt lat="47.6122" lon="13.048520000000002">
    <ele>1609.4700000000003</ele>
   </trkpt>
   <trkpt lat="47.612140000000004" lon="13.04836">
    <ele>1611.5600000000002</ele>
   </trkpt>
   <trkpt lat="47.61205" lon="13.047600000000001">
    <ele>1619.31</ele>
   </trkpt>
   <trkpt lat="47.61196" lon="13.047250000000002">
    <ele>1623.97</ele>
   </trkpt>
   <trkpt lat="47.611900000000006" lon="13.046880000000002">
    <ele>1627.0700000000002</ele>
   </trkpt>
   <trkpt lat="47.61186000000001" lon="13.04672">
    <ele>1628.09</ele>
   </trkpt>
   <trkpt lat="47.611720000000005" lon="13.046460000000002">
    <ele>1630.0</ele>
   </trkpt>
   <trkpt lat="47.611720000000005" lon="13.04629">
    <ele>1631.41</ele>
   </trkpt>
   <trkpt lat="47.61177000000001" lon="13.04564">
    <ele>1637.9800000000002</ele>
   </trkpt>
   <trkpt lat="47.611830000000005" lon="13.045420000000002">
    <ele>1639.52</ele>
   </trkpt>
   <trkpt lat="47.61198" lon="13.045100000000001">
    <ele>1644.7500000000002</ele>
   </trkpt>
   <trkpt lat="47.612010000000005" lon="13.0446">
    <ele>1652.3300000000002</ele>
   </trkpt>
   <trkpt lat="47.61218" lon="13.04404">
    <ele>1660.6900000000003</ele>
   </trkpt>
   <trkpt lat="47.6122" lon="13.044">
    <ele>1660.6900000000003</ele>
   </trkpt>
   <trkpt lat="47.61229" lon="13.043930000000001">
    <ele>1660.6900000000003</ele>
   </trkpt>
   <trkpt lat="47.61234" lon="13.04385">
    <ele>1662.26</ele>
   </trkpt>
   <trkpt lat="47.61243" lon="13.04362">
    <ele>1663.93</ele>
   </trkpt>
   <trkpt lat="47.612460000000006" lon="13.04339">
    <ele>1670.9</ele>
   </trkpt>
   <trkpt lat="47.61249" lon="13.043320000000001">
    <ele>1670.9</ele>
   </trkpt>
   <trkpt lat="47.612590000000004" lon="13.0431">
    <ele>1674.0400000000002</ele>
   </trkpt>
   <trkpt lat="47.61281" lon="13.042760000000001">
    <ele>1676.77</ele>
   </trkpt>
   <trkpt lat="47.612860000000005" lon="13.042610000000002">
    <ele>1680.6100000000001</ele>
   </trkpt>
   <trkpt lat="47.61300000000001" lon="13.04231">
    <ele>1684.6000000000001</ele>
   </trkpt>
   <trkpt lat="47.61301" lon="13.042230000000002">
    <ele>1684.6000000000001</ele>
   </trkpt>
   <trkpt lat="47.61299" lon="13.042190000000002">
    <ele>1684.6000000000001</ele>
   </trkpt>
   <trkpt lat="47.612930000000006" lon="13.042200000000001">
    <ele>1684.6000000000001</ele>
   </trkpt>
   <trkpt lat="47.61289000000001" lon="13.042240000000001">
    <ele>1684.6000000000001</ele>
   </trkpt>
   <trkpt lat="47.612880000000004" lon="13.042240000000001">
    <ele>1684.73</ele>
   </trkpt>
   <trkpt lat="47.612930000000006" lon="13.042200000000001">
    <ele>1684.73</ele>
   </trkpt>
   <trkpt lat="47.61299" lon="13.042190000000002">
    <ele>1684.73</ele>
   </trkpt>
   <trkpt lat="47.61301" lon="13.042230000000002">
    <ele>1680.6100000000001</ele>
   </trkpt>
   <trkpt lat="47.61300000000001" lon="13.04231">
    <ele>1680.6100000000001</ele>
   </trkpt>
   <trkpt lat="47.612860000000005" lon="13.042610000000002">
    <ele>1676.77</ele>
   </trkpt>
   <trkpt lat="47.61281" lon="13.042760000000001">
    <ele>1676.77</ele>
   </trkpt>
   <trkpt lat="47.612590000000004" lon="13.0431">
    <ele>1670.9</ele>
   </trkpt>
   <trkpt lat="47.61249" lon="13.043320000000001">
    <ele>1670.9</ele>
   </trkpt>
   <trkpt lat="47.612460000000006" lon="13.04339">
    <ele>1663.93</ele>
   </trkpt>
   <trkpt lat="47.61243" lon="13.04362">
    <ele>1663.93</ele>
   </trkpt>
   <trkpt lat="47.61234" lon="13.04385">
    <ele>1660.6900000000003</ele>
   </trkpt>
   <trkpt lat="47.61229" lon="13.043930000000001">
    <ele>1660.6900000000003</ele>
   </trkpt>
   <trkpt lat="47.6122" lon="13.044">
    <ele>1657.07</ele>
   </trkpt>
   <trkpt lat="47.61218" lon="13.04404">
    <ele>1657.07</ele>
   </trkpt>
   <trkpt lat="47.612010000000005" lon="13.0446">
    <ele>1648.8600000000001</ele>
   </trkpt>
   <trkpt lat="47.61198" lon="13.045100000000001">
    <ele>1642.5500000000002</ele>
   </trkpt>
   <trkpt lat="47.611830000000005" lon="13.045420000000002">
    <ele>1637.9800000000002</ele>
   </trkpt>
   <trkpt lat="47.61177000000001" lon="13.04564">
    <ele>1635.6000000000001</ele>
   </trkpt>
   <trkpt lat="47.611720000000005" lon="13.04629">
    <ele>1630.0</ele>
   </trkpt>
   <trkpt lat="47.611720000000005" lon="13.046460000000002">
    <ele>1628.5200000000002</ele>
   </trkpt>
   <trkpt lat="47.61186000000001" lon="13.04672">
    <ele>1625.88</ele>
   </trkpt>
   <trkpt lat="47.611900000000006" lon="13.046880000000002">
    <ele>1623.97</ele>
   </trkpt>
   <trkpt lat="47.61196" lon="13.047250000000002">
    <ele>1620.69</ele>
   </trkpt>
   <trkpt lat="47.61205" lon="13.047600000000001">
    <ele>1617.8000000000002</ele>
   </trkpt>
   <trkpt lat="47.612140000000004" lon="13.04836">
    <ele>1609.4700000000003</ele>
   </trkpt>
   <trkpt lat="47.6122" lon="13.048520000000002">
    <ele>1609.4700000000003</ele>
   </trkpt>
   <trkpt lat="47.612260000000006" lon="13.048530000000001">
    <ele>1602.63</ele>
   </trkpt>
   <trkpt lat="47.61229" lon="13.04846">
    <ele>1602.63</ele>
   </trkpt>
   <trkpt lat="47.61225" lon="13.04823">
    <ele>1602.63</ele>
   </trkpt>
   <trkpt lat="47.61224000000001" lon="13.048050000000002">
    <ele>1599.1200000000001</ele>
   </trkpt>
   <trkpt lat="47.612350000000006" lon="13.047580000000002">
    <ele>1595.3100000000002</ele>
   </trkpt>
   <trkpt lat="47.61236" lon="13.047200000000002">
    <ele>1589.5800000000002</ele>
   </trkpt>
   <trkpt lat="47.612350000000006" lon="13.04695">
    <ele>1585.67</ele>
   </trkpt>
   <trkpt lat="47.612320000000004" lon="13.04672">
    <ele>1585.67</ele>
   </trkpt>
   <trkpt lat="47.61233000000001" lon="13.04668">
    <ele>1582.65</ele>
   </trkpt>
   <trkpt lat="47.61236" lon="13.046650000000001">
    <ele>1582.65</ele>
   </trkpt>
   <trkpt lat="47.612390000000005" lon="13.046660000000001">
    <ele>1582.65</ele>
   </trkpt>
   <trkpt lat="47.612410000000004" lon="13.046700000000001">
    <ele>1581.8700000000001</ele>
   </trkpt>
   <trkpt lat="47.61249" lon="13.046980000000001">
    <ele>1580.21</ele>
   </trkpt>
   <trkpt lat="47.61265" lon="13.047440000000002">
    <ele>1571.0900000000001</ele>
   </trkpt>
   <trkpt lat="47.61267" lon="13.04775">
    <ele>1571.0900000000001</ele>
   </trkpt>
   <trkpt lat="47.61276" lon="13.04813">
    <ele>1564.68</ele>
   </trkpt>
   <trkpt lat="47.612770000000005" lon="13.048520000000002">
    <ele>1560.2</ele>
   </trkpt>
   <trkpt lat="47.612790000000004" lon="13.048580000000001">
    <ele>1560.2</ele>
   </trkpt>
   <trkpt lat="47.612820000000006" lon="13.048610000000002">
    <ele>1558.95</ele>
   </trkpt>
   <trkpt lat="47.61289000000001" lon="13.04859">
    <ele>1558.95</ele>
   </trkpt>
   <trkpt lat="47.61291000000001" lon="13.048530000000001">
    <ele>1556.27</ele>
   </trkpt>
   <trkpt lat="47.612880000000004" lon="13.048210000000001">
    <ele>1553.42</ele>
   </trkpt>
   <trkpt lat="47.612950000000005" lon="13.047740000000001">
    <ele>1550.37</ele>
   </trkpt>
   <trkpt lat="47.612970000000004" lon="13.04742">
    <ele>1544.4700000000003</ele>
   </trkpt>
   <trkpt lat="47.61298000000001" lon="13.04714">
    <ele>1542.37</ele>
   </trkpt>
   <trkpt lat="47.612930000000006" lon="13.04663">
    <ele>1536.54</ele>
   </trkpt>
   <trkpt lat="47.61296" lon="13.046560000000001">
    <ele>1536.54</ele>
   </trkpt>
   <trkpt lat="47.61300000000001" lon="13.046570000000001">
    <ele>1535.8700000000001</ele>
   </trkpt>
   <trkpt lat="47.61303" lon="13.046610000000001">
    <ele>1535.14</ele>
   </trkpt>
   <trkpt lat="47.61312" lon="13.047030000000001">
    <ele>1533.5700000000002</ele>
   </trkpt>
   <trkpt lat="47.61332" lon="13.04766">
    <ele>1520.5000000000002</ele>
   </trkpt>
   <trkpt lat="47.61339" lon="13.048240000000002">
    <ele>1515.3100000000002</ele>
   </trkpt>
   <trkpt lat="47.613420000000005" lon="13.048280000000002">
    <ele>1515.3100000000002</ele>
   </trkpt>
   <trkpt lat="47.61345000000001" lon="13.048290000000001">
    <ele>1515.3100000000002</ele>
   </trkpt>
   <trkpt lat="47.6135" lon="13.04823">
    <ele>1515.3100000000002</ele>
   </trkpt>
   <trkpt lat="47.61347000000001" lon="13.047880000000001">
    <ele>1510.1100000000001</ele>
   </trkpt>
   <trkpt lat="47.61357" lon="13.047450000000001">
    <ele>1507.2500000000002</ele>
   </trkpt>
   <trkpt lat="47.61359" lon="13.04723">
    <ele>1501.8300000000002</ele>
   </trkpt>
   <trkpt lat="47.61359" lon="13.04681">
    <ele>1498.13</ele>
   </trkpt>
   <trkpt lat="47.61365000000001" lon="13.046040000000001">
    <ele>1488.79</ele>
   </trkpt>
   <trkpt lat="47.613670000000006" lon="13.04597">
    <ele>1488.79</ele>
   </trkpt>
   <trkpt lat="47.613690000000005" lon="13.045950000000001">
    <ele>1488.79</ele>
   </trkpt>
   <trkpt lat="47.61372" lon="13.045950000000001">
    <ele>1488.79</ele>
   </trkpt>
   <trkpt lat="47.61374000000001" lon="13.04597">
    <ele>1488.79</ele>
   </trkpt>
   <trkpt lat="47.613760000000006" lon="13.04606">
    <ele>1485.89</ele>
   </trkpt>
   <trkpt lat="47.613800000000005" lon="13.04653">
    <ele>1482.26</ele>
   </trkpt>
   <trkpt lat="47.61386" lon="13.04668">
    <ele>1480.3300000000002</ele>
   </trkpt>
   <trkpt lat="47.61394000000001" lon="13.04681">
    <ele>1478.23</ele>
   </trkpt>
   <trkpt lat="47.61404" lon="13.04691">
    <ele>1476.72</ele>
   </trkpt>
   <trkpt lat="47.61412000000001" lon="13.047360000000001">
    <ele>1470.73</ele>
   </trkpt>
   <trkpt lat="47.61424" lon="13.04761">
    <ele>1466.6000000000001</ele>
   </trkpt>
   <trkpt lat="47.61426" lon="13.047740000000001">
    <ele>1465.0700000000002</ele>
   </trkpt>
   <trkpt lat="47.61424" lon="13.04789">
    <ele>1464.3400000000001</ele>
   </trkpt>
   <trkpt lat="47.614180000000005" lon="13.04812">
    <ele>1460.3600000000001</ele>
   </trkpt>
   <trkpt lat="47.614200000000004" lon="13.04827">
    <ele>1460.3600000000001</ele>
   </trkpt>
   <trkpt lat="47.614270000000005" lon="13.048380000000002">
    <ele>1457.3200000000002</ele>
   </trkpt>
   <trkpt lat="47.61439000000001" lon="13.048470000000002">
    <ele>1453.9</ele>
   </trkpt>
   <trkpt lat="47.61449" lon="13.048470000000002">
    <ele>1453.9</ele>
   </trkpt>
   <trkpt lat="47.614520000000006" lon="13.048430000000002">
    <ele>1452.25</ele>
   </trkpt>
   <trkpt lat="47.61459000000001" lon="13.048100000000002">
    <ele>1449.8700000000001</ele>
   </trkpt>
   <trkpt lat="47.61471" lon="13.04771">
    <ele>1442.18</ele>
   </trkpt>
   <trkpt lat="47.614760000000004" lon="13.04705">
    <ele>1435.89</ele>
   </trkpt>
   <trkpt lat="47.614790000000006" lon="13.046930000000001">
    <ele>1435.89</ele>
   </trkpt>
   <trkpt lat="47.615100000000005" lon="13.04616">
    <ele>1425.41</ele>
   </trkpt>
   <trkpt lat="47.61516" lon="13.046080000000002">
    <ele>1423.95</ele>
   </trkpt>
   <trkpt lat="47.615190000000005" lon="13.045990000000002">
    <ele>1423.28</ele>
   </trkpt>
   <trkpt lat="47.615230000000004" lon="13.04582">
    <ele>1422.02</ele>
   </trkpt>
   <trkpt lat="47.61525" lon="13.04564">
    <ele>1420.25</ele>
   </trkpt>
   <trkpt lat="47.615260000000006" lon="13.04513">
    <ele>1416.3600000000001</ele>
   </trkpt>
   <trkpt lat="47.615280000000006" lon="13.045090000000002">
    <ele>1414.42</ele>
   </trkpt>
   <trkpt lat="47.615320000000004" lon="13.04507">
    <ele>1414.42</ele>
   </trkpt>
   <trkpt lat="47.61535000000001" lon="13.045090000000002">
    <ele>1414.42</ele>
   </trkpt>
   <trkpt lat="47.615590000000005" lon="13.045890000000002">
    <ele>1407.6000000000001</ele>
   </trkpt>
   <trkpt lat="47.61569" lon="13.046100000000001">
    <ele>1404.32</ele>
   </trkpt>
   <trkpt lat="47.615880000000004" lon="13.04635">
    <ele>1400.4500000000003</ele>
   </trkpt>
   <trkpt lat="47.615970000000004" lon="13.04654">
    <ele>1398.5900000000001</ele>
   </trkpt>
   <trkpt lat="47.615970000000004" lon="13.04667">
    <ele>1397.42</ele>
   </trkpt>
   <trkpt lat="47.61591000000001" lon="13.04691">
    <ele>1396.3400000000001</ele>
   </trkpt>
   <trkpt lat="47.6159" lon="13.04718">
    <ele>1393.85</ele>
   </trkpt>
   <trkpt lat="47.615970000000004" lon="13.04765">
    <ele>1388.8600000000001</ele>
   </trkpt>
   <trkpt lat="47.61607" lon="13.047870000000001">
    <ele>1385.0200000000002</ele>
   </trkpt>
   <trkpt lat="47.61631000340305" lon="13.04875499593729">
    <ele>1375.8100000000002</ele>
   </trkpt>
   <trkpt lat="47.616550000000004" lon="13.049640000000002">
    <ele>1364.68</ele>
   </trkpt>
   <trkpt lat="47.61668" lon="13.049990000000001">
    <ele>1360.6200000000001</ele>
   </trkpt>
   <trkpt lat="47.61674000000001" lon="13.05001">
    <ele>1359.3700000000001</ele>
   </trkpt>
   <trkpt lat="47.616820000000004" lon="13.049980000000001">
    <ele>1358.78</ele>
   </trkpt>
   <trkpt lat="47.61684" lon="13.049890000000001">
    <ele>1357.67</ele>
   </trkpt>
   <trkpt lat="47.616800000000005" lon="13.049410000000002">
    <ele>1355.5900000000001</ele>
   </trkpt>
   <trkpt lat="47.61692" lon="13.04836">
    <ele>1344.2500000000002</ele>
   </trkpt>
   <trkpt lat="47.617020000000004" lon="13.047960000000002">
    <ele>1340.7300000000002</ele>
   </trkpt>
   <trkpt lat="47.617070000000005" lon="13.047820000000002">
    <ele>1340.7300000000002</ele>
   </trkpt>
   <trkpt lat="47.617230000000006" lon="13.047540000000001">
    <ele>1337.44</ele>
   </trkpt>
   <trkpt lat="47.61759000000001" lon="13.04718">
    <ele>1330.8600000000001</ele>
   </trkpt>
   <trkpt lat="47.617670000000004" lon="13.04714">
    <ele>1330.27</ele>
   </trkpt>
   <trkpt lat="47.61773" lon="13.04715">
    <ele>1328.98</ele>
   </trkpt>
   <trkpt lat="47.61778" lon="13.047200000000002">
    <ele>1327.59</ele>
   </trkpt>
   <trkpt lat="47.618140000000004" lon="13.04776">
    <ele>1319.2100000000003</ele>
   </trkpt>
   <trkpt lat="47.61825" lon="13.04809">
    <ele>1316.8200000000002</ele>
   </trkpt>
   <trkpt lat="47.618300000000005" lon="13.04831">
    <ele>1315.49</ele>
   </trkpt>
   <trkpt lat="47.61845" lon="13.049190000000001">
    <ele>1305.8</ele>
   </trkpt>
   <trkpt lat="47.618410000000004" lon="13.049430000000001">
    <ele>1302.5600000000002</ele>
   </trkpt>
   <trkpt lat="47.618320000000004" lon="13.04958">
    <ele>1300.21</ele>
   </trkpt>
   <trkpt lat="47.61831" lon="13.049660000000001">
    <ele>1300.21</ele>
   </trkpt>
   <trkpt lat="47.618320000000004" lon="13.05">
    <ele>1296.42</ele>
   </trkpt>
   <trkpt lat="47.618300000000005" lon="13.050220000000001">
    <ele>1290.54</ele>
   </trkpt>
   <trkpt lat="47.61827" lon="13.050390000000002">
    <ele>1290.54</ele>
   </trkpt>
   <trkpt lat="47.61813" lon="13.050870000000002">
    <ele>1286.69</ele>
   </trkpt>
   <trkpt lat="47.61813" lon="13.050980000000001">
    <ele>1286.69</ele>
   </trkpt>
   <trkpt lat="47.61816" lon="13.05109">
    <ele>1281.1000000000001</ele>
   </trkpt>
   <trkpt lat="47.61824000000001" lon="13.051200000000001">
    <ele>1281.1000000000001</ele>
   </trkpt>
   <trkpt lat="47.618300000000005" lon="13.05123">
    <ele>1281.1000000000001</ele>
   </trkpt>
   <trkpt lat="47.6184" lon="13.05123">
    <ele>1279.9600000000003</ele>
   </trkpt>
   <trkpt lat="47.61847" lon="13.051150000000002">
    <ele>1277.8200000000002</ele>
   </trkpt>
   <trkpt lat="47.6186" lon="13.050910000000002">
    <ele>1274.97</ele>
   </trkpt>
   <trkpt lat="47.61867" lon="13.0509">
    <ele>1274.97</ele>
   </trkpt>
   <trkpt lat="47.61871000000001" lon="13.050930000000001">
    <ele>1274.97</ele>
   </trkpt>
   <trkpt lat="47.619130000000006" lon="13.051760000000002">
    <ele>1262.15</ele>
   </trkpt>
   <trkpt lat="47.619150000000005" lon="13.052010000000001">
    <ele>1259.63</ele>
   </trkpt>
   <trkpt lat="47.61912" lon="13.052200000000001">
    <ele>1257.68</ele>
   </trkpt>
   <trkpt lat="47.619260000000004" lon="13.05277">
    <ele>1249.88</ele>
   </trkpt>
   <trkpt lat="47.619260000000004" lon="13.05291">
    <ele>1249.88</ele>
   </trkpt>
   <trkpt lat="47.619150000000005" lon="13.05334">
    <ele>1246.5900000000001</ele>
   </trkpt>
   <trkpt lat="47.61901" lon="13.05372">
    <ele>1243.88</ele>
   </trkpt>
   <trkpt lat="47.61889" lon="13.054">
    <ele>1242.01</ele>
   </trkpt>
   <trkpt lat="47.618680000000005" lon="13.054340000000002">
    <ele>1240.3200000000002</ele>
   </trkpt>
   <trkpt lat="47.61867" lon="13.05446">
    <ele>1239.67</ele>
   </trkpt>
   <trkpt lat="47.61869" lon="13.054520000000002">
    <ele>1239.67</ele>
   </trkpt>
   <trkpt lat="47.618500000000004" lon="13.05488">
    <ele>1239.68</ele>
   </trkpt>
   <trkpt lat="47.61847" lon="13.055040000000002">
    <ele>1239.67</ele>
   </trkpt>
   <trkpt lat="47.61851" lon="13.055420000000002">
    <ele>1239.3200000000002</ele>
   </trkpt>
   <trkpt lat="47.618480000000005" lon="13.05582">
    <ele>1238.89</ele>
   </trkpt>
   <trkpt lat="47.61849" lon="13.05591">
    <ele>1238.73</ele>
   </trkpt>
   <trkpt lat="47.61862000000001" lon="13.05629">
    <ele>1238.67</ele>
   </trkpt>
   <trkpt lat="47.618700000000004" lon="13.05662">
    <ele>1238.73</ele>
   </trkpt>
   <trkpt lat="47.61869" lon="13.057150000000002">
    <ele>1239.13</ele>
   </trkpt>
   <trkpt lat="47.618700000000004" lon="13.0576">
    <ele>1239.26</ele>
   </trkpt>
   <trkpt lat="47.618660000000006" lon="13.05774">
    <ele>1239.2200000000003</ele>
   </trkpt>
   <trkpt lat="47.61835000000001" lon="13.058110000000001">
    <ele>1238.89</ele>
   </trkpt>
   <trkpt lat="47.618140000000004" lon="13.058300000000001">
    <ele>1238.75</ele>
   </trkpt>
   <trkpt lat="47.61788000000001" lon="13.0584">
    <ele>1237.53</ele>
   </trkpt>
   <trkpt lat="47.617760000000004" lon="13.058510000000002">
    <ele>1237.0700000000002</ele>
   </trkpt>
   <trkpt lat="47.61773" lon="13.058710000000001">
    <ele>1235.94</ele>
   </trkpt>
   <trkpt lat="47.617760000000004" lon="13.058900000000001">
    <ele>1234.94</ele>
   </trkpt>
   <trkpt lat="47.6182" lon="13.05921">
    <ele>1230.05</ele>
   </trkpt>
   <trkpt lat="47.618410000000004" lon="13.05943">
    <ele>1225.24</ele>
   </trkpt>
   <trkpt lat="47.61854" lon="13.05949">
    <ele>1221.95</ele>
   </trkpt>
   <trkpt lat="47.61878" lon="13.059520000000001">
    <ele>1221.95</ele>
   </trkpt>
   <trkpt lat="47.618900000000004" lon="13.05958">
    <ele>1216.43</ele>
   </trkpt>
   <trkpt lat="47.619040000000005" lon="13.059700000000001">
    <ele>1215.0800000000002</ele>
   </trkpt>
   <trkpt lat="47.619220000000006" lon="13.059920000000002">
    <ele>1211.3700000000001</ele>
   </trkpt>
   <trkpt lat="47.619310000000006" lon="13.06">
    <ele>1211.3700000000001</ele>
   </trkpt>
   <trkpt lat="47.61968" lon="13.06019">
    <ele>1202.5700000000002</ele>
   </trkpt>
   <trkpt lat="47.62033" lon="13.060730000000001">
    <ele>1192.44</ele>
   </trkpt>
   <trkpt lat="47.620450000000005" lon="13.0608">
    <ele>1192.44</ele>
   </trkpt>
   <trkpt lat="47.62064" lon="13.060870000000001">
    <ele>1188.25</ele>
   </trkpt>
   <trkpt lat="47.62075" lon="13.060950000000002">
    <ele>1184.96</ele>
   </trkpt>
   <trkpt lat="47.62086" lon="13.061090000000002">
    <ele>1184.96</ele>
   </trkpt>
   <trkpt lat="47.62089" lon="13.061190000000002">
    <ele>1182.49</ele>
   </trkpt>
   <trkpt lat="47.620900000000006" lon="13.061430000000001">
    <ele>1181.67</ele>
   </trkpt>
   <trkpt lat="47.62082" lon="13.061710000000001">
    <ele>1180.96</ele>
   </trkpt>
   <trkpt lat="47.62078" lon="13.061760000000001">
    <ele>1180.95</ele>
   </trkpt>
   <trkpt lat="47.62044" lon="13.062000000000001">
    <ele>1182.91</ele>
   </trkpt>
   <trkpt lat="47.62024" lon="13.062090000000001">
    <ele>1183.42</ele>
   </trkpt>
   <trkpt lat="47.62008" lon="13.06211">
    <ele>1182.3000000000002</ele>
   </trkpt>
   <trkpt lat="47.619240000000005" lon="13.06207">
    <ele>1175.17</ele>
   </trkpt>
   <trkpt lat="47.61918000000001" lon="13.062090000000001">
    <ele>1173.89</ele>
   </trkpt>
   <trkpt lat="47.6191" lon="13.062190000000001">
    <ele>1173.89</ele>
   </trkpt>
   <trkpt lat="47.619080000000004" lon="13.062370000000001">
    <ele>1173.42</ele>
   </trkpt>
   <trkpt lat="47.6191" lon="13.06254">
    <ele>1172.39</ele>
   </trkpt>
   <trkpt lat="47.61937" lon="13.063260000000001">
    <ele>1169.1</ele>
   </trkpt>
   <trkpt lat="47.62012000011006" lon="13.06321500063947">
    <ele>1164.86</ele>
   </trkpt>
   <trkpt lat="47.620870000000004" lon="13.063170000000001">
    <ele>1161.22</ele>
   </trkpt>
   <trkpt lat="47.621080000000006" lon="13.063200000000002">
    <ele>1158.2700000000002</ele>
   </trkpt>
   <trkpt lat="47.62127" lon="13.063260000000001">
    <ele>1158.2700000000002</ele>
   </trkpt>
   <trkpt lat="47.62153000000001" lon="13.063390000000002">
    <ele>1156.8400000000001</ele>
   </trkpt>
   <trkpt lat="47.62220000000001" lon="13.063860000000002">
    <ele>1151.93</ele>
   </trkpt>
   <trkpt lat="47.62232" lon="13.063910000000002">
    <ele>1151.93</ele>
   </trkpt>
   <trkpt lat="47.62247000000001" lon="13.063910000000002">
    <ele>1151.0200000000002</ele>
   </trkpt>
   <trkpt lat="47.622600000000006" lon="13.06385">
    <ele>1150.05</ele>
   </trkpt>
   <trkpt lat="47.62274000000001" lon="13.063740000000001">
    <ele>1148.7</ele>
   </trkpt>
   <trkpt lat="47.62288" lon="13.063540000000001">
    <ele>1146.63</ele>
   </trkpt>
   <trkpt lat="47.62297" lon="13.06328">
    <ele>1146.63</ele>
   </trkpt>
   <trkpt lat="47.62314000290834" lon="13.062460002730619">
    <ele>1141.28</ele>
   </trkpt>
   <trkpt lat="47.623310000000004" lon="13.06164">
    <ele>1138.8200000000002</ele>
   </trkpt>
   <trkpt lat="47.62333" lon="13.061240000000002">
    <ele>1134.13</ele>
   </trkpt>
   <trkpt lat="47.623310000000004" lon="13.060860000000002">
    <ele>1132.3700000000001</ele>
   </trkpt>
   <trkpt lat="47.623090000000005" lon="13.059610000000001">
    <ele>1125.38</ele>
   </trkpt>
   <trkpt lat="47.623090000000005" lon="13.059360000000002">
    <ele>1125.38</ele>
   </trkpt>
   <trkpt lat="47.62315" lon="13.059190000000001">
    <ele>1122.74</ele>
   </trkpt>
   <trkpt lat="47.62344000174039" lon="13.058550003637235">
    <ele>1117.95</ele>
   </trkpt>
   <trkpt lat="47.62373" lon="13.057910000000001">
    <ele>1115.18</ele>
   </trkpt>
   <trkpt lat="47.623900000000006" lon="13.057680000000001">
    <ele>1115.18</ele>
   </trkpt>
   <trkpt lat="47.62431" lon="13.057340000000002">
    <ele>1109.2900000000002</ele>
   </trkpt>
   <trkpt lat="47.624430000000004" lon="13.05718">
    <ele>1109.2900000000002</ele>
   </trkpt>
   <trkpt lat="47.62451" lon="13.057020000000001">
    <ele>1109.2900000000002</ele>
   </trkpt>
   <trkpt lat="47.624570000000006" lon="13.056750000000001">
    <ele>1106.99</ele>
   </trkpt>
   <trkpt lat="47.624550000000006" lon="13.055610000000001">
    <ele>1100.93</ele>
   </trkpt>
   <trkpt lat="47.62458" lon="13.055430000000001">
    <ele>1100.24</ele>
   </trkpt>
   <trkpt lat="47.624680000000005" lon="13.055180000000002">
    <ele>1100.24</ele>
   </trkpt>
   <trkpt lat="47.625150000000005" lon="13.054150000000002">
    <ele>1092.0700000000002</ele>
   </trkpt>
   <trkpt lat="47.625310000000006" lon="13.0539">
    <ele>1089.48</ele>
   </trkpt>
   <trkpt lat="47.62545" lon="13.053770000000002">
    <ele>1089.48</ele>
   </trkpt>
   <trkpt lat="47.62587500048674" lon="13.053450002570358">
    <ele>1085.64</ele>
   </trkpt>
   <trkpt lat="47.6263" lon="13.053130000000001">
    <ele>1084.6</ele>
   </trkpt>
   <trkpt lat="47.62679000000001" lon="13.05272">
    <ele>1078.7600000000002</ele>
   </trkpt>
   <trkpt lat="47.627050000000004" lon="13.0524">
    <ele>1075.66</ele>
   </trkpt>
   <trkpt lat="47.62751" lon="13.05131">
    <ele>1069.55</ele>
   </trkpt>
   <trkpt lat="47.627570000000006" lon="13.051210000000001">
    <ele>1068.87</ele>
   </trkpt>
   <trkpt lat="47.62767" lon="13.051150000000002">
    <ele>1067.75</ele>
   </trkpt>
   <trkpt lat="47.627790000000005" lon="13.051150000000002">
    <ele>1066.7900000000002</ele>
   </trkpt>
   <trkpt lat="47.627840000000006" lon="13.05118">
    <ele>1065.28</ele>
   </trkpt>
   <trkpt lat="47.62792" lon="13.05128">
    <ele>1064.1900000000003</ele>
   </trkpt>
   <trkpt lat="47.627970000000005" lon="13.05142">
    <ele>1064.1900000000003</ele>
   </trkpt>
   <trkpt lat="47.627990000000004" lon="13.0516">
    <ele>1061.3300000000002</ele>
   </trkpt>
   <trkpt lat="47.6279550031077" lon="13.052445000438402">
    <ele>1056.04</ele>
   </trkpt>
   <trkpt lat="47.62792" lon="13.05329">
    <ele>1047.7</ele>
   </trkpt>
   <trkpt lat="47.627950000000006" lon="13.053740000000001">
    <ele>1043.47</ele>
   </trkpt>
   <trkpt lat="47.628150000000005" lon="13.054780000000001">
    <ele>1035.93</ele>
   </trkpt>
   <trkpt lat="47.628170000000004" lon="13.055140000000002">
    <ele>1033.47</ele>
   </trkpt>
   <trkpt lat="47.628150000000005" lon="13.055390000000001">
    <ele>1031.25</ele>
   </trkpt>
   <trkpt lat="47.62796" lon="13.056070000000002">
    <ele>1026.63</ele>
   </trkpt>
   <trkpt lat="47.62796" lon="13.056320000000001">
    <ele>1025.16</ele>
   </trkpt>
   <trkpt lat="47.627990000000004" lon="13.056420000000001">
    <ele>1025.16</ele>
   </trkpt>
   <trkpt lat="47.62807" lon="13.056510000000001">
    <ele>1021.4500000000002</ele>
   </trkpt>
   <trkpt lat="47.62820000000001" lon="13.05658">
    <ele>1021.4500000000002</ele>
   </trkpt>
   <trkpt lat="47.62839" lon="13.056500000000002">
    <ele>1019.83</ele>
   </trkpt>
   <trkpt lat="47.62898500431147" lon="13.055510011182301">
    <ele>1009.26</ele>
   </trkpt>
   <trkpt lat="47.629580000000004" lon="13.054520000000002">
    <ele>998.0000000000001</ele>
   </trkpt>
   <trkpt lat="47.629740000000005" lon="13.054170000000001">
    <ele>995.09</ele>
   </trkpt>
   <trkpt lat="47.62995" lon="13.053320000000001">
    <ele>990.62</ele>
   </trkpt>
   <trkpt lat="47.63002" lon="13.053030000000001">
    <ele>990.1700000000001</ele>
   </trkpt>
   <trkpt lat="47.63011" lon="13.05287">
    <ele>989.7800000000001</ele>
   </trkpt>
   <trkpt lat="47.63017000000001" lon="13.052840000000002">
    <ele>989.8100000000001</ele>
   </trkpt>
   <trkpt lat="47.630250000000004" lon="13.052840000000002">
    <ele>989.59</ele>
   </trkpt>
   <trkpt lat="47.63031" lon="13.052890000000001">
    <ele>989.59</ele>
   </trkpt>
   <trkpt lat="47.630370000000006" lon="13.053080000000001">
    <ele>987.0000000000001</ele>
   </trkpt>
   <trkpt lat="47.630300000000005" lon="13.053970000000001">
    <ele>982.3600000000001</ele>
   </trkpt>
   <trkpt lat="47.630300000000005" lon="13.054200000000002">
    <ele>980.3600000000001</ele>
   </trkpt>
   <trkpt lat="47.63033" lon="13.054480000000002">
    <ele>977.1700000000001</ele>
   </trkpt>
   <trkpt lat="47.630370000000006" lon="13.0546">
    <ele>975.95</ele>
   </trkpt>
   <trkpt lat="47.63061000129397" lon="13.05516499718634">
    <ele>970.4100000000001</ele>
   </trkpt>
   <trkpt lat="47.63085" lon="13.05573">
    <ele>966.49</ele>
   </trkpt>
   <trkpt lat="47.63098" lon="13.055740000000002">
    <ele>966.2900000000001</ele>
   </trkpt>
   <trkpt lat="47.63103" lon="13.05572">
    <ele>966.2900000000001</ele>
   </trkpt>
   <trkpt lat="47.63111000000001" lon="13.055600000000002">
    <ele>966.34</ele>
   </trkpt>
   <trkpt lat="47.631195003319334" lon="13.05472500149786">
    <ele>966.82</ele>
   </trkpt>
   <trkpt lat="47.631280000000004" lon="13.05385">
    <ele>967.9700000000001</ele>
   </trkpt>
   <trkpt lat="47.631260000000005" lon="13.053440000000002">
    <ele>968.22</ele>
   </trkpt>
   <trkpt lat="47.631150000000005" lon="13.05278">
    <ele>968.7800000000001</ele>
   </trkpt>
   <trkpt lat="47.63114" lon="13.052570000000001">
    <ele>968.79</ele>
   </trkpt>
   <trkpt lat="47.631170000000004" lon="13.052330000000001">
    <ele>968.7500000000001</ele>
   </trkpt>
   <trkpt lat="47.631260000000005" lon="13.05193">
    <ele>968.2900000000001</ele>
   </trkpt>
   <trkpt lat="47.63145" lon="13.05128">
    <ele>966.45</ele>
   </trkpt>
   <trkpt lat="47.6315" lon="13.050930000000001">
    <ele>965.9200000000001</ele>
   </trkpt>
   <trkpt lat="47.63152001272247" lon="13.049720000947776">
    <ele>964.49</ele>
   </trkpt>
   <trkpt lat="47.631540012722105" lon="13.048510000969125">
    <ele>963.67</ele>
   </trkpt>
   <trkpt lat="47.63156000000001" lon="13.047300000000002">
    <ele>963.9700000000001</ele>
   </trkpt>
   <trkpt lat="47.63145" lon="13.046360000000002">
    <ele>965.6300000000001</ele>
   </trkpt>
   <trkpt lat="47.631255007113275" lon="13.045079995188066">
    <ele>963.0300000000001</ele>
   </trkpt>
   <trkpt lat="47.631060000000005" lon="13.043800000000001">
    <ele>959.9300000000001</ele>
   </trkpt>
   <trkpt lat="47.630950000000006" lon="13.04344">
    <ele>959.7800000000001</ele>
   </trkpt>
   <trkpt lat="47.63083" lon="13.04316">
    <ele>959.7500000000001</ele>
   </trkpt>
   <trkpt lat="47.630520000000004" lon="13.04268">
    <ele>960.8900000000001</ele>
   </trkpt>
   <trkpt lat="47.63047" lon="13.042580000000001">
    <ele>961.0200000000001</ele>
   </trkpt>
   <trkpt lat="47.630520000000004" lon="13.042430000000001">
    <ele>961.07</ele>
   </trkpt>
   <trkpt lat="47.63049" lon="13.04231">
    <ele>960.86</ele>
   </trkpt>
   <trkpt lat="47.63042" lon="13.042240000000001">
    <ele>960.86</ele>
   </trkpt>
   <trkpt lat="47.630340000000004" lon="13.041970000000001">
    <ele>960.3900000000001</ele>
   </trkpt>
   <trkpt lat="47.630280000000006" lon="13.041640000000001">
    <ele>959.61</ele>
   </trkpt>
   <trkpt lat="47.630160000000004" lon="13.04127">
    <ele>958.4300000000001</ele>
   </trkpt>
   <trkpt lat="47.63006000000001" lon="13.040750000000001">
    <ele>953.3000000000001</ele>
   </trkpt>
   <trkpt lat="47.630105002014886" lon="13.040065000953257">
    <ele>947.6700000000001</ele>
   </trkpt>
   <trkpt lat="47.63015" lon="13.039380000000001">
    <ele>941.5700000000002</ele>
   </trkpt>
   <trkpt lat="47.63013" lon="13.03884">
    <ele>939.34</ele>
   </trkpt>
   <trkpt lat="47.630140000000004" lon="13.03875">
    <ele>939.46</ele>
   </trkpt>
   <trkpt lat="47.630190000000006" lon="13.038670000000002">
    <ele>937.2600000000001</ele>
   </trkpt>
   <trkpt lat="47.63024" lon="13.038630000000001">
    <ele>937.2600000000001</ele>
   </trkpt>
   <trkpt lat="47.63045" lon="13.03855">
    <ele>932.6200000000001</ele>
   </trkpt>
   <trkpt lat="47.63100000000001" lon="13.03856">
    <ele>923.6200000000001</ele>
   </trkpt>
   <trkpt lat="47.63112" lon="13.03861">
    <ele>923.6200000000001</ele>
   </trkpt>
   <trkpt lat="47.631190000000004" lon="13.038670000000002">
    <ele>919.57</ele>
   </trkpt>
   <trkpt lat="47.63148" lon="13.039140000000002">
    <ele>915.2900000000001</ele>
   </trkpt>
   <trkpt lat="47.63159" lon="13.03922">
    <ele>912.08</ele>
   </trkpt>
   <trkpt lat="47.63168" lon="13.039240000000001">
    <ele>910.8600000000001</ele>
   </trkpt>
   <trkpt lat="47.63192" lon="13.03921">
    <ele>908.11</ele>
   </trkpt>
   <trkpt lat="47.632180000000005" lon="13.039230000000002">
    <ele>905.05</ele>
   </trkpt>
   <trkpt lat="47.63232000000001" lon="13.0393">
    <ele>904.1800000000001</ele>
   </trkpt>
   <trkpt lat="47.63237" lon="13.03935">
    <ele>902.7900000000001</ele>
   </trkpt>
   <trkpt lat="47.632450000000006" lon="13.039460000000002">
    <ele>902.7900000000001</ele>
   </trkpt>
   <trkpt lat="47.63250000000001" lon="13.03959">
    <ele>900.87</ele>
   </trkpt>
   <trkpt lat="47.63259" lon="13.039700000000002">
    <ele>899.35</ele>
   </trkpt>
   <trkpt lat="47.63273" lon="13.03973">
    <ele>899.35</ele>
   </trkpt>
   <trkpt lat="47.632920000000006" lon="13.039660000000001">
    <ele>896.6200000000001</ele>
   </trkpt>
   <trkpt lat="47.633" lon="13.039650000000002">
    <ele>894.0000000000001</ele>
   </trkpt>
   <trkpt lat="47.633070000000004" lon="13.039670000000001">
    <ele>894.0000000000001</ele>
   </trkpt>
   <trkpt lat="47.6332" lon="13.039750000000002">
    <ele>892.35</ele>
   </trkpt>
   <trkpt lat="47.633480000000006" lon="13.040000000000001">
    <ele>887.4000000000001</ele>
   </trkpt>
   <trkpt lat="47.633570000000006" lon="13.04005">
    <ele>887.4000000000001</ele>
   </trkpt>
   <trkpt lat="47.63365" lon="13.040020000000002">
    <ele>884.71</ele>
   </trkpt>
   <trkpt lat="47.633680000000005" lon="13.03997">
    <ele>884.71</ele>
   </trkpt>
   <trkpt lat="47.633700000000005" lon="13.03991">
    <ele>884.71</ele>
   </trkpt>
   <trkpt lat="47.63369" lon="13.03978">
    <ele>884.71</ele>
   </trkpt>
   <trkpt lat="47.633390000000006" lon="13.039000000000001">
    <ele>870.9300000000001</ele>
   </trkpt>
   <trkpt lat="47.633320000000005" lon="13.03875">
    <ele>868.7800000000001</ele>
   </trkpt>
   <trkpt lat="47.63322" lon="13.038210000000001">
    <ele>862.8100000000001</ele>
   </trkpt>
   <trkpt lat="47.633120000000005" lon="13.038030000000001">
    <ele>859.72</ele>
   </trkpt>
   <trkpt lat="47.63289" lon="13.037730000000002">
    <ele>856.82</ele>
   </trkpt>
   <trkpt lat="47.632850000000005" lon="13.037600000000001">
    <ele>856.9300000000001</ele>
   </trkpt>
   <trkpt lat="47.632850000000005" lon="13.037460000000001">
    <ele>856.9300000000001</ele>
   </trkpt>
   <trkpt lat="47.632870000000004" lon="13.03739">
    <ele>852.6700000000001</ele>
   </trkpt>
   <trkpt lat="47.633010000000006" lon="13.037120000000002">
    <ele>849.95</ele>
   </trkpt>
   <trkpt lat="47.63304" lon="13.037030000000001">
    <ele>849.95</ele>
   </trkpt>
   <trkpt lat="47.63317000000001" lon="13.035960000000001">
    <ele>842.5</ele>
   </trkpt>
   <trkpt lat="47.633190000000006" lon="13.035380000000002">
    <ele>836.95</ele>
   </trkpt>
   <trkpt lat="47.63326000000001" lon="13.034690000000001">
    <ele>829.8700000000001</ele>
   </trkpt>
   <trkpt lat="47.633210000000005" lon="13.033650000000002">
    <ele>820.8100000000001</ele>
   </trkpt>
   <trkpt lat="47.63318" lon="13.032430000000002">
    <ele>810.0600000000001</ele>
   </trkpt>
   <trkpt lat="47.633120000000005" lon="13.032000000000002">
    <ele>807.44</ele>
   </trkpt>
   <trkpt lat="47.63298" lon="13.03152">
    <ele>803.03</ele>
   </trkpt>
   <trkpt lat="47.63291" lon="13.031350000000002">
    <ele>799.8100000000001</ele>
   </trkpt>
   <trkpt lat="47.63271" lon="13.031">
    <ele>798.1700000000001</ele>
   </trkpt>
   <trkpt lat="47.632250000000006" lon="13.030470000000001">
    <ele>793.44</ele>
   </trkpt>
   <trkpt lat="47.6321" lon="13.030270000000002">
    <ele>792.63</ele>
   </trkpt>
   <trkpt lat="47.63203000000001" lon="13.030120000000002">
    <ele>792.63</ele>
   </trkpt>
   <trkpt lat="47.631890000000006" lon="13.029660000000002">
    <ele>786.39</ele>
   </trkpt>
   <trkpt lat="47.631730000000005" lon="13.029230000000002">
    <ele>784.82</ele>
   </trkpt>
   <trkpt lat="47.63156000000001" lon="13.028820000000001">
    <ele>782.1800000000001</ele>
   </trkpt>
   <trkpt lat="47.631400000000006" lon="13.02851">
    <ele>780.4200000000001</ele>
   </trkpt>
   <trkpt lat="47.63123" lon="13.02824">
    <ele>778.24</ele>
   </trkpt>
   <trkpt lat="47.63109" lon="13.028170000000001">
    <ele>776.8100000000001</ele>
   </trkpt>
   <trkpt lat="47.63089" lon="13.028200000000002">
    <ele>774.1</ele>
   </trkpt>
   <trkpt lat="47.63078" lon="13.028170000000001">
    <ele>772.8600000000001</ele>
   </trkpt>
   <trkpt lat="47.63073000000001" lon="13.02813">
    <ele>771.49</ele>
   </trkpt>
   <trkpt lat="47.63065" lon="13.027970000000002">
    <ele>769.96</ele>
   </trkpt>
   <trkpt lat="47.630610000000004" lon="13.02777">
    <ele>767.4000000000001</ele>
   </trkpt>
   <trkpt lat="47.630610000000004" lon="13.027650000000001">
    <ele>765.5600000000001</ele>
   </trkpt>
   <trkpt lat="47.630680000000005" lon="13.02739">
    <ele>760.9</ele>
   </trkpt>
   <trkpt lat="47.630750000000006" lon="13.027280000000001">
    <ele>760.9</ele>
   </trkpt>
   <trkpt lat="47.63100000000001" lon="13.027030000000002">
    <ele>753.59</ele>
   </trkpt>
   <trkpt lat="47.63111000000001" lon="13.026850000000001">
    <ele>748.62</ele>
   </trkpt>
   <trkpt lat="47.631170000000004" lon="13.026610000000002">
    <ele>743.53</ele>
   </trkpt>
   <trkpt lat="47.631170000000004" lon="13.026340000000001">
    <ele>741.5400000000001</ele>
   </trkpt>
   <trkpt lat="47.63105000537605" lon="13.025229997660873">
    <ele>726.0500000000001</ele>
   </trkpt>
   <trkpt lat="47.630930000000006" lon="13.024120000000002">
    <ele>717.98</ele>
   </trkpt>
   <trkpt lat="47.63094" lon="13.023750000000001">
    <ele>714.7800000000001</ele>
   </trkpt>
   <trkpt lat="47.63102000000001" lon="13.023510000000002">
    <ele>713.21</ele>
   </trkpt>
   <trkpt lat="47.6313" lon="13.02307">
    <ele>708.62</ele>
   </trkpt>
   <trkpt lat="47.631600000000006" lon="13.022260000000001">
    <ele>701.97</ele>
   </trkpt>
   <trkpt lat="47.631620000000005" lon="13.022160000000001">
    <ele>701.97</ele>
   </trkpt>
   <trkpt lat="47.63163" lon="13.021960000000002">
    <ele>699.8000000000001</ele>
   </trkpt>
   <trkpt lat="47.63156000000001" lon="13.02167">
    <ele>694.1600000000001</ele>
   </trkpt>
   <trkpt lat="47.63139" lon="13.02128">
    <ele>692.34</ele>
   </trkpt>
   <trkpt lat="47.63129000000001" lon="13.02091">
    <ele>686.64</ele>
   </trkpt>
   <trkpt lat="47.63116" lon="13.020600000000002">
    <ele>686.64</ele>
   </trkpt>
   <trkpt lat="47.63116" lon="13.0204">
    <ele>683.7200000000001</ele>
   </trkpt>
   <trkpt lat="47.63118" lon="13.020270000000002">
    <ele>681.86</ele>
   </trkpt>
   <trkpt lat="47.63121" lon="13.0202">
    <ele>681.86</ele>
   </trkpt>
   <trkpt lat="47.63148" lon="13.019870000000001">
    <ele>675.86</ele>
   </trkpt>
   <trkpt lat="47.631550000000004" lon="13.019620000000002">
    <ele>675.86</ele>
   </trkpt>
   <trkpt lat="47.631550000000004" lon="13.01945">
    <ele>673.7700000000001</ele>
   </trkpt>
   <trkpt lat="47.631440000000005" lon="13.019020000000001">
    <ele>670.44</ele>
   </trkpt>
   <trkpt lat="47.631420000000006" lon="13.018880000000001">
    <ele>669.2300000000001</ele>
   </trkpt>
   <trkpt lat="47.63139500216874" lon="13.018174999922184">
    <ele>666.0100000000001</ele>
   </trkpt>
   <trkpt lat="47.631370000000004" lon="13.017470000000001">
    <ele>662.5600000000001</ele>
   </trkpt>
   <trkpt lat="47.63138000000001" lon="13.017130000000002">
    <ele>660.45</ele>
   </trkpt>
   <trkpt lat="47.631400000000006" lon="13.016990000000002">
    <ele>660.45</ele>
   </trkpt>
   <trkpt lat="47.631550000000004" lon="13.016440000000001">
    <ele>658.51</ele>
   </trkpt>
   <trkpt lat="47.63172" lon="13.016060000000001">
    <ele>654.81</ele>
   </trkpt>
   <trkpt lat="47.631820000000005" lon="13.015880000000001">
    <ele>651.42</ele>
   </trkpt>
   <trkpt lat="47.631890000000006" lon="13.0157">
    <ele>651.42</ele>
   </trkpt>
   <trkpt lat="47.63203000000001" lon="13.015110000000002">
    <ele>644.98</ele>
   </trkpt>
   <trkpt lat="47.632360000000006" lon="13.014040000000001">
    <ele>637.4300000000001</ele>
   </trkpt>
   <trkpt lat="47.63242" lon="13.013770000000001">
    <ele>635.39</ele>
   </trkpt>
   <trkpt lat="47.632470000000005" lon="13.013290000000001">
    <ele>628.69</ele>
   </trkpt>
   <trkpt lat="47.63244" lon="13.012830000000001">
    <ele>626.5500000000001</ele>
   </trkpt>
   <trkpt lat="47.632400000000004" lon="13.012550000000001">
    <ele>621.34</ele>
   </trkpt>
   <trkpt lat="47.632290000000005" lon="13.01223">
    <ele>615.63</ele>
   </trkpt>
   <trkpt lat="47.632110000000004" lon="13.011890000000001">
    <ele>612.87</ele>
   </trkpt>
   <trkpt lat="47.63186" lon="13.011560000000001">
    <ele>606.87</ele>
   </trkpt>
   <trkpt lat="47.631750000000004" lon="13.011510000000001">
    <ele>606.87</ele>
   </trkpt>
   <trkpt lat="47.631600000000006" lon="13.011500000000002">
    <ele>603.57</ele>
   </trkpt>
   <trkpt lat="47.63152" lon="13.011460000000001">
    <ele>602.08</ele>
   </trkpt>
   <trkpt lat="47.63147000000001" lon="13.01134">
    <ele>602.08</ele>
   </trkpt>
   <trkpt lat="47.63134" lon="13.01064">
    <ele>592.77</ele>
   </trkpt>
   <trkpt lat="47.63123" lon="13.01035">
    <ele>590.95</ele>
   </trkpt>
   <trkpt lat="47.631150000000005" lon="13.01021">
    <ele>589.52</ele>
   </trkpt>
   <trkpt lat="47.63105" lon="13.01013">
    <ele>588.53</ele>
   </trkpt>
   <trkpt lat="47.63082000000001" lon="13.010060000000001">
    <ele>584.83</ele>
   </trkpt>
   <trkpt lat="47.63076" lon="13.01002">
    <ele>584.83</ele>
   </trkpt>
   <trkpt lat="47.63069" lon="13.009920000000001">
    <ele>581.0600000000001</ele>
   </trkpt>
   <trkpt lat="47.630630000000004" lon="13.009640000000001">
    <ele>577.9000000000001</ele>
   </trkpt>
   <trkpt lat="47.630570000000006" lon="13.008740000000001">
    <ele>568.57</ele>
   </trkpt>
   <trkpt lat="47.63049" lon="13.00824">
    <ele>561.0200000000001</ele>
   </trkpt>
   <trkpt lat="47.630430000000004" lon="13.00797">
    <ele>557.4300000000001</ele>
   </trkpt>
   <trkpt lat="47.63038" lon="13.007850000000001">
    <ele>557.4300000000001</ele>
   </trkpt>
   <trkpt lat="47.63018" lon="13.007530000000001">
    <ele>549.8000000000001</ele>
   </trkpt>
   <trkpt lat="47.630140000000004" lon="13.007380000000001">
    <ele>549.8000000000001</ele>
   </trkpt>
   <trkpt lat="47.63015" lon="13.00717">
    <ele>547.1400000000001</ele>
   </trkpt>
   <trkpt lat="47.630280000000006" lon="13.006730000000001">
    <ele>544.91</ele>
   </trkpt>
   <trkpt lat="47.63042" lon="13.00637">
    <ele>544.1</ele>
   </trkpt>
   <trkpt lat="47.630480000000006" lon="13.006250000000001">
    <ele>543.95</ele>
   </trkpt>
   <trkpt lat="47.630590000000005" lon="13.006100000000002">
    <ele>539.3100000000001</ele>
   </trkpt>
   <trkpt lat="47.63018" lon="13.00557">
    <ele>539.42</ele>
   </trkpt>
   <trkpt lat="47.629870000000004" lon="13.0051">
    <ele>539.46</ele>
   </trkpt>
   <trkpt lat="47.629760000000005" lon="13.004890000000001">
    <ele>539.49</ele>
   </trkpt>
  </trkseg>
 </trk>
</gpx>
